Step,Equity
0,100000.0
1,100000.0
2,100000.0
3,100000.0
4,100000.0
5,100000.0
6,100000.0
7,100000.0
8,100000.0
9,100000.0
10,100000.0
11,100000.0
12,100000.0
13,100000.0
14,100000.0
15,100000.0
16,100000.0
17,100000.0
18,100000.0
19,100000.0
20,100000.0
21,100000.0
22,100000.0
23,100000.0
24,100000.0
25,100000.0
26,100000.0
27,100000.0
28,100000.0
29,100000.0
30,100000.0
31,100000.0
32,100000.0
33,100000.0
34,100000.0
35,100000.0
36,100000.0
37,100000.0
38,100000.0
39,100000.0
40,100000.0
41,100000.0
42,100000.0
43,100000.0
44,100000.0
45,100000.0
46,100000.0
47,100000.0
48,100000.0
49,100000.0
50,100000.0
51,100000.0
52,100000.0
53,100000.0
54,100000.0
55,100000.0
56,100000.0
57,100000.0
58,100000.0
59,100000.0
60,100000.0
61,100000.0
62,100000.0
63,100000.0
64,100000.0
65,100000.0
66,100000.0
67,100000.0
68,100000.0
69,100000.0
70,100000.0
71,100000.0
72,100000.0
73,100000.0
74,100000.0
75,100000.0
76,100000.0
77,100000.0
78,100000.0
79,100000.0
80,100000.0
81,100000.0
82,100000.0
83,100000.0
84,100000.0
85,100000.0
86,100000.0
87,100000.0
88,100000.0
89,100000.0
90,100000.0
91,100000.0
92,100000.0
93,100000.0
94,100000.0
95,100000.0
96,100000.0
97,100000.0
98,100000.0
99,100000.0
100,100000.0
101,100000.0
102,100000.0
103,100000.0
104,100000.0
105,100000.0
106,100000.0
107,100000.0
108,100000.0
109,100000.0
110,100000.0
111,100000.0
112,100000.0
113,100000.0
114,100000.0
115,100000.0
116,100000.0
117,100000.0
118,100000.0
119,100000.0
120,100000.0
121,100000.0
122,100000.0
123,100000.0
124,100000.0
125,100000.0
126,100000.0
127,100000.0
128,100000.0
129,100000.0
130,100000.0
131,100000.0
132,100000.0
133,100000.0
134,100000.0
135,100000.0
136,100000.0
137,100000.0
138,100000.0
139,100000.0
140,100000.0
141,100000.0
142,100000.0
143,100000.0
144,100000.0
145,100000.0
146,100000.0
147,100000.0
148,100000.0
149,100000.0
150,100000.0
151,100000.0
152,100000.0
153,100000.0
154,100000.0
155,100000.0
156,100000.0
157,100000.0
158,100000.0
159,100000.0
160,100000.0
161,100000.0
162,100000.0
163,100000.0
164,100000.0
165,100000.0
166,100000.0
167,100000.0
168,100000.0
169,100000.0
170,100000.0
171,100000.0
172,100000.0
173,100000.0
174,100000.0
175,100000.0
176,100000.0
177,100000.0
178,100000.0
179,100000.0
180,100000.0
181,100000.0
182,100000.0
183,100000.0
184,100000.0
185,100000.0
186,100000.0
187,100000.0
188,100000.0
189,100000.0
190,100000.0
191,100000.0
192,100000.0
193,100000.0
194,100000.0
195,100000.0
196,100000.0
197,100000.0
198,100000.0
199,100000.0
200,100000.0
201,100000.0
202,100000.0
203,100000.0
204,100000.0
205,100000.0
206,100000.0
207,100000.0
208,100000.0
209,100000.0
210,100000.0
211,100000.0
212,100000.0
213,100000.0
214,100000.0
215,100000.0
216,100000.0
217,100000.0
218,100000.0
219,100000.0
220,100000.0
221,100000.0
222,100000.0
223,100000.0
224,100000.0
225,100000.0
226,100000.0
227,100000.0
228,100000.0
229,100000.0
230,100000.0
231,100000.0
232,100000.0
233,100000.0
234,100000.0
235,100000.0
236,100000.0
237,100000.0
238,100000.0
239,100000.0
240,100000.0
241,100000.0
242,100000.0
243,100000.0
244,100000.0
245,100000.0
246,100000.0
247,100000.0
248,100000.0
249,100000.0
250,100000.0
251,100000.0
252,100000.0
253,100000.0
254,100000.0
255,100000.0
256,100000.0
257,100000.0
258,100000.0
259,100000.0
260,100000.0
261,100000.0
262,100000.0
263,100000.0
264,100000.0
265,100000.0
266,100000.0
267,100000.0
268,100000.0
269,100000.0
270,100000.0
271,100000.0
272,100000.0
273,100000.0
274,100000.0
275,100000.0
276,100000.0
277,100000.0
278,100000.0
279,100000.0
280,100000.0
281,100000.0
282,100000.0
283,100000.0
284,100000.0
285,100000.0
286,100000.0
287,100000.0
288,100000.0
289,100000.0
290,100000.0
291,100000.0
292,100000.0
293,100000.0
294,100000.0
295,100000.0
296,100000.0
297,100000.0
298,100000.0
299,100000.0
300,100000.0
301,100000.0
302,100000.0
303,100000.0
304,100000.0
305,100000.0
306,100000.0
307,100000.0
308,100000.0
309,100000.0
310,100000.0
311,100000.0
312,100000.0
313,100000.0
314,100000.0
315,100000.0
316,100000.0
317,100000.0
318,100000.0
319,100000.0
320,100000.0
321,100000.0
322,100000.0
323,100000.0
324,100000.0
325,100000.0
326,100000.0
327,100000.0
328,100000.0
329,100000.0
330,100000.0
331,100000.0
332,100000.0
333,100000.0
334,100000.0
335,100000.0
336,100000.0
337,100000.0
338,100000.0
339,100000.0
340,100000.0
341,100000.0
342,100000.0
343,100000.0
344,100000.0
345,100000.0
346,100000.0
347,100000.0
348,100000.0
349,100000.0
350,100000.0
351,100000.0
352,100000.0
353,100000.0
354,100000.0
355,100000.0
356,100000.0
357,100000.0
358,100000.0
359,100000.0
360,100000.0
361,100000.0
362,100000.0
363,100000.0
364,100000.0
365,100000.0
366,100000.0
367,100000.0
368,100000.0
369,100000.0
370,100000.0
371,100000.0
372,100000.0
373,100000.0
374,100000.0
375,100000.0
376,100000.0
377,100000.0
378,100000.0
379,100000.0
380,100000.0
381,100000.0
382,100000.0
383,100000.0
384,100000.0
385,100000.0
386,100000.0
387,100000.0
388,100000.0
389,100000.0
390,100000.0
391,100000.0
392,100000.0
393,100000.0
394,100000.0
395,100000.0
396,100000.0
397,100000.0
398,100000.0
399,100000.0
400,100000.0
401,100000.0
402,100000.0
403,100000.0
404,100000.0
405,100000.0
406,100000.0
407,100000.0
408,100000.0
409,100000.0
410,100000.0
411,100000.0
412,100000.0
413,100000.0
414,100000.0
415,100000.0
416,100000.0
417,100000.0
418,100000.0
419,100000.0
420,100000.0
421,100000.0
422,100000.0
423,100000.0
424,100000.0
425,100000.0
426,100000.0
427,100000.0
428,100000.0
429,100000.0
430,100000.0
431,100000.0
432,100000.0
433,100000.0
434,100000.0
435,100000.0
436,100000.0
437,100000.0
438,100000.0
439,100000.0
440,100000.0
441,100000.0
442,100000.0
443,100000.0
444,100000.0
445,100000.0
446,100000.0
447,100000.0
448,100000.0
449,100000.0
450,100000.0
451,100000.0
452,100000.0
453,100000.0
454,100000.0
455,100000.0
456,100000.0
457,100000.0
458,100000.0
459,100000.0
460,100000.0
461,100000.0
462,100000.0
463,100000.0
464,100000.0
465,100000.0
466,100000.0
467,100000.0
468,100000.0
469,100000.0
470,100000.0
471,100000.0
472,100000.0
473,100000.0
474,100000.0
475,100000.0
476,100000.0
477,100000.0
478,100000.0
479,100000.0
480,100000.0
481,100000.0
482,100000.0
483,100000.0
484,100000.0
485,100000.0
486,100000.0
487,100000.0
488,100000.0
489,100000.0
490,100000.0
491,100000.0
492,100000.0
493,100000.0
494,100000.0
495,100000.0
496,100000.0
497,100000.0
498,100000.0
499,100000.0
500,100000.0
501,100000.0
502,100000.0
503,100000.0
504,100000.0
505,100000.0
506,100000.0
507,100000.0
508,100000.0
509,100000.0
510,100000.0
511,100000.0
512,100000.0
513,100000.0
514,100000.0
515,100000.0
516,100000.0
517,100000.0
518,100000.0
519,100000.0
520,100000.0
521,100000.0
522,100000.0
523,100000.0
524,100000.0
525,100000.0
526,100000.0
527,100000.0
528,100000.0
529,100000.0
530,100000.0
531,100000.0
532,100000.0
533,100000.0
534,100000.0
535,100000.0
536,100000.0
537,100000.0
538,100000.0
539,100000.0
540,100000.0
541,100000.0
542,100000.0
543,100000.0
544,100000.0
545,100000.0
546,100000.0
547,100000.0
548,100000.0
549,100000.0
550,100000.0
551,100000.0
552,100000.0
553,100000.0
554,100000.0
555,100000.0
556,100000.0
557,100000.0
558,100000.0
559,100000.0
560,100000.0
561,100000.0
562,100000.0
563,100000.0
564,100000.0
565,100000.0
566,100000.0
567,100000.0
568,100000.0
569,100000.0
570,100000.0
571,100000.0
572,100000.0
573,100000.0
574,100000.0
575,100000.0
576,100000.0
577,100000.0
578,100000.0
579,100000.0
580,100000.0
581,100000.0
582,100000.0
583,100000.0
584,100000.0
585,100000.0
586,100000.0
587,100000.0
588,100000.0
589,100000.0
590,100000.0
591,100000.0
592,100000.0
593,100000.0
594,100000.0
595,100000.0
596,100000.0
597,100000.0
598,100000.0
599,100000.0
600,100000.0
601,100000.0
602,100000.0
603,100000.0
604,100000.0
605,100000.0
606,100000.0
607,100000.0
608,100000.0
609,100000.0
610,100000.0
611,100000.0
612,100000.0
613,100000.0
614,100000.0
615,100000.0
616,100000.0
617,100000.0
618,100000.0
619,100000.0
620,100000.0
621,100000.0
622,100000.0
623,100000.0
624,100000.0
625,100000.0
626,100000.0
627,100000.0
628,100000.0
629,100000.0
630,100000.0
631,100000.0
632,100000.0
633,100000.0
634,100000.0
635,100000.0
636,100000.0
637,100000.0
638,100000.0
639,100000.0
640,100000.0
641,100000.0
642,100000.0
643,100000.0
644,100000.0
645,100000.0
646,100000.0
647,100000.0
648,100000.0
649,100000.0
650,100000.0
651,100000.0
652,100000.0
653,100000.0
654,100000.0
655,100000.0
656,100000.0
657,100000.0
658,100000.0
659,100000.0
660,100000.0
661,100000.0
662,100000.0
663,100000.0
664,100000.0
665,100000.0
666,100000.0
667,100000.0
668,100000.0
669,100000.0
670,100000.0
671,100000.0
672,100000.0
673,100000.0
674,100000.0
675,100000.0
676,100000.0
677,100000.0
678,100000.0
679,100000.0
680,100000.0
681,100000.0
682,100000.0
683,100000.0
684,100000.0
685,100000.0
686,100000.0
687,100000.0
688,100000.0
689,100000.0
690,100000.0
691,100000.0
692,100000.0
693,100000.0
694,100000.0
695,100000.0
696,100000.0
697,100000.0
698,100000.0
699,100000.0
700,99999.97045135555
701,99999.97045135555
702,99999.97045135555
703,99999.97045135555
704,99999.67093983291
705,99999.67093983291
706,99999.67093983291
707,99999.67093983291
708,99999.67093983291
709,99999.67093983291
710,99999.67093983291
711,99999.67093983291
712,99999.67093983291
713,99999.67093983291
714,99999.67093983291
715,99999.67093983291
716,99999.67093983291
717,99999.67093983291
718,99999.67093983291
719,99999.67093983291
720,99999.67093983291
721,99999.67093983291
722,99999.67093983291
723,99999.67093983291
724,99999.67093983291
725,99999.67093983291
726,99999.67093983291
727,99999.67093983291
728,99999.67093983291
729,99999.67093983291
730,99999.67093983291
731,99999.67093983291
732,99999.67093983291
733,99999.67093983291
734,99999.67093983291
735,99999.67093983291
736,99999.67093983291
737,99999.67093983291
738,99999.67093983291
739,99999.67093983291
740,99999.67093983291
741,99999.67093983291
742,99999.67093983291
743,99999.67093983291
744,99999.67093983291
745,99999.67093983291
746,99999.67093983291
747,99999.67093983291
748,99999.67093983291
749,99999.67093983291
750,99999.67093983291
751,99999.67093983291
752,99999.67093983291
753,99999.67093983291
754,99999.67093983291
755,99999.67093983291
756,99999.67093983291
757,99999.67093983291
758,99999.67093983291
759,99999.67093983291
760,99999.67093983291
761,99999.67093983291
762,99999.67093983291
763,99999.67093983291
764,99999.67093983291
765,99999.67093983291
766,99999.67093983291
767,99999.67093983291
768,99999.67093983291
769,99999.67093983291
770,99999.67093983291
771,99999.67093983291
772,99999.67093983291
773,99999.67093983291
774,99999.67093983291
775,99999.67093983291
776,99999.67093983291
777,99999.67093983291
778,99999.67093983291
779,99999.67093983291
780,99999.67093983291
781,99999.67093983291
782,99999.67093983291
783,99999.67093983291
784,99999.67093983291
785,99999.67093983291
786,99999.67093983291
787,99999.67093983291
788,99999.67093983291
789,99999.67093983291
790,99999.67093983291
791,99999.67093983291
792,99999.67093983291
793,99999.67093983291
794,99999.67093983291
795,99999.67093983291
796,99999.67093983291
797,99999.67093983291
798,99999.67093983291
799,99999.67093983291
800,99999.67093983291
801,99999.67093983291
802,99999.67093983291
803,99999.67093983291
804,99999.67093983291
805,99999.67093983291
806,99999.67093983291
807,99999.67093983291
808,99999.67093983291
809,99999.67093983291
810,99999.67093983291
811,99999.67093983291
812,99999.67093983291
813,99999.67093983291
814,99999.67093983291
815,99999.67093983291
816,99999.67093983291
817,99999.67093983291
818,99999.67093983291
819,99999.67093983291
820,99999.67093983291
821,99999.67093983291
822,99999.67093983291
823,99999.67093983291
824,99999.67093983291
825,99999.67093983291
826,99999.67093983291
827,99999.67093983291
828,99999.67093983291
829,99999.67093983291
830,99999.67093983291
831,99999.67093983291
832,99999.67093983291
833,99999.67093983291
834,99999.67093983291
835,99999.67093983291
836,99999.67093983291
837,99999.67093983291
838,99999.67093983291
839,99999.67093983291
840,99999.67093983291
841,99999.67093983291
842,99999.67093983291
843,99999.67093983291
844,99999.67093983291
845,99999.67093983291
846,99999.67093983291
847,99999.67093983291
848,99999.67093983291
849,99999.67093983291
850,99999.67093983291
851,99999.67093983291
852,99999.67093983291
853,99999.67093983291
854,99999.67093983291
855,99999.67093983291
856,99999.67093983291
857,99999.67093983291
858,99999.67093983291
859,99999.67093983291
860,99999.67093983291
861,99999.67093983291
862,99999.67093983291
863,99999.67093983291
864,99999.67093983291
865,99999.67093983291
866,99999.67093983291
867,99999.67093983291
868,99999.67093983291
869,99999.67093983291
870,99999.67093983291
871,99999.67093983291
872,99999.67093983291
873,99999.67093983291
874,99999.67093983291
875,99999.67093983291
876,99999.67093983291
877,99999.67093983291
878,99999.67093983291
879,99999.67093983291
880,99999.67093983291
881,99999.67093983291
882,99999.67093983291
883,99999.67093983291
884,99999.67093983291
885,99999.67093983291
886,99999.67093983291
887,99999.67093983291
888,99999.67093983291
889,99999.67093983291
890,99999.67093983291
891,99999.67093983291
892,99999.67093983291
893,99999.67093983291
894,99999.67093983291
895,99999.67093983291
896,99999.67093983291
897,99999.67093983291
898,99999.67093983291
899,99999.67093983291
900,99999.67093983291
901,99999.67093983291
902,99999.67093983291
903,99999.67093983291
904,99999.67093983291
905,99999.67093983291
906,99999.67093983291
907,99999.67093983291
908,99999.67093983291
909,99999.67093983291
910,99999.67093983291
911,99999.67093983291
912,99999.67093983291
913,99999.67093983291
914,99999.67093983291
915,99999.67093983291
916,99999.67093983291
917,99999.67093983291
918,99999.67093983291
919,99999.67093983291
920,99999.67093983291
921,99999.59290349053
922,99998.8201484387
923,99998.8201484387
924,99998.8201484387
925,99998.8201484387
926,99998.8201484387
927,99998.8201484387
928,99998.8201484387
929,99998.8201484387
930,99998.8201484387
931,99998.8201484387
932,99998.8201484387
933,99998.8201484387
934,99998.8201484387
935,99998.8201484387
936,99998.8201484387
937,99998.8201484387
938,99998.8201484387
939,99998.8201484387
940,99998.8201484387
941,99998.8201484387
942,99998.8201484387
943,99998.8201484387
944,99998.8201484387
945,99998.8201484387
946,99998.8201484387
947,99998.8201484387
948,99998.8201484387
949,99998.8201484387
950,99998.8201484387
951,99998.8201484387
952,99998.8201484387
953,99998.8201484387
954,99998.8201484387
955,99998.8201484387
956,99998.8201484387
957,99998.8201484387
958,99998.8201484387
959,99998.8201484387
960,99998.8201484387
961,99998.8201484387
962,99998.8201484387
963,99998.8201484387
964,99998.8201484387
965,99998.8201484387
966,99998.8201484387
967,99998.8201484387
968,99998.8201484387
969,99998.8201484387
970,99998.8201484387
971,99998.8201484387
972,99998.8201484387
973,99998.8201484387
974,99998.8201484387
975,99998.8201484387
976,99998.8201484387
977,99998.8201484387
978,99998.8201484387
979,99998.8201484387
980,99998.8201484387
981,99998.8201484387
982,99998.8201484387
983,99998.8201484387
984,99998.8201484387
985,99998.8201484387
986,99998.8201484387
987,99998.8201484387
988,99998.8201484387
989,99998.8201484387
990,99998.8201484387
991,99998.8201484387
992,99998.8201484387
993,99998.8201484387
994,99998.8201484387
995,99998.8201484387
996,99998.8201484387
997,99998.8201484387
998,99998.8201484387
999,99998.8201484387
1000,99998.8201484387
1001,99998.8201484387
1002,99998.8201484387
1003,99998.8201484387
1004,99998.8201484387
1005,99998.8201484387
1006,99998.8201484387
1007,99998.8201484387
1008,99998.8201484387
1009,99998.8201484387
1010,99998.8201484387
1011,99998.8201484387
1012,99998.8201484387
1013,99998.8201484387
1014,99998.8201484387
1015,99998.8201484387
1016,99998.8201484387
1017,99998.8201484387
1018,99998.8201484387
1019,99998.8201484387
1020,99998.8201484387
1021,99998.8201484387
1022,99998.8201484387
1023,99998.8201484387
1024,99998.8201484387
1025,99998.8201484387
1026,99998.8201484387
1027,99998.8201484387
1028,99998.8201484387
1029,99998.8201484387
1030,99998.8201484387
1031,99998.8201484387
1032,99998.8201484387
1033,99998.8201484387
1034,99998.8201484387
1035,99998.8201484387
1036,99998.8201484387
1037,99998.8201484387
1038,99998.8201484387
1039,99998.8201484387
1040,99998.8201484387
1041,99998.8201484387
1042,99998.8201484387
1043,99998.8201484387
1044,99998.8201484387
1045,99998.8201484387
1046,99998.8201484387
1047,99998.8201484387
1048,99998.8201484387
1049,99998.8201484387
1050,99998.8201484387
1051,99998.8201484387
1052,99998.8201484387
1053,99998.8201484387
1054,99998.8201484387
1055,99998.8201484387
1056,99998.8201484387
1057,99998.8201484387
1058,99998.8201484387
1059,99998.8201484387
1060,99998.8201484387
1061,99998.8201484387
1062,99998.8201484387
1063,99998.8201484387
1064,99998.8201484387
1065,99998.8201484387
1066,99998.8201484387
1067,99998.8201484387
1068,99998.8201484387
1069,99998.8201484387
1070,99998.8201484387
1071,99998.8201484387
1072,99998.8201484387
1073,99998.8201484387
1074,99998.8201484387
1075,99998.8201484387
1076,99998.8201484387
1077,99998.8201484387
1078,99998.8201484387
1079,99998.8201484387
1080,99998.8201484387
1081,99998.8201484387
1082,99998.8201484387
1083,99998.8201484387
1084,99998.8201484387
1085,99998.8201484387
1086,99998.8201484387
1087,99998.8201484387
1088,99998.8201484387
1089,99998.8201484387
1090,99998.8201484387
1091,99998.8201484387
1092,99998.8201484387
1093,99998.8201484387
1094,99998.8201484387
1095,99998.8201484387
1096,99998.8201484387
1097,99998.8201484387
1098,99998.8201484387
1099,99998.8201484387
1100,99998.8201484387
1101,99998.8201484387
1102,99998.8201484387
1103,99998.8201484387
1104,99998.8201484387
1105,99998.8201484387
1106,99998.8201484387
1107,99998.8201484387
1108,99998.8201484387
1109,99998.8201484387
1110,99998.8201484387
1111,99998.8201484387
1112,99998.8201484387
1113,99998.8201484387
1114,99998.8201484387
1115,99998.8201484387
1116,99998.8201484387
1117,99998.8201484387
1118,99998.8201484387
1119,99998.8201484387
1120,99998.8201484387
1121,99998.8201484387
1122,99998.8201484387
1123,99998.8201484387
1124,99998.8201484387
1125,99998.8201484387
1126,99998.8201484387
1127,99998.8201484387
1128,99998.8201484387
1129,99998.8201484387
1130,99998.8201484387
1131,99998.8201484387
1132,99998.8201484387
1133,99998.8201484387
1134,99998.8201484387
1135,99998.8201484387
1136,99998.8201484387
1137,99998.8201484387
1138,99998.8201484387
1139,99998.8201484387
1140,99998.8201484387
1141,99998.8201484387
1142,99998.8201484387
1143,99998.8201484387
1144,99998.8201484387
1145,99998.8201484387
1146,99998.8201484387
1147,99998.8201484387
1148,99998.8201484387
1149,99998.8201484387
1150,99998.8201484387
1151,99998.8201484387
1152,99998.8201484387
1153,99998.8201484387
1154,99998.8201484387
1155,99998.8201484387
1156,99998.8201484387
1157,99998.8201484387
1158,99998.8201484387
1159,99998.8201484387
1160,99998.8201484387
1161,99998.8201484387
1162,99998.8201484387
1163,99998.8201484387
1164,99998.8201484387
1165,99998.8201484387
1166,99998.8201484387
1167,99998.8201484387
1168,99998.8201484387
1169,99998.8201484387
1170,99998.8201484387
1171,99998.8201484387
1172,99998.8201484387
1173,99998.8201484387
1174,99998.8201484387
1175,99998.8201484387
1176,99998.8201484387
1177,99998.8201484387
1178,99998.8201484387
1179,99998.8201484387
1180,99998.8201484387
1181,99998.8201484387
1182,99998.8201484387
1183,99998.8201484387
1184,99998.8201484387
1185,99998.8201484387
1186,99998.8201484387
1187,99998.8201484387
1188,99998.8201484387
1189,99998.8201484387
1190,99998.8201484387
1191,99998.8201484387
1192,99998.8201484387
1193,99998.8201484387
1194,99998.8201484387
1195,99998.8201484387
1196,99998.8201484387
1197,99998.8201484387
1198,99998.8201484387
1199,99998.8201484387
1200,99998.8201484387
1201,99998.8201484387
1202,99998.8201484387
1203,99998.8201484387
1204,99998.8201484387
1205,99998.8201484387
1206,99998.8201484387
1207,99998.8201484387
1208,99998.8201484387
1209,99998.8201484387
1210,99998.8201484387
1211,99998.8201484387
1212,99998.8201484387
1213,99998.8201484387
1214,99998.8201484387
1215,99998.8201484387
1216,99998.8201484387
1217,99998.8201484387
1218,99998.8201484387
1219,99998.8201484387
1220,99998.8201484387
1221,99998.8201484387
1222,99998.8201484387
1223,99998.8201484387
1224,99998.8201484387
1225,99998.8201484387
1226,99998.8201484387
1227,99998.8201484387
1228,99998.8201484387
1229,99998.8201484387
1230,99998.8201484387
1231,99998.8201484387
1232,99998.8201484387
1233,99998.8201484387
1234,99998.8201484387
1235,99998.8201484387
1236,99998.8201484387
1237,99998.8201484387
1238,99998.8201484387
1239,99998.8201484387
1240,99998.8201484387
1241,99998.8201484387
1242,99998.8201484387
1243,99998.8201484387
1244,99998.8201484387
1245,99998.8201484387
1246,99998.8201484387
1247,99998.8201484387
1248,99998.8201484387
1249,99998.8201484387
1250,99998.8201484387
1251,99998.8201484387
1252,99998.8201484387
1253,99998.8201484387
1254,99998.8201484387
1255,99998.8201484387
1256,99998.8201484387
1257,99998.8201484387
1258,99998.8201484387
1259,99998.8201484387
1260,99998.8201484387
1261,99998.8201484387
1262,99998.8201484387
1263,99998.8201484387
1264,99998.8201484387
1265,99998.8201484387
1266,99998.8201484387
1267,99998.8201484387
1268,99998.8201484387
1269,99998.8201484387
1270,99998.8201484387
1271,99998.8201484387
1272,99998.8201484387
1273,99998.8201484387
1274,99998.8201484387
1275,99998.8201484387
1276,99998.8201484387
1277,99998.8201484387
1278,99998.8201484387
1279,99998.8201484387
1280,99998.8201484387
1281,99998.8201484387
1282,99998.8201484387
1283,99998.8201484387
1284,99998.8201484387
1285,99998.8201484387
1286,99998.8201484387
1287,99998.8201484387
1288,99998.8201484387
1289,99998.8201484387
1290,99998.8201484387
1291,99998.8201484387
1292,99998.8201484387
1293,99998.8201484387
1294,99998.8201484387
1295,99998.8201484387
1296,99998.8201484387
1297,99998.8201484387
1298,99998.8201484387
1299,99998.8201484387
1300,99998.8201484387
1301,99998.8201484387
1302,99998.8201484387
1303,99998.8201484387
1304,99998.8201484387
1305,99998.8201484387
1306,99998.8201484387
1307,99998.8201484387
1308,99998.8201484387
1309,99998.8201484387
1310,99998.8201484387
1311,99998.8201484387
1312,99998.8201484387
1313,99998.8201484387
1314,99998.8201484387
1315,99998.8201484387
1316,99998.8201484387
1317,99998.8201484387
1318,99998.8201484387
1319,99998.8201484387
1320,99998.8201484387
1321,99998.8201484387
1322,99998.8201484387
1323,99998.8201484387
1324,99998.8201484387
1325,99998.8201484387
1326,99998.8201484387
1327,99998.8201484387
1328,99998.8201484387
1329,99998.8201484387
1330,99998.8201484387
1331,99998.8201484387
1332,99998.8201484387
1333,99998.8201484387
1334,99998.8201484387
1335,99998.8201484387
1336,99998.8201484387
1337,99998.8201484387
1338,99998.8201484387
1339,99998.8201484387
1340,99998.8201484387
1341,99998.8201484387
1342,99998.8201484387
1343,99998.8201484387
1344,99998.8201484387
1345,99998.8201484387
1346,99998.8201484387
1347,99998.8201484387
1348,99998.8201484387
1349,99998.8201484387
1350,99998.8201484387
1351,99998.8201484387
1352,99998.8201484387
1353,99998.8201484387
1354,99998.8201484387
1355,99998.8201484387
1356,99998.8201484387
1357,99998.8201484387
1358,99998.8201484387
1359,99998.8201484387
1360,99998.8201484387
1361,99998.8201484387
1362,99998.8201484387
1363,99998.8201484387
1364,99998.8201484387
1365,99998.8201484387
1366,99998.8201484387
1367,99998.8201484387
1368,99998.8201484387
1369,99998.8201484387
1370,99998.8201484387
1371,99998.8201484387
1372,99998.8201484387
1373,99998.8201484387
1374,99998.8201484387
1375,99998.8201484387
1376,99998.8201484387
1377,99998.8201484387
1378,99998.8201484387
1379,99998.8201484387
1380,99998.8201484387
1381,99998.8201484387
1382,99998.8201484387
1383,99998.8201484387
1384,99998.8201484387
1385,99998.8201484387
1386,99998.8201484387
1387,99998.8201484387
1388,99998.8201484387
1389,99998.8201484387
1390,99998.8201484387
1391,99998.8201484387
1392,99998.8201484387
1393,99998.8201484387
1394,99998.8201484387
1395,99998.8201484387
1396,99998.8201484387
1397,99998.8201484387
1398,99998.8201484387
1399,99998.8201484387
1400,99998.8201484387
1401,99998.8201484387
1402,99998.8201484387
1403,99998.8201484387
1404,99998.8201484387
1405,99998.8201484387
1406,99998.8201484387
1407,99998.8201484387
1408,99998.8201484387
1409,99998.8201484387
1410,99998.8201484387
1411,99998.8201484387
1412,99998.8201484387
1413,99998.8201484387
1414,99998.8201484387
1415,99998.8201484387
1416,99998.8201484387
1417,99998.8201484387
1418,99998.8201484387
1419,99998.8201484387
1420,99998.8201484387
1421,99998.8201484387
1422,99998.8201484387
1423,99998.8201484387
1424,99998.8201484387
1425,99998.8201484387
1426,99998.8201484387
1427,99998.8201484387
1428,99998.8201484387
1429,99998.8201484387
1430,99998.8201484387
1431,99998.8201484387
1432,99998.8201484387
1433,99998.8201484387
1434,99998.8201484387
1435,99998.8201484387
1436,99998.8201484387
1437,99998.8201484387
1438,99998.8201484387
1439,99998.8201484387
1440,99998.8201484387
1441,99998.8201484387
1442,99998.8201484387
1443,99998.8201484387
1444,99998.8201484387
1445,99998.8201484387
1446,99998.8201484387
1447,99998.8201484387
1448,99998.8201484387
1449,99998.8201484387
1450,99998.8201484387
1451,99998.8201484387
1452,99998.8201484387
1453,99998.8201484387
1454,99998.8201484387
1455,99998.8201484387
1456,99998.8201484387
1457,99998.8201484387
1458,99998.8201484387
1459,99998.8201484387
1460,99998.8201484387
1461,99998.8201484387
1462,99998.8201484387
1463,99998.8201484387
1464,99998.8201484387
1465,99998.8201484387
1466,99998.8201484387
1467,99998.8201484387
1468,99998.8201484387
1469,99998.8201484387
1470,99998.8201484387
1471,99998.8201484387
1472,99998.8201484387
1473,99998.8201484387
1474,99998.8201484387
1475,99998.8201484387
1476,99998.8201484387
1477,99998.8201484387
1478,99998.8201484387
1479,99998.8201484387
1480,99998.8201484387
1481,99998.8201484387
1482,99998.8201484387
1483,99998.8201484387
1484,99998.8201484387
1485,99998.8201484387
1486,99998.8201484387
1487,99998.8201484387
1488,99998.8201484387
1489,99998.8201484387
1490,99998.8201484387
1491,99998.8201484387
1492,99998.8201484387
1493,99998.8201484387
1494,99998.8201484387
1495,99998.8201484387
1496,99998.8201484387
1497,99998.8201484387
1498,99998.8201484387
1499,99998.8201484387
1500,99998.75939396855
1501,99998.70046197138
1502,99997.97216456765
1503,99997.24258448127
1504,99997.24258448127
1505,99997.24258448127
1506,99997.24258448127
1507,99997.24258448127
1508,99997.24258448127
1509,99997.24258448127
1510,99997.24258448127
1511,99997.24258448127
1512,99997.24258448127
1513,99997.24258448127
1514,99997.24258448127
1515,99997.24258448127
1516,99997.24258448127
1517,99997.24258448127
1518,99997.24258448127
1519,99997.24258448127
1520,99997.24258448127
1521,99997.24258448127
1522,99997.24258448127
1523,99997.24258448127
1524,99997.24258448127
1525,99997.24258448127
1526,99997.24258448127
1527,99997.24258448127
1528,99997.24258448127
1529,99997.24258448127
1530,99997.24258448127
1531,99997.24258448127
1532,99997.24258448127
1533,99997.24258448127
1534,99997.24258448127
1535,99997.24258448127
1536,99997.24258448127
1537,99997.24258448127
1538,99997.24258448127
1539,99997.24258448127
1540,99997.24258448127
1541,99997.24258448127
1542,99997.24258448127
1543,99997.24258448127
1544,99997.24258448127
1545,99997.24258448127
1546,99997.24258448127
1547,99997.24258448127
1548,99997.24258448127
1549,99997.24258448127
1550,99997.24258448127
1551,99997.24258448127
1552,99997.24258448127
1553,99997.24258448127
1554,99997.24258448127
1555,99997.24258448127
1556,99997.24258448127
1557,99997.24258448127
1558,99997.24258448127
1559,99997.24258448127
1560,99997.24258448127
1561,99997.24258448127
1562,99997.24258448127
1563,99997.24258448127
1564,99997.24258448127
1565,99997.24258448127
1566,99997.24258448127
1567,99997.24258448127
1568,99997.24258448127
1569,99997.24258448127
1570,99997.24258448127
1571,99997.24258448127
1572,99997.24258448127
1573,99997.24258448127
1574,99997.24258448127
1575,99997.24258448127
1576,99997.24258448127
1577,99997.24258448127
1578,99997.24258448127
1579,99997.24258448127
1580,99997.24258448127
1581,99997.24258448127
1582,99997.24258448127
1583,99997.24258448127
1584,99997.24258448127
1585,99997.24258448127
1586,99997.24258448127
1587,99997.24258448127
1588,99997.24258448127
1589,99997.24258448127
1590,99997.24258448127
1591,99997.24258448127
1592,99997.24258448127
1593,99997.24258448127
1594,99997.24258448127
1595,99997.24258448127
1596,99997.24258448127
1597,99997.24258448127
1598,99997.24258448127
1599,99997.24258448127
1600,99997.24258448127
1601,99997.24258448127
1602,99997.24258448127
1603,99997.24258448127
1604,99997.24258448127
1605,99997.24258448127
1606,99997.24258448127
1607,99997.24258448127
1608,99997.24258448127
1609,99997.24258448127
1610,99997.24258448127
1611,99997.24258448127
1612,99997.24258448127
1613,99997.24258448127
1614,99997.24258448127
1615,99997.24258448127
1616,99997.24258448127
1617,99997.24258448127
1618,99997.24258448127
1619,99997.24258448127
1620,99997.24258448127
1621,99997.24258448127
1622,99997.24258448127
1623,99997.24258448127
1624,99997.24258448127
1625,99997.24258448127
1626,99997.24258448127
1627,99997.24258448127
1628,99997.24258448127
1629,99997.24258448127
1630,99997.24258448127
1631,99997.24258448127
1632,99997.24258448127
1633,99997.24258448127
1634,99997.24258448127
1635,99997.24258448127
1636,99997.24258448127
1637,99997.24258448127
1638,99997.24258448127
1639,99997.24258448127
1640,99997.24258448127
1641,99997.24258448127
1642,99997.24258448127
1643,99997.24258448127
1644,99997.24258448127
1645,99997.24258448127
1646,99997.24258448127
1647,99997.24258448127
1648,99997.24258448127
1649,99997.24258448127
1650,99997.24258448127
1651,99997.24258448127
1652,99997.24258448127
1653,99997.24258448127
1654,99997.24258448127
1655,99997.24258448127
1656,99997.24258448127
1657,99997.24258448127
1658,99997.24258448127
1659,99997.24258448127
1660,99997.24258448127
1661,99997.24258448127
1662,99997.24258448127
1663,99997.24258448127
1664,99997.24258448127
1665,99997.24258448127
1666,99997.24258448127
1667,99997.24258448127
1668,99997.24258448127
1669,99997.24258448127
1670,99997.24258448127
1671,99997.24258448127
1672,99997.24258448127
1673,99997.24258448127
1674,99997.24258448127
1675,99997.24258448127
1676,99997.24258448127
1677,99997.24258448127
1678,99997.24258448127
1679,99997.24258448127
1680,99997.24258448127
1681,99997.24258448127
1682,99997.24258448127
1683,99997.24258448127
1684,99997.24258448127
1685,99997.24258448127
1686,99997.24258448127
1687,99997.24258448127
1688,99997.24258448127
1689,99997.24258448127
1690,99997.24258448127
1691,99997.24258448127
1692,99997.24258448127
1693,99997.24258448127
1694,99997.24258448127
1695,99997.24258448127
1696,99997.24258448127
1697,99997.24258448127
1698,99997.24258448127
1699,99997.24258448127
1700,99997.24258448127
1701,99997.24258448127
1702,99997.24258448127
1703,99997.24258448127
1704,99997.24258448127
1705,99997.24258448127
1706,99997.24258448127
1707,99997.24258448127
1708,99997.24258448127
1709,99997.24258448127
1710,99997.24258448127
1711,99997.24258448127
1712,99997.24258448127
1713,99997.24258448127
1714,99997.24258448127
1715,99997.24258448127
1716,99997.24258448127
1717,99997.24258448127
1718,99997.24258448127
1719,99997.24258448127
1720,99997.24258448127
1721,99997.24258448127
1722,99997.24258448127
1723,99997.24258448127
1724,99997.24258448127
1725,99997.24258448127
1726,99997.24258448127
1727,99997.24258448127
1728,99997.24258448127
1729,99997.24258448127
1730,99997.24258448127
1731,99997.24258448127
1732,99997.24258448127
1733,99997.24258448127
1734,99997.24258448127
1735,99997.24258448127
1736,99997.24258448127
1737,99997.24258448127
1738,99997.24258448127
1739,99997.24258448127
1740,99997.24258448127
1741,99997.24258448127
1742,99997.24258448127
1743,99997.24258448127
1744,99997.24258448127
1745,99997.24258448127
1746,99997.24258448127
1747,99997.24258448127
1748,99997.24258448127
1749,99997.24258448127
1750,99997.24258448127
1751,99997.24258448127
1752,99997.24258448127
1753,99997.24258448127
1754,99997.24258448127
1755,99997.24258448127
1756,99997.24258448127
1757,99997.24258448127
1758,99997.24258448127
1759,99997.24258448127
1760,99997.24258448127
1761,99997.24258448127
1762,99997.24258448127
1763,99997.24258448127
1764,99997.24258448127
1765,99997.24258448127
1766,99997.24258448127
1767,99997.24258448127
1768,99997.24258448127
1769,99997.24258448127
1770,99997.24258448127
1771,99997.24258448127
1772,99997.24258448127
1773,99997.24258448127
1774,99997.24258448127
1775,99997.24258448127
1776,99997.24258448127
1777,99997.24258448127
1778,99997.24258448127
1779,99997.24258448127
1780,99997.24258448127
1781,99997.24258448127
1782,99997.24258448127
1783,99997.24258448127
1784,99997.24258448127
1785,99997.24258448127
1786,99997.24258448127
1787,99997.24258448127
1788,99997.24258448127
1789,99997.24258448127
1790,99997.24258448127
1791,99997.24258448127
1792,99997.24258448127
1793,99997.24258448127
1794,99997.24258448127
1795,99997.24258448127
1796,99997.24258448127
1797,99997.24258448127
1798,99997.24258448127
1799,99997.24258448127
1800,99997.24258448127
1801,99997.24258448127
1802,99997.24258448127
1803,99997.24258448127
1804,99997.24258448127
1805,99997.24258448127
1806,99997.24258448127
1807,99997.24258448127
1808,99997.24258448127
1809,99997.24258448127
1810,99997.24258448127
1811,99997.24258448127
1812,99997.24258448127
1813,99997.24258448127
1814,99997.24258448127
1815,99997.24258448127
1816,99997.24258448127
1817,99997.24258448127
1818,99997.24258448127
1819,99997.24258448127
1820,99997.24258448127
1821,99997.24258448127
1822,99997.24258448127
1823,99997.24258448127
1824,99997.24258448127
1825,99997.24258448127
1826,99997.24258448127
1827,99997.24258448127
1828,99997.24258448127
1829,99997.24258448127
1830,99997.24258448127
1831,99997.24258448127
1832,99997.24258448127
1833,99997.24258448127
1834,99997.24258448127
1835,99997.24258448127
1836,99997.24258448127
1837,99997.24258448127
1838,99997.24258448127
1839,99997.24258448127
1840,99997.24258448127
1841,99997.24258448127
1842,99997.24258448127
1843,99997.24258448127
1844,99997.24258448127
1845,99997.24258448127
1846,99997.24258448127
1847,99997.24258448127
1848,99997.24258448127
1849,99997.24258448127
1850,99997.24258448127
1851,99997.24258448127
1852,99997.24258448127
1853,99997.24258448127
1854,99997.24258448127
1855,99997.24258448127
1856,99997.24258448127
1857,99997.24258448127
1858,99997.24258448127
1859,99997.24258448127
1860,99997.24258448127
1861,99997.24258448127
1862,99997.24258448127
1863,99997.24258448127
1864,99997.24258448127
1865,99997.24258448127
1866,99997.24258448127
1867,99997.24258448127
1868,99997.24258448127
1869,99997.24258448127
1870,99997.24258448127
1871,99997.24258448127
1872,99997.24258448127
1873,99997.24258448127
1874,99997.24258448127
1875,99997.24258448127
1876,99997.24258448127
1877,99997.24258448127
1878,99997.24258448127
1879,99997.24258448127
1880,99997.24258448127
1881,99997.24258448127
1882,99997.24258448127
1883,99997.24258448127
1884,99997.24258448127
1885,99997.24258448127
1886,99997.24258448127
1887,99997.24258448127
1888,99997.24258448127
1889,99997.24258448127
1890,99997.24258448127
1891,99997.24258448127
1892,99997.24258448127
1893,99997.24258448127
1894,99997.24258448127
1895,99997.24258448127
1896,99997.22056532571
1897,99996.68115089567
1898,99996.68115089567
1899,99996.68115089567
1900,99996.68115089567
1901,99996.68115089567
1902,99996.68115089567
1903,99996.68115089567
1904,99996.68115089567
1905,99996.68115089567
1906,99996.68115089567
1907,99996.68115089567
1908,99996.68115089567
1909,99996.68115089567
1910,99996.68115089567
1911,99996.68115089567
1912,99996.68115089567
1913,99996.68115089567
1914,99996.68115089567
1915,99996.68115089567
1916,99996.68115089567
1917,99996.68115089567
1918,99996.68115089567
1919,99996.68115089567
1920,99996.68115089567
1921,99996.68115089567
1922,99996.68115089567
1923,99996.68115089567
1924,99996.68115089567
1925,99996.68115089567
1926,99996.68115089567
1927,99996.68115089567
1928,99996.68115089567
1929,99996.68115089567
1930,99996.68115089567
1931,99996.68115089567
1932,99996.68115089567
1933,99996.68115089567
1934,99996.68115089567
1935,99996.68115089567
1936,99996.68115089567
1937,99996.68115089567
1938,99996.68115089567
1939,99996.68115089567
1940,99996.68115089567
1941,99996.68115089567
1942,99996.68115089567
1943,99996.68115089567
1944,99996.68115089567
1945,99996.68115089567
1946,99996.68115089567
1947,99996.68115089567
1948,99996.68115089567
1949,99996.68115089567
1950,99996.68115089567
1951,99996.68115089567
1952,99996.68115089567
1953,99996.68115089567
1954,99996.68115089567
1955,99996.68115089567
1956,99996.68115089567
1957,99996.68115089567
1958,99996.68115089567
1959,99996.68115089567
1960,99996.68115089567
1961,99996.68115089567
1962,99996.68115089567
1963,99996.68115089567
1964,99996.68115089567
1965,99996.68115089567
1966,99996.68115089567
1967,99996.68115089567
1968,99996.68115089567
1969,99996.68115089567
1970,99996.68115089567
1971,99996.68115089567
1972,99996.68115089567
1973,99996.68115089567
1974,99996.68115089567
1975,99996.68115089567
1976,99996.68115089567
1977,99996.68115089567
1978,99996.68115089567
1979,99996.68115089567
1980,99996.68115089567
1981,99996.68115089567
1982,99996.68115089567
1983,99996.68115089567
1984,99996.68115089567
1985,99996.68115089567
1986,99996.68115089567
1987,99996.68115089567
1988,99996.68115089567
1989,99996.68115089567
1990,99996.68115089567
1991,99996.68115089567
1992,99996.68115089567
1993,99996.68115089567
1994,99996.68115089567
1995,99996.68115089567
1996,99996.68115089567
1997,99996.68115089567
1998,99996.68115089567
1999,99996.68115089567
2000,99996.68115089567
2001,99996.68115089567
2002,99996.68115089567
2003,99996.68115089567
2004,99996.68115089567
2005,99996.68115089567
2006,99996.68115089567
2007,99996.68115089567
2008,99996.68115089567
2009,99996.68115089567
2010,99996.68115089567
2011,99996.68115089567
2012,99996.68115089567
2013,99996.68115089567
2014,99996.68115089567
2015,99996.68115089567
2016,99996.68115089567
2017,99996.68115089567
2018,99996.68115089567
2019,99996.68115089567
2020,99996.68115089567
2021,99996.68115089567
2022,99996.68115089567
2023,99996.68115089567
2024,99996.68115089567
2025,99996.68115089567
2026,99996.68115089567
2027,99996.68115089567
2028,99996.68115089567
2029,99996.68115089567
2030,99996.68115089567
2031,99996.68115089567
2032,99996.68115089567
2033,99996.68115089567
2034,99996.68115089567
2035,99996.68115089567
2036,99996.68115089567
2037,99996.68115089567
2038,99996.68115089567
2039,99996.68115089567
2040,99996.68115089567
2041,99996.68115089567
2042,99996.68115089567
2043,99996.68115089567
2044,99996.68115089567
2045,99996.68115089567
2046,99996.68115089567
2047,99996.68115089567
2048,99996.68115089567
2049,99996.68115089567
2050,99996.68115089567
2051,99996.68115089567
2052,99996.68115089567
2053,99996.68115089567
2054,99996.68115089567
2055,99996.68115089567
2056,99996.68115089567
2057,99996.68115089567
2058,99996.68115089567
2059,99996.68115089567
2060,99996.68115089567
2061,99996.68115089567
2062,99996.68115089567
2063,99996.68115089567
2064,99996.68115089567
2065,99996.68115089567
2066,99996.68115089567
2067,99996.68115089567
2068,99996.68115089567
2069,99996.68115089567
2070,99996.68115089567
2071,99996.68115089567
2072,99996.68115089567
2073,99996.68115089567
2074,99996.68115089567
2075,99996.68115089567
2076,99996.68115089567
2077,99996.68115089567
2078,99996.68115089567
2079,99996.68115089567
2080,99996.68115089567
2081,99996.68115089567
2082,99996.68115089567
2083,99996.68115089567
2084,99996.68115089567
2085,99996.68115089567
2086,99996.68115089567
2087,99996.68115089567
2088,99996.68115089567
2089,99996.68115089567
2090,99996.68115089567
2091,99996.68115089567
2092,99996.68115089567
2093,99996.68115089567
2094,99996.68115089567
2095,99996.68115089567
2096,99996.68115089567
2097,99996.68115089567
2098,99996.68115089567
2099,99996.68115089567
2100,99996.68115089567
2101,99996.68115089567
2102,99996.68115089567
2103,99996.68115089567
2104,99996.68115089567
2105,99996.68115089567
2106,99996.68115089567
2107,99996.68115089567
2108,99996.68115089567
2109,99996.68115089567
2110,99996.68115089567
2111,99996.68115089567
2112,99996.68115089567
2113,99996.68115089567
2114,99996.68115089567
2115,99996.68115089567
2116,99996.68115089567
2117,99996.68115089567
2118,99996.68115089567
2119,99996.68115089567
2120,99996.68115089567
2121,99996.68115089567
2122,99996.68115089567
2123,99996.68115089567
2124,99996.68115089567
2125,99996.68115089567
2126,99996.68115089567
2127,99996.68115089567
2128,99996.68115089567
2129,99996.68115089567
2130,99996.68115089567
2131,99996.68115089567
2132,99996.68115089567
2133,99996.68115089567
2134,99996.68115089567
2135,99996.68115089567
2136,99996.68115089567
2137,99996.68115089567
2138,99996.68115089567
2139,99996.68115089567
2140,99996.68115089567
2141,99996.68115089567
2142,99996.68115089567
2143,99996.68115089567
2144,99996.68115089567
2145,99996.68115089567
2146,99996.68115089567
2147,99996.68115089567
2148,99996.68115089567
2149,99996.68115089567
2150,99996.68115089567
2151,99996.68115089567
2152,99996.68115089567
2153,99996.68115089567
2154,99996.68115089567
2155,99996.68115089567
2156,99996.68115089567
2157,99996.68115089567
2158,99996.68115089567
2159,99996.68115089567
2160,99996.68115089567
2161,99996.68115089567
2162,99996.68115089567
2163,99996.68115089567
2164,99996.68115089567
2165,99996.68115089567
2166,99996.68115089567
2167,99996.68115089567
2168,99996.68115089567
2169,99996.68115089567
2170,99996.68115089567
2171,99996.68115089567
2172,99996.68115089567
2173,99996.68115089567
2174,99996.68115089567
2175,99996.68115089567
2176,99996.68115089567
2177,99996.68115089567
2178,99996.68115089567
2179,99996.68115089567
2180,99996.68115089567
2181,99996.68115089567
2182,99996.68115089567
2183,99996.68115089567
2184,99996.68115089567
2185,99996.68115089567
2186,99996.68115089567
2187,99996.68115089567
2188,99996.68115089567
2189,99996.68115089567
2190,99996.68115089567
2191,99996.68115089567
2192,99996.68115089567
2193,99996.68115089567
2194,99996.68115089567
2195,99996.68115089567
2196,99996.68115089567
2197,99996.68115089567
2198,99996.68115089567
2199,99996.68115089567
2200,99996.68115089567
2201,99996.68115089567
2202,99996.68115089567
2203,99996.68115089567
2204,99996.68115089567
2205,99996.68115089567
2206,99996.68115089567
2207,99996.68115089567
2208,99996.68115089567
2209,99996.68115089567
2210,99996.68115089567
2211,99996.68115089567
2212,99996.68115089567
2213,99996.68115089567
2214,99996.68115089567
2215,99996.68115089567
2216,99996.68115089567
2217,99996.68115089567
2218,99996.68115089567
2219,99996.68115089567
2220,99996.68115089567
2221,99996.68115089567
2222,99996.68115089567
2223,99996.68115089567
2224,99996.68115089567
2225,99996.68115089567
2226,99996.68115089567
2227,99996.68115089567
2228,99996.68115089567
2229,99996.68115089567
2230,99996.68115089567
2231,99996.68115089567
2232,99996.68115089567
2233,99996.68115089567
2234,99996.68115089567
2235,99996.68115089567
2236,99996.68115089567
2237,99996.68115089567
2238,99996.68115089567
2239,99996.68115089567
2240,99996.68115089567
2241,99996.68115089567
2242,99996.68115089567
2243,99996.68115089567
2244,99996.68115089567
2245,99996.68115089567
2246,99996.68115089567
2247,99996.68115089567
2248,99996.68115089567
2249,99996.68115089567
2250,99996.68115089567
2251,99996.68115089567
2252,99996.68115089567
2253,99996.68115089567
2254,99996.68115089567
2255,99996.68115089567
2256,99996.68115089567
2257,99996.68115089567
2258,99996.68115089567
2259,99996.68115089567
2260,99996.68115089567
2261,99996.68115089567
2262,99996.68115089567
2263,99996.68115089567
2264,99996.68115089567
2265,99996.68115089567
2266,99996.68115089567
2267,99996.68115089567
2268,99996.68115089567
2269,99996.68115089567
2270,99996.68115089567
2271,99996.68115089567
2272,99996.68115089567
2273,99996.68115089567
2274,99996.68115089567
2275,99996.68115089567
2276,99996.68115089567
2277,99996.68115089567
2278,99996.68115089567
2279,99996.68115089567
2280,99996.68115089567
2281,99996.68115089567
2282,99996.68115089567
2283,99996.68115089567
2284,99996.68115089567
2285,99996.68115089567
2286,99996.68115089567
2287,99996.68115089567
2288,99996.68115089567
2289,99996.68115089567
2290,99996.68115089567
2291,99996.68115089567
2292,99996.68115089567
2293,99996.68115089567
2294,99996.68115089567
2295,99996.68115089567
2296,99996.68115089567
2297,99996.68115089567
2298,99996.68115089567
2299,99996.68115089567
2300,99996.68115089567
2301,99996.68115089567
2302,99996.68115089567
2303,99996.68115089567
2304,99996.68115089567
2305,99996.68115089567
2306,99996.68115089567
2307,99996.68115089567
2308,99996.68115089567
2309,99996.68115089567
2310,99996.68115089567
2311,99996.68115089567
2312,99996.68115089567
2313,99996.68115089567
2314,99996.68115089567
2315,99996.68115089567
2316,99996.68115089567
2317,99996.68115089567
2318,99996.68115089567
2319,99996.68115089567
2320,99996.68115089567
2321,99996.68115089567
2322,99996.68115089567
2323,99996.68115089567
2324,99996.68115089567
2325,99996.68115089567
2326,99996.68115089567
2327,99996.68115089567
2328,99996.68115089567
2329,99996.68115089567
2330,99996.68115089567
2331,99996.68115089567
2332,99996.68115089567
2333,99996.68115089567
2334,99996.68115089567
2335,99996.68115089567
2336,99996.68115089567
2337,99996.68115089567
2338,99996.68115089567
2339,99996.68115089567
2340,99996.68115089567
2341,99996.68115089567
2342,99996.68115089567
2343,99996.68115089567
2344,99996.68115089567
2345,99996.68115089567
2346,99996.68115089567
2347,99996.68115089567
2348,99996.68115089567
2349,99996.68115089567
2350,99996.68115089567
2351,99996.68115089567
2352,99996.68115089567
2353,99996.68115089567
2354,99996.68115089567
2355,99996.68115089567
2356,99996.68115089567
2357,99996.68115089567
2358,99996.68115089567
2359,99996.68115089567
2360,99996.68115089567
2361,99996.68115089567
2362,99996.68115089567
2363,99996.68115089567
2364,99996.68115089567
2365,99996.68115089567
2366,99996.68115089567
2367,99996.68115089567
2368,99996.68115089567
2369,99996.68115089567
2370,99996.68115089567
2371,99996.68115089567
2372,99996.68115089567
2373,99996.68115089567
2374,99996.68115089567
2375,99996.68115089567
2376,99996.68115089567
2377,99996.68115089567
2378,99996.68115089567
2379,99996.68115089567
2380,99996.68115089567
2381,99996.68115089567
2382,99996.68115089567
2383,99996.68115089567
2384,99996.68115089567
2385,99996.68115089567
2386,99996.68115089567
2387,99996.68115089567
2388,99996.68115089567
2389,99996.68115089567
2390,99996.68115089567
2391,99996.68115089567
2392,99996.68115089567
2393,99996.68115089567
2394,99996.68115089567
2395,99996.68115089567
2396,99996.68115089567
2397,99996.68115089567
2398,99996.68115089567
2399,99996.68115089567
2400,99996.68115089567
2401,99996.68115089567
2402,99996.68115089567
2403,99996.68115089567
2404,99996.68115089567
2405,99996.68115089567
2406,99996.68115089567
2407,99996.68115089567
2408,99996.68115089567
2409,99996.68115089567
2410,99996.68115089567
2411,99996.68115089567
2412,99996.68115089567
2413,99996.68115089567
2414,99996.68115089567
2415,99996.68115089567
2416,99996.68115089567
2417,99996.68115089567
2418,99996.68115089567
2419,99996.68115089567
2420,99996.68115089567
2421,99996.68115089567
2422,99996.68115089567
2423,99996.68115089567
2424,99996.68115089567
2425,99996.68115089567
2426,99996.68115089567
2427,99996.68115089567
2428,99996.68115089567
2429,99996.68115089567
2430,99996.68115089567
2431,99996.68115089567
2432,99996.68115089567
2433,99996.68115089567
2434,99996.68115089567
2435,99996.68115089567
2436,99996.68115089567
2437,99996.68115089567
2438,99996.68115089567
2439,99996.68115089567
2440,99996.68115089567
2441,99996.68115089567
2442,99996.68115089567
2443,99996.68115089567
2444,99996.68115089567
2445,99996.68115089567
2446,99996.68115089567
2447,99996.68115089567
2448,99996.68115089567
2449,99996.68115089567
2450,99996.68115089567
2451,99996.68115089567
2452,99996.68115089567
2453,99996.68115089567
2454,99996.68115089567
2455,99996.68115089567
2456,99996.68115089567
2457,99996.68115089567
2458,99996.68115089567
2459,99996.68115089567
2460,99996.68115089567
2461,99996.68115089567
2462,99996.68115089567
2463,99996.68115089567
2464,99996.68115089567
2465,99996.68115089567
2466,99996.68115089567
2467,99996.68115089567
2468,99996.68115089567
2469,99996.68115089567
2470,99996.68115089567
2471,99996.68115089567
2472,99996.68115089567
2473,99996.68115089567
2474,99996.68115089567
2475,99996.68115089567
2476,99996.68115089567
2477,99996.68115089567
2478,99996.68115089567
2479,99996.68115089567
2480,99996.68115089567
2481,99996.68115089567
2482,99996.68115089567
2483,99996.68115089567
2484,99996.68115089567
2485,99996.68115089567
2486,99996.68115089567
2487,99996.68115089567
2488,99996.68115089567
2489,99996.68115089567
2490,99996.68115089567
2491,99996.68115089567
2492,99996.68115089567
2493,99996.68115089567
2494,99996.68115089567
2495,99996.68115089567
2496,99996.68115089567
2497,99996.68115089567
2498,99996.68115089567
2499,99996.68115089567
2500,99996.68115089567
2501,99996.68115089567
2502,99996.68115089567
2503,99996.68115089567
2504,99996.68115089567
2505,99996.68115089567
2506,99996.68115089567
2507,99996.68115089567
2508,99996.68115089567
2509,99996.68115089567
2510,99996.68115089567
2511,99996.68115089567
2512,99996.68115089567
2513,99996.68115089567
2514,99996.68115089567
2515,99996.68115089567
2516,99996.68115089567
2517,99996.68115089567
2518,99996.68115089567
2519,99996.68115089567
2520,99996.68115089567
2521,99996.68115089567
2522,99996.68115089567
2523,99996.68115089567
2524,99996.68115089567
2525,99996.68115089567
2526,99996.68115089567
2527,99996.68115089567
2528,99996.68115089567
2529,99996.68115089567
2530,99996.68115089567
2531,99996.68115089567
2532,99996.68115089567
2533,99996.68115089567
2534,99996.68115089567
2535,99996.68115089567
2536,99996.68115089567
2537,99996.68115089567
2538,99996.68115089567
2539,99996.68115089567
2540,99996.68115089567
2541,99996.68115089567
2542,99996.68115089567
2543,99996.68115089567
2544,99996.68115089567
2545,99996.68115089567
2546,99996.68115089567
2547,99996.68115089567
2548,99996.68115089567
2549,99996.68115089567
2550,99996.68115089567
2551,99996.68115089567
2552,99996.68115089567
2553,99996.68115089567
2554,99996.68115089567
2555,99996.68115089567
2556,99996.68115089567
2557,99996.68115089567
2558,99996.68115089567
2559,99996.68115089567
2560,99996.68115089567
2561,99996.68115089567
2562,99996.68115089567
2563,99996.68115089567
2564,99996.68115089567
2565,99996.68115089567
2566,99996.68115089567
2567,99996.68115089567
2568,99996.68115089567
2569,99996.68115089567
2570,99996.68115089567
2571,99996.68115089567
2572,99996.68115089567
2573,99996.68115089567
2574,99996.68115089567
2575,99996.68115089567
2576,99996.68115089567
2577,99996.68115089567
2578,99996.68115089567
2579,99996.68115089567
2580,99996.68115089567
2581,99996.68115089567
2582,99996.68115089567
2583,99996.68115089567
2584,99996.68115089567
2585,99996.68115089567
2586,99996.68115089567
2587,99996.68115089567
2588,99996.68115089567
2589,99996.68115089567
2590,99996.68115089567
2591,99996.68115089567
2592,99996.68115089567
2593,99996.68115089567
2594,99996.68115089567
2595,99996.68115089567
2596,99996.68115089567
2597,99996.68115089567
2598,99996.68115089567
2599,99996.68115089567
2600,99996.68115089567
2601,99996.68115089567
2602,99996.68115089567
2603,99996.68115089567
2604,99996.68115089567
2605,99996.68115089567
2606,99996.68115089567
2607,99996.68115089567
2608,99996.68115089567
2609,99996.68115089567
2610,99996.68115089567
2611,99996.68115089567
2612,99996.68115089567
2613,99996.68115089567
2614,99996.68115089567
2615,99996.68115089567
2616,99996.68115089567
2617,99996.68115089567
2618,99996.68115089567
2619,99996.68115089567
2620,99996.68115089567
2621,99996.68115089567
2622,99996.68115089567
2623,99996.68115089567
2624,99996.68115089567
2625,99996.68115089567
2626,99996.68115089567
2627,99996.68115089567
2628,99996.68115089567
2629,99996.68115089567
2630,99996.68115089567
2631,99996.68115089567
2632,99996.68115089567
2633,99996.68115089567
2634,99996.68115089567
2635,99996.68115089567
2636,99996.68115089567
2637,99996.68115089567
2638,99996.68115089567
2639,99996.68115089567
2640,99996.68115089567
2641,99996.68115089567
2642,99996.68115089567
2643,99996.68115089567
2644,99996.68115089567
2645,99996.68115089567
2646,99996.68115089567
2647,99996.68115089567
2648,99996.68115089567
2649,99996.68115089567
2650,99996.68115089567
2651,99996.68115089567
2652,99996.68115089567
2653,99996.68115089567
2654,99996.68115089567
2655,99996.68115089567
2656,99996.68115089567
2657,99996.68115089567
2658,99996.68115089567
2659,99996.68115089567
2660,99996.68115089567
2661,99996.62683439314
2662,99996.01018658582
2663,99996.01018658582
2664,99996.01018658582
2665,99996.01018658582
2666,99996.01018658582
2667,99996.01018658582
2668,99996.01018658582
2669,99996.01018658582
2670,99996.01018658582
2671,99996.01018658582
2672,99996.01018658582
2673,99996.01018658582
2674,99996.01018658582
2675,99996.01018658582
2676,99996.01018658582
2677,99996.01018658582
2678,99996.01018658582
2679,99996.01018658582
2680,99996.01018658582
2681,99996.01018658582
2682,99996.01018658582
2683,99996.01018658582
2684,99996.01018658582
2685,99996.01018658582
2686,99996.01018658582
2687,99996.01018658582
2688,99996.01018658582
2689,99996.01018658582
2690,99996.01018658582
2691,99996.01018658582
2692,99996.01018658582
2693,99996.01018658582
2694,99996.01018658582
2695,99996.01018658582
2696,99996.01018658582
2697,99996.01018658582
2698,99996.01018658582
2699,99996.01018658582
2700,99996.01018658582
2701,99996.01018658582
2702,99996.01018658582
2703,99996.01018658582
2704,99996.01018658582
2705,99996.01018658582
2706,99996.01018658582
2707,99996.01018658582
2708,99996.01018658582
2709,99996.01018658582
2710,99996.01018658582
2711,99996.01018658582
2712,99996.01018658582
2713,99996.01018658582
2714,99996.01018658582
2715,99996.01018658582
2716,99996.01018658582
2717,99996.01018658582
2718,99996.01018658582
2719,99996.01018658582
2720,99996.01018658582
2721,99996.01018658582
2722,99996.01018658582
2723,99996.01018658582
2724,99996.01018658582
2725,99996.01018658582
2726,99996.01018658582
2727,99996.01018658582
2728,99996.01018658582
2729,99996.01018658582
2730,99996.01018658582
2731,99996.01018658582
2732,99996.01018658582
2733,99996.01018658582
2734,99996.01018658582
2735,99996.01018658582
2736,99996.01018658582
2737,99996.01018658582
2738,99996.01018658582
2739,99996.01018658582
2740,99996.01018658582
2741,99996.01018658582
2742,99996.01018658582
2743,99996.01018658582
2744,99996.01018658582
2745,99996.01018658582
2746,99996.01018658582
2747,99996.01018658582
2748,99996.01018658582
2749,99996.01018658582
2750,99996.01018658582
2751,99996.01018658582
2752,99996.01018658582
2753,99996.01018658582
2754,99996.01018658582
2755,99996.01018658582
2756,99996.01018658582
2757,99996.01018658582
2758,99996.01018658582
2759,99996.01018658582
2760,99996.01018658582
2761,99996.01018658582
2762,99996.01018658582
2763,99996.01018658582
2764,99996.01018658582
2765,99996.01018658582
2766,99995.9572856414
2767,99996.40985472547
2768,99995.78763322184
2769,99995.78763322184
2770,99995.78763322184
2771,99995.78763322184
2772,99995.78763322184
2773,99995.78763322184
2774,99995.78763322184
2775,99995.78763322184
2776,99995.78763322184
2777,99995.78763322184
2778,99995.78763322184
2779,99995.78763322184
2780,99995.78763322184
2781,99995.78763322184
2782,99995.78763322184
2783,99995.78763322184
2784,99995.78763322184
2785,99995.78763322184
2786,99995.78763322184
2787,99995.78763322184
2788,99995.78763322184
2789,99995.78763322184
2790,99995.78763322184
2791,99995.78763322184
2792,99995.78763322184
2793,99995.78763322184
2794,99995.78763322184
2795,99995.78763322184
2796,99995.78763322184
2797,99995.78763322184
2798,99995.78763322184
2799,99995.78763322184
2800,99995.78763322184
2801,99995.78763322184
2802,99995.78763322184
2803,99995.78763322184
2804,99995.78763322184
2805,99995.78763322184
2806,99995.78763322184
2807,99995.78763322184
2808,99995.78763322184
2809,99995.78763322184
2810,99995.78763322184
2811,99995.78763322184
2812,99995.78763322184
2813,99995.78763322184
2814,99995.78763322184
2815,99995.78763322184
2816,99995.78763322184
2817,99995.78763322184
2818,99995.78763322184
2819,99995.78763322184
2820,99995.78763322184
2821,99995.78763322184
2822,99995.78763322184
2823,99995.78763322184
2824,99995.78763322184
2825,99995.78763322184
2826,99995.78763322184
2827,99995.78763322184
2828,99995.78763322184
2829,99995.78763322184
2830,99995.78763322184
2831,99995.78763322184
2832,99995.78763322184
2833,99995.78763322184
2834,99995.78763322184
2835,99995.78763322184
2836,99995.78763322184
2837,99995.78763322184
2838,99995.78763322184
2839,99995.78763322184
2840,99995.78763322184
2841,99995.78763322184
2842,99995.78763322184
2843,99995.78763322184
2844,99995.78763322184
2845,99995.78763322184
2846,99995.78763322184
2847,99995.78763322184
2848,99995.78763322184
2849,99995.78763322184
2850,99995.78763322184
2851,99995.78763322184
2852,99995.78763322184
2853,99995.78763322184
2854,99995.78763322184
2855,99995.78763322184
2856,99995.78763322184
2857,99995.78763322184
2858,99995.78763322184
2859,99995.78763322184
2860,99995.78763322184
2861,99995.78763322184
2862,99995.78763322184
2863,99995.78763322184
2864,99995.78763322184
2865,99995.78763322184
2866,99995.78763322184
2867,99995.78763322184
2868,99995.78763322184
2869,99995.78763322184
2870,99995.78763322184
2871,99995.78763322184
2872,99995.78763322184
2873,99995.78763322184
2874,99995.78763322184
2875,99995.78763322184
2876,99995.78763322184
2877,99995.78763322184
2878,99995.78763322184
2879,99995.78763322184
2880,99995.78763322184
2881,99995.78763322184
2882,99995.78763322184
2883,99995.78763322184
2884,99995.78763322184
2885,99995.78763322184
2886,99995.78763322184
2887,99995.78763322184
2888,99995.78763322184
2889,99995.78763322184
2890,99995.78763322184
2891,99995.78763322184
2892,99995.78763322184
2893,99995.78763322184
2894,99995.78763322184
2895,99995.78763322184
2896,99995.78763322184
2897,99995.78763322184
2898,99995.78763322184
2899,99995.78763322184
2900,99995.78763322184
2901,99995.78763322184
2902,99995.78763322184
2903,99995.78763322184
2904,99995.78763322184
2905,99995.78763322184
2906,99995.78763322184
2907,99995.78763322184
2908,99995.78763322184
2909,99995.78763322184
2910,99995.78763322184
2911,99995.78763322184
2912,99995.78763322184
2913,99995.78763322184
2914,99995.78763322184
2915,99995.78763322184
2916,99995.78763322184
2917,99995.78763322184
2918,99995.78763322184
2919,99995.78763322184
2920,99995.78763322184
2921,99995.78763322184
2922,99995.78763322184
2923,99995.78763322184
2924,99995.78763322184
2925,99995.78763322184
2926,99995.78763322184
2927,99995.78763322184
2928,99995.78763322184
2929,99995.78763322184
2930,99995.78763322184
2931,99995.78763322184
2932,99995.78763322184
2933,99995.78763322184
2934,99995.78763322184
2935,99995.78763322184
2936,99995.78763322184
2937,99995.78763322184
2938,99995.78763322184
2939,99995.78763322184
2940,99995.78763322184
2941,99995.78763322184
2942,99995.78763322184
2943,99995.78763322184
2944,99995.78763322184
2945,99995.78763322184
2946,99995.78763322184
2947,99995.78763322184
2948,99995.78763322184
2949,99995.78763322184
2950,99995.78763322184
2951,99995.78763322184
2952,99995.78763322184
2953,99995.78763322184
2954,99995.78763322184
2955,99995.78763322184
2956,99995.78763322184
2957,99995.78763322184
2958,99995.78763322184
2959,99995.78763322184
2960,99995.78763322184
2961,99995.78763322184
2962,99995.78763322184
2963,99995.78763322184
2964,99995.78763322184
2965,99995.78763322184
2966,99995.78763322184
2967,99995.78763322184
2968,99995.78763322184
2969,99995.78763322184
2970,99995.78763322184
2971,99995.78763322184
2972,99995.78763322184
2973,99995.78763322184
2974,99995.78763322184
2975,99995.78763322184
2976,99995.78763322184
2977,99995.78763322184
2978,99995.78763322184
2979,99995.78763322184
2980,99995.78763322184
2981,99995.78763322184
2982,99995.78763322184
2983,99995.78763322184
2984,99995.78763322184
2985,99995.78763322184
2986,99995.78763322184
2987,99995.78763322184
2988,99995.78763322184
2989,99995.78763322184
2990,99995.78763322184
2991,99995.78763322184
2992,99995.78763322184
2993,99995.78763322184
2994,99995.78763322184
2995,99995.78763322184
2996,99995.78763322184
2997,99995.78763322184
2998,99995.78763322184
2999,99995.78763322184
3000,99995.78763322184
3001,99995.78763322184
3002,99995.78763322184
3003,99995.78763322184
3004,99995.78763322184
3005,99995.78763322184
3006,99995.78763322184
3007,99995.78763322184
3008,99995.78763322184
3009,99995.78763322184
3010,99995.78763322184
3011,99995.78763322184
3012,99995.78763322184
3013,99995.78763322184
3014,99995.78763322184
3015,99995.78763322184
3016,99995.78763322184
3017,99995.78763322184
3018,99995.78763322184
3019,99995.78763322184
3020,99995.78763322184
3021,99995.78763322184
3022,99995.78763322184
3023,99995.78763322184
3024,99995.78763322184
3025,99995.78763322184
3026,99995.78763322184
3027,99995.78763322184
3028,99995.78763322184
3029,99995.78763322184
3030,99995.78763322184
3031,99995.78763322184
3032,99995.78763322184
3033,99995.78763322184
3034,99995.78763322184
3035,99995.78763322184
3036,99995.78763322184
3037,99995.78763322184
3038,99995.78763322184
3039,99995.78763322184
3040,99995.78763322184
3041,99995.78763322184
3042,99995.78763322184
3043,99995.78763322184
3044,99995.78763322184
3045,99995.78763322184
3046,99995.78763322184
3047,99995.78763322184
3048,99995.78763322184
3049,99995.78763322184
3050,99995.78763322184
3051,99995.78763322184
3052,99995.78763322184
3053,99995.78763322184
3054,99995.78763322184
3055,99995.78763322184
3056,99995.78763322184
3057,99995.78763322184
3058,99995.78763322184
3059,99995.78763322184
3060,99995.78763322184
3061,99995.78763322184
3062,99995.78763322184
3063,99995.78763322184
3064,99995.78763322184
3065,99995.78763322184
3066,99995.78763322184
3067,99995.78763322184
3068,99995.78763322184
3069,99995.78763322184
3070,99995.78763322184
3071,99995.78763322184
3072,99995.78763322184
3073,99995.78763322184
3074,99995.78763322184
3075,99995.78763322184
3076,99995.78763322184
3077,99995.78763322184
3078,99995.78763322184
3079,99995.78763322184
3080,99995.78763322184
3081,99995.78763322184
3082,99995.78763322184
3083,99995.78763322184
3084,99995.78763322184
3085,99995.78763322184
3086,99995.78763322184
3087,99995.78763322184
3088,99995.78763322184
3089,99995.78763322184
3090,99995.78763322184
3091,99995.78763322184
3092,99995.78763322184
3093,99995.78763322184
3094,99995.78763322184
3095,99995.78763322184
3096,99995.78763322184
3097,99995.78763322184
3098,99995.78763322184
3099,99995.78763322184
3100,99995.78763322184
3101,99995.78763322184
3102,99995.78763322184
3103,99995.78763322184
3104,99995.78763322184
3105,99995.78763322184
3106,99995.78763322184
3107,99995.78763322184
3108,99995.78763322184
3109,99995.78763322184
3110,99995.78763322184
3111,99995.78763322184
3112,99995.78763322184
3113,99995.78763322184
3114,99995.78763322184
3115,99995.78763322184
3116,99995.78763322184
3117,99995.78763322184
3118,99995.78763322184
3119,99995.78763322184
3120,99995.78763322184
3121,99995.78763322184
3122,99995.78763322184
3123,99995.78763322184
3124,99995.78763322184
3125,99995.78763322184
3126,99995.78763322184
3127,99995.78763322184
3128,99995.78763322184
3129,99995.78763322184
3130,99995.78763322184
3131,99995.78763322184
3132,99995.78763322184
3133,99995.78763322184
3134,99995.78763322184
3135,99995.78763322184
3136,99995.78763322184
3137,99995.78763322184
3138,99995.78763322184
3139,99995.78763322184
3140,99995.78763322184
3141,99995.78763322184
3142,99995.78763322184
3143,99995.78763322184
3144,99995.78763322184
3145,99995.78763322184
3146,99995.78763322184
3147,99995.78763322184
3148,99995.78763322184
3149,99995.78763322184
3150,99995.78763322184
3151,99995.78763322184
3152,99995.78763322184
3153,99995.78763322184
3154,99995.78763322184
3155,99995.78763322184
3156,99995.78763322184
3157,99995.78763322184
3158,99995.78763322184
3159,99995.78763322184
3160,99995.78763322184
3161,99995.78763322184
3162,99995.78763322184
3163,99995.78763322184
3164,99995.78763322184
3165,99995.78763322184
3166,99995.78763322184
3167,99995.78763322184
3168,99995.78763322184
3169,99995.78763322184
3170,99995.78763322184
3171,99995.78763322184
3172,99995.78763322184
3173,99995.78763322184
3174,99995.78763322184
3175,99995.78763322184
3176,99995.78763322184
3177,99995.78763322184
3178,99995.78763322184
3179,99995.78763322184
3180,99995.78763322184
3181,99995.78763322184
3182,99995.78763322184
3183,99995.78763322184
3184,99995.78763322184
3185,99995.78763322184
3186,99995.78763322184
3187,99995.78763322184
3188,99995.78763322184
3189,99995.78763322184
3190,99995.78763322184
3191,99995.78763322184
3192,99995.78763322184
3193,99995.78763322184
3194,99995.78763322184
3195,99995.78763322184
3196,99995.78763322184
3197,99995.78763322184
3198,99995.78763322184
3199,99995.78763322184
3200,99995.78763322184
3201,99995.78763322184
3202,99995.78763322184
3203,99995.78763322184
3204,99995.78763322184
3205,99995.78763322184
3206,99995.78763322184
3207,99995.78763322184
3208,99995.78763322184
3209,99995.78763322184
3210,99995.78763322184
3211,99995.78763322184
3212,99995.78763322184
3213,99995.78763322184
3214,99995.78763322184
3215,99995.78763322184
3216,99995.78763322184
3217,99995.78763322184
3218,99995.78763322184
3219,99995.78763322184
3220,99995.78763322184
3221,99995.78763322184
3222,99995.78763322184
3223,99995.78763322184
3224,99995.78763322184
3225,99995.78763322184
3226,99995.78763322184
3227,99995.78763322184
3228,99995.78763322184
3229,99995.78763322184
3230,99995.78763322184
3231,99995.78763322184
3232,99995.78763322184
3233,99995.78763322184
3234,99995.78763322184
3235,99995.78763322184
3236,99995.78763322184
3237,99995.78763322184
3238,99995.78763322184
3239,99995.78763322184
3240,99995.78763322184
3241,99995.78763322184
3242,99995.78763322184
3243,99995.78763322184
3244,99995.78763322184
3245,99995.78763322184
3246,99995.78763322184
3247,99995.78763322184
3248,99995.78763322184
3249,99995.78763322184
3250,99995.78763322184
3251,99995.78763322184
3252,99995.78763322184
3253,99995.78763322184
3254,99995.78763322184
3255,99995.78763322184
3256,99995.78763322184
3257,99995.78763322184
3258,99995.78763322184
3259,99995.78763322184
3260,99995.78763322184
3261,99995.78763322184
3262,99995.78763322184
3263,99995.78763322184
3264,99995.78763322184
3265,99995.78763322184
3266,99995.78763322184
3267,99995.78763322184
3268,99995.78763322184
3269,99995.78763322184
3270,99995.78763322184
3271,99995.78763322184
3272,99995.78763322184
3273,99995.78763322184
3274,99995.78763322184
3275,99995.78763322184
3276,99995.78763322184
3277,99995.78763322184
3278,99995.78763322184
3279,99995.78763322184
3280,99995.78763322184
3281,99995.78763322184
3282,99995.78763322184
3283,99995.78763322184
3284,99995.78763322184
3285,99995.78763322184
3286,99995.78763322184
3287,99995.78763322184
3288,99995.78763322184
3289,99995.78763322184
3290,99995.78763322184
3291,99995.78763322184
3292,99995.78763322184
3293,99995.78763322184
3294,99995.78763322184
3295,99995.78763322184
3296,99995.78763322184
3297,99995.78763322184
3298,99995.78763322184
3299,99995.78763322184
3300,99995.78763322184
3301,99995.78763322184
3302,99995.78763322184
3303,99995.78763322184
3304,99995.78763322184
3305,99995.78763322184
3306,99995.78763322184
3307,99995.78763322184
3308,99995.78763322184
3309,99995.78763322184
3310,99995.78763322184
3311,99995.78763322184
3312,99995.78763322184
3313,99995.78763322184
3314,99995.78763322184
3315,99995.78763322184
3316,99995.78763322184
3317,99995.78763322184
3318,99995.78763322184
3319,99995.78763322184
3320,99995.78763322184
3321,99995.78763322184
3322,99995.78763322184
3323,99995.78763322184
3324,99995.78763322184
3325,99995.78763322184
3326,99995.78763322184
3327,99995.78763322184
3328,99995.78763322184
3329,99995.78763322184
3330,99995.78763322184
3331,99995.78763322184
3332,99995.78763322184
3333,99995.78763322184
3334,99995.78763322184
3335,99995.78763322184
3336,99995.78763322184
3337,99995.78763322184
3338,99995.78763322184
3339,99995.78763322184
3340,99995.78763322184
3341,99995.78763322184
3342,99995.78763322184
3343,99995.78763322184
3344,99995.78763322184
3345,99995.78763322184
3346,99995.78763322184
3347,99995.78763322184
3348,99995.78763322184
3349,99995.78763322184
3350,99995.78763322184
3351,99995.78763322184
3352,99995.78763322184
3353,99995.78763322184
3354,99995.78763322184
3355,99995.78763322184
3356,99995.78763322184
3357,99995.78763322184
3358,99995.78763322184
3359,99995.78763322184
3360,99995.78763322184
3361,99995.78763322184
3362,99995.78763322184
3363,99995.78763322184
3364,99995.78763322184
3365,99995.78763322184
3366,99995.78763322184
3367,99995.78763322184
3368,99995.78763322184
3369,99995.78763322184
3370,99995.78763322184
3371,99995.78763322184
3372,99995.78763322184
3373,99995.78763322184
3374,99995.78763322184
3375,99995.78763322184
3376,99995.78763322184
3377,99995.78763322184
3378,99995.78763322184
3379,99995.78763322184
3380,99995.78763322184
3381,99995.78763322184
3382,99995.78763322184
3383,99995.78763322184
3384,99995.78763322184
3385,99995.78763322184
3386,99995.78763322184
3387,99995.78763322184
3388,99995.78763322184
3389,99995.78763322184
3390,99995.78763322184
3391,99995.78763322184
3392,99995.78763322184
3393,99995.78763322184
3394,99995.78763322184
3395,99995.78763322184
3396,99995.78763322184
3397,99995.78763322184
3398,99995.78763322184
3399,99995.78763322184
3400,99995.78763322184
3401,99995.78763322184
3402,99995.78763322184
3403,99995.78763322184
3404,99995.78763322184
3405,99995.78763322184
3406,99995.78763322184
3407,99995.78763322184
3408,99995.78763322184
3409,99995.78763322184
3410,99995.78763322184
3411,99995.78763322184
3412,99995.78763322184
3413,99995.78763322184
3414,99995.78763322184
3415,99995.78763322184
3416,99995.78763322184
3417,99995.78763322184
3418,99995.78763322184
3419,99995.78763322184
3420,99995.78763322184
3421,99995.78763322184
3422,99995.78763322184
3423,99995.78763322184
3424,99995.78763322184
3425,99995.78763322184
3426,99995.78763322184
3427,99995.78763322184
3428,99995.78763322184
3429,99995.78763322184
3430,99995.78763322184
3431,99995.78763322184
3432,99995.78763322184
3433,99995.78763322184
3434,99995.78763322184
3435,99995.78763322184
3436,99995.78763322184
3437,99995.78763322184
3438,99995.78763322184
3439,99995.78763322184
3440,99995.78763322184
3441,99995.78763322184
3442,99995.78763322184
3443,99995.78763322184
3444,99995.78763322184
3445,99995.78763322184
3446,99995.78763322184
3447,99995.78763322184
3448,99995.78763322184
3449,99995.78763322184
3450,99995.78763322184
3451,99995.78763322184
3452,99995.78763322184
3453,99995.78763322184
3454,99995.78763322184
3455,99995.78763322184
3456,99995.78763322184
3457,99995.78763322184
3458,99995.78763322184
3459,99995.78763322184
3460,99995.78763322184
3461,99995.78763322184
3462,99995.78763322184
3463,99995.78763322184
3464,99995.78763322184
3465,99995.78763322184
3466,99995.78763322184
3467,99995.78763322184
3468,99995.78763322184
3469,99995.78763322184
3470,99995.78763322184
3471,99995.78763322184
3472,99995.78763322184
3473,99995.78763322184
3474,99995.78763322184
3475,99995.78763322184
3476,99995.78763322184
3477,99995.78763322184
3478,99995.78763322184
3479,99995.78763322184
3480,99995.78763322184
3481,99995.78763322184
3482,99995.78763322184
3483,99995.78763322184
3484,99995.78763322184
3485,99995.78763322184
3486,99995.78763322184
3487,99995.78763322184
3488,99995.78763322184
3489,99995.78763322184
3490,99995.78763322184
3491,99995.78763322184
3492,99995.78763322184
3493,99995.78763322184
3494,99995.78763322184
3495,99995.78763322184
3496,99995.78763322184
3497,99995.78763322184
3498,99995.78763322184
3499,99995.78763322184
3500,99995.78763322184
3501,99995.78763322184
3502,99995.78763322184
3503,99995.78763322184
3504,99995.78763322184
3505,99995.78763322184
3506,99995.78763322184
3507,99995.78763322184
3508,99995.78763322184
3509,99995.78763322184
3510,99995.78763322184
3511,99995.78763322184
3512,99995.78763322184
3513,99995.78763322184
3514,99995.78763322184
3515,99995.78763322184
3516,99995.78763322184
3517,99995.78763322184
3518,99995.78763322184
3519,99995.78763322184
3520,99995.78763322184
3521,99995.78763322184
3522,99995.78763322184
3523,99995.78763322184
3524,99995.78763322184
3525,99995.78763322184
3526,99995.78763322184
3527,99995.78763322184
3528,99995.78763322184
3529,99995.78763322184
3530,99995.78763322184
3531,99995.78763322184
3532,99995.78763322184
3533,99995.78763322184
3534,99995.78763322184
3535,99995.78763322184
3536,99995.78763322184
3537,99995.78763322184
3538,99995.78763322184
3539,99995.78763322184
3540,99995.78763322184
3541,99995.78763322184
3542,99995.78763322184
3543,99995.78763322184
3544,99995.78763322184
3545,99995.78763322184
3546,99995.78763322184
3547,99995.78763322184
3548,99995.78763322184
3549,99995.78763322184
3550,99995.78763322184
3551,99995.78763322184
3552,99995.78763322184
3553,99995.78763322184
3554,99995.78763322184
3555,99995.78763322184
3556,99995.78763322184
3557,99995.78763322184
3558,99995.78763322184
3559,99995.78763322184
3560,99995.78763322184
3561,99995.78763322184
3562,99995.78763322184
3563,99995.78763322184
3564,99995.78763322184
3565,99995.78763322184
3566,99995.78763322184
3567,99995.78763322184
3568,99995.78763322184
3569,99995.78763322184
3570,99995.78763322184
3571,99995.78763322184
3572,99995.78763322184
3573,99995.78763322184
3574,99995.78763322184
3575,99995.78763322184
3576,99995.78763322184
3577,99995.78763322184
3578,99995.78763322184
3579,99995.78763322184
3580,99995.78763322184
3581,99995.78763322184
3582,99995.78763322184
3583,99995.78763322184
3584,99995.78763322184
3585,99995.78763322184
3586,99995.78763322184
3587,99995.78763322184
3588,99995.78763322184
3589,99995.78763322184
3590,99995.78763322184
3591,99995.78763322184
3592,99995.78763322184
3593,99995.78763322184
3594,99995.78763322184
3595,99995.78763322184
3596,99995.78763322184
3597,99995.78763322184
3598,99995.78763322184
3599,99995.78763322184
3600,99995.78763322184
3601,99995.78763322184
3602,99995.78763322184
3603,99995.78763322184
3604,99995.78763322184
3605,99995.78763322184
3606,99995.78763322184
3607,99995.78763322184
3608,99995.78763322184
3609,99995.78763322184
3610,99995.78763322184
3611,99995.78763322184
3612,99995.78763322184
3613,99995.78763322184
3614,99995.78763322184
3615,99995.78763322184
3616,99995.78763322184
3617,99995.78763322184
3618,99995.78763322184
3619,99995.78763322184
3620,99995.78763322184
3621,99995.78763322184
3622,99995.78763322184
3623,99995.78763322184
3624,99995.78763322184
3625,99995.78763322184
3626,99995.78763322184
3627,99995.78763322184
3628,99995.78763322184
3629,99995.78763322184
3630,99995.78763322184
3631,99995.78763322184
3632,99995.78763322184
3633,99995.78763322184
3634,99995.78763322184
3635,99995.78763322184
3636,99995.78763322184
3637,99995.78763322184
3638,99995.78763322184
3639,99995.78763322184
3640,99995.78763322184
3641,99995.78763322184
3642,99995.78763322184
3643,99995.78763322184
3644,99995.78763322184
3645,99995.78763322184
3646,99995.78763322184
3647,99995.78763322184
3648,99995.78763322184
3649,99995.78763322184
3650,99995.78763322184
3651,99995.78763322184
3652,99995.78763322184
3653,99995.78763322184
3654,99995.78763322184
3655,99995.78763322184
3656,99995.78763322184
3657,99995.78763322184
3658,99995.78763322184
3659,99995.78763322184
3660,99995.78763322184
3661,99995.78763322184
3662,99995.78763322184
3663,99995.78763322184
3664,99995.78763322184
3665,99995.78763322184
3666,99995.78763322184
3667,99995.78763322184
3668,99995.78763322184
3669,99995.78763322184
3670,99995.78763322184
3671,99995.78763322184
3672,99995.78763322184
3673,99995.78763322184
3674,99995.78763322184
3675,99995.78763322184
3676,99995.78763322184
3677,99995.78763322184
3678,99995.78763322184
3679,99995.78763322184
3680,99995.78763322184
3681,99995.78763322184
3682,99995.78763322184
3683,99995.78763322184
3684,99995.78763322184
3685,99995.78763322184
3686,99995.78763322184
3687,99995.78763322184
3688,99995.78763322184
3689,99995.78763322184
3690,99995.78763322184
3691,99995.78763322184
3692,99995.78763322184
3693,99995.78763322184
3694,99995.78763322184
3695,99995.78763322184
3696,99995.78763322184
3697,99995.78763322184
3698,99995.78763322184
3699,99995.78763322184
3700,99995.78763322184
3701,99995.78763322184
3702,99995.78763322184
3703,99995.78763322184
3704,99995.78763322184
3705,99995.78763322184
3706,99995.78763322184
3707,99995.78763322184
3708,99995.78763322184
3709,99995.78763322184
3710,99995.78763322184
3711,99995.78763322184
3712,99995.78763322184
3713,99995.78763322184
3714,99995.78763322184
3715,99995.78763322184
3716,99995.78763322184
3717,99995.78763322184
3718,99995.78763322184
3719,99995.78763322184
3720,99995.78763322184
3721,99995.78763322184
3722,99995.78763322184
3723,99995.78763322184
3724,99995.78763322184
3725,99995.78763322184
3726,99995.78763322184
3727,99995.78763322184
3728,99995.78763322184
3729,99995.78763322184
3730,99995.78763322184
3731,99995.78763322184
3732,99995.78763322184
3733,99995.78763322184
3734,99995.78763322184
3735,99995.78763322184
3736,99995.78763322184
3737,99995.78763322184
3738,99995.78763322184
3739,99995.78763322184
3740,99995.78763322184
3741,99995.78763322184
3742,99995.78763322184
3743,99995.78763322184
3744,99995.78763322184
3745,99995.78763322184
3746,99995.78763322184
3747,99995.78763322184
3748,99995.78763322184
3749,99995.78763322184
3750,99995.78763322184
3751,99995.78763322184
3752,99995.78763322184
3753,99995.78763322184
3754,99995.78763322184
3755,99995.78763322184
3756,99995.78763322184
3757,99995.78763322184
3758,99995.78763322184
3759,99995.78763322184
3760,99995.78763322184
3761,99995.78763322184
3762,99995.78763322184
3763,99995.78763322184
3764,99995.78763322184
3765,99995.78763322184
3766,99995.78763322184
3767,99995.78763322184
3768,99995.78763322184
3769,99995.78763322184
3770,99995.78763322184
3771,99995.78763322184
3772,99995.78763322184
3773,99995.78763322184
3774,99995.78763322184
3775,99995.78763322184
3776,99995.78763322184
3777,99995.78763322184
3778,99995.78763322184
3779,99995.78763322184
3780,99995.78763322184
3781,99995.78763322184
3782,99995.78763322184
3783,99995.78763322184
3784,99995.78763322184
3785,99995.78763322184
3786,99995.78763322184
3787,99995.78763322184
3788,99995.78763322184
3789,99995.78763322184
3790,99995.78763322184
3791,99995.78763322184
3792,99995.78763322184
3793,99995.78763322184
3794,99995.78763322184
3795,99995.78763322184
3796,99995.78763322184
3797,99995.78763322184
3798,99995.78763322184
3799,99995.78763322184
3800,99995.78763322184
3801,99995.78763322184
3802,99995.78763322184
3803,99995.78763322184
3804,99995.78763322184
3805,99995.78763322184
3806,99995.78763322184
3807,99995.78763322184
3808,99995.78763322184
3809,99995.78763322184
3810,99995.78763322184
3811,99995.78763322184
3812,99995.78763322184
3813,99995.78763322184
3814,99995.78763322184
3815,99995.78763322184
3816,99995.78763322184
3817,99995.78763322184
3818,99995.78763322184
3819,99995.78763322184
3820,99995.78763322184
3821,99995.78763322184
3822,99995.78763322184
3823,99995.78763322184
3824,99995.78763322184
3825,99995.78763322184
3826,99995.78763322184
3827,99995.78763322184
3828,99995.78763322184
3829,99995.78763322184
3830,99995.78763322184
3831,99995.78763322184
3832,99995.78763322184
3833,99995.78763322184
3834,99995.78763322184
3835,99995.78763322184
3836,99995.78763322184
3837,99995.78763322184
3838,99995.78763322184
3839,99995.78763322184
3840,99995.78763322184
3841,99995.78763322184
3842,99995.78763322184
3843,99995.78763322184
3844,99995.78763322184
3845,99995.78763322184
3846,99995.78763322184
3847,99995.78763322184
3848,99995.78763322184
3849,99995.78763322184
3850,99995.78763322184
3851,99995.78763322184
3852,99995.78763322184
3853,99995.78763322184
3854,99995.78763322184
3855,99995.78763322184
3856,99995.78763322184
3857,99995.78763322184
3858,99995.78763322184
3859,99995.78763322184
3860,99995.78763322184
3861,99995.78763322184
3862,99995.78763322184
3863,99995.78763322184
3864,99995.78763322184
3865,99995.78763322184
3866,99995.78763322184
3867,99995.78763322184
3868,99995.78763322184
3869,99995.78763322184
3870,99995.78763322184
3871,99995.78763322184
3872,99995.78763322184
3873,99995.78763322184
3874,99995.78763322184
3875,99995.78763322184
3876,99995.78763322184
3877,99995.78763322184
3878,99995.78763322184
3879,99995.78763322184
3880,99995.78763322184
3881,99995.78763322184
3882,99995.78763322184
3883,99995.78763322184
3884,99995.78763322184
3885,99995.78763322184
3886,99995.78763322184
3887,99995.78763322184
3888,99995.78763322184
3889,99995.78763322184
3890,99995.78763322184
3891,99995.78763322184
3892,99995.78763322184
3893,99995.78763322184
3894,99995.78763322184
3895,99995.78763322184
3896,99995.78763322184
3897,99995.78763322184
3898,99995.78763322184
3899,99995.78763322184
3900,99995.78763322184
3901,99995.78763322184
3902,99995.78763322184
3903,99995.78763322184
3904,99995.78763322184
3905,99995.78763322184
3906,99995.78763322184
3907,99995.78763322184
3908,99995.78763322184
3909,99995.78763322184
3910,99995.78763322184
3911,99995.78763322184
3912,99995.78763322184
3913,99995.78763322184
3914,99995.78763322184
3915,99995.78763322184
3916,99995.78763322184
3917,99995.78763322184
3918,99995.78763322184
3919,99995.78763322184
3920,99995.78763322184
3921,99995.78763322184
3922,99995.78763322184
3923,99995.78763322184
3924,99995.78763322184
3925,99995.78763322184
3926,99995.78763322184
3927,99995.78763322184
3928,99995.78763322184
3929,99995.78763322184
3930,99995.78763322184
3931,99995.78763322184
3932,99995.78763322184
3933,99995.78763322184
3934,99995.78763322184
3935,99995.78763322184
3936,99995.78763322184
3937,99995.78763322184
3938,99995.78763322184
3939,99995.78763322184
3940,99995.78763322184
3941,99995.78763322184
3942,99995.78763322184
3943,99995.78763322184
3944,99995.78763322184
3945,99995.78763322184
3946,99995.78763322184
3947,99995.78763322184
3948,99995.78763322184
3949,99995.78763322184
3950,99995.78763322184
3951,99995.78763322184
3952,99995.78763322184
3953,99995.78763322184
3954,99995.78763322184
3955,99995.78763322184
3956,99995.78763322184
3957,99995.78763322184
3958,99995.78763322184
3959,99995.78763322184
3960,99995.78763322184
3961,99995.78763322184
3962,99995.78763322184
3963,99995.78763322184
3964,99995.78763322184
3965,99995.78763322184
3966,99995.78763322184
3967,99995.78763322184
3968,99995.78763322184
3969,99995.78763322184
3970,99995.78763322184
3971,99995.78763322184
3972,99995.78763322184
3973,99995.78763322184
3974,99995.78763322184
3975,99995.78763322184
3976,99995.78763322184
3977,99995.78763322184
3978,99995.78763322184
3979,99995.78763322184
3980,99995.78763322184
3981,99995.78763322184
3982,99995.78763322184
3983,99995.78763322184
3984,99995.78763322184
3985,99995.78763322184
3986,99995.78763322184
3987,99995.78763322184
3988,99995.78763322184
3989,99995.78763322184
3990,99995.78763322184
3991,99995.78763322184
3992,99995.78763322184
3993,99995.78763322184
3994,99995.78763322184
3995,99995.78763322184
3996,99995.78763322184
3997,99995.78763322184
3998,99995.78763322184
3999,99995.78763322184
4000,99995.78763322184
4001,99995.78763322184
4002,99995.78763322184
4003,99995.78763322184
4004,99995.78763322184
4005,99995.78763322184
4006,99995.78763322184
4007,99995.78763322184
4008,99995.78763322184
4009,99995.78763322184
4010,99995.78763322184
4011,99995.78763322184
4012,99995.78763322184
4013,99995.78763322184
4014,99995.78763322184
4015,99995.78763322184
4016,99995.78763322184
4017,99995.78763322184
4018,99995.78763322184
4019,99995.78763322184
4020,99995.78763322184
4021,99995.78763322184
4022,99995.78763322184
4023,99995.78763322184
4024,99995.78763322184
4025,99995.78763322184
4026,99995.78763322184
4027,99995.78763322184
4028,99995.78763322184
4029,99995.7439796475
4030,99995.19245566498
4031,99995.19245566498
4032,99995.19245566498
4033,99995.19245566498
4034,99995.19245566498
4035,99995.19245566498
4036,99995.19245566498
4037,99995.19245566498
4038,99995.19245566498
4039,99995.19245566498
4040,99995.19245566498
4041,99995.19245566498
4042,99995.19245566498
4043,99995.19245566498
4044,99995.19245566498
4045,99995.19245566498
4046,99995.15457869813
4047,99994.76873811446
4048,99994.76873811446
4049,99994.76873811446
4050,99994.76873811446
4051,99994.76873811446
4052,99994.76873811446
4053,99994.76873811446
4054,99994.76873811446
4055,99994.76873811446
4056,99994.76873811446
4057,99994.76873811446
4058,99994.76873811446
4059,99994.76873811446
4060,99994.76873811446
4061,99994.76873811446
4062,99994.76873811446
4063,99994.76873811446
4064,99994.76873811446
4065,99994.76873811446
4066,99994.76873811446
4067,99994.76873811446
4068,99994.76873811446
4069,99994.76873811446
4070,99994.76873811446
4071,99994.76873811446
4072,99994.76873811446
4073,99994.76873811446
4074,99994.76873811446
4075,99994.76873811446
4076,99994.76873811446
4077,99994.76873811446
4078,99994.76873811446
4079,99994.76873811446
4080,99994.76873811446
4081,99994.76873811446
4082,99994.76873811446
4083,99994.76873811446
4084,99994.76873811446
4085,99994.76873811446
4086,99994.76873811446
4087,99994.76873811446
4088,99994.76873811446
4089,99994.76873811446
4090,99994.76873811446
4091,99994.76873811446
4092,99994.76873811446
4093,99994.76873811446
4094,99994.76873811446
4095,99994.76873811446
4096,99994.76873811446
4097,99994.76873811446
4098,99994.76873811446
4099,99994.76873811446
4100,99994.76873811446
4101,99994.76873811446
4102,99994.76873811446
4103,99994.76873811446
4104,99994.76873811446
4105,99994.76873811446
4106,99994.76873811446
4107,99994.76873811446
4108,99994.76873811446
4109,99994.76873811446
4110,99994.76873811446
4111,99994.76873811446
4112,99994.76873811446
4113,99994.76873811446
4114,99994.76873811446
4115,99994.76873811446
4116,99994.76873811446
4117,99994.76873811446
4118,99994.76873811446
4119,99994.76873811446
4120,99994.76873811446
4121,99994.76873811446
4122,99994.76873811446
4123,99994.76873811446
4124,99994.76873811446
4125,99994.76873811446
4126,99994.76873811446
4127,99994.76873811446
4128,99994.76873811446
4129,99994.76873811446
4130,99994.76873811446
4131,99994.76873811446
4132,99994.76873811446
4133,99994.76873811446
4134,99994.76873811446
4135,99994.76873811446
4136,99994.76873811446
4137,99994.76873811446
4138,99994.76873811446
4139,99994.76873811446
4140,99994.76873811446
4141,99994.76873811446
4142,99994.76873811446
4143,99994.76873811446
4144,99994.76873811446
4145,99994.76873811446
4146,99994.76873811446
4147,99994.76873811446
4148,99994.76873811446
4149,99994.76873811446
4150,99994.76873811446
4151,99994.76873811446
4152,99994.76873811446
4153,99994.76873811446
4154,99994.76873811446
4155,99994.76873811446
4156,99994.76873811446
4157,99994.76873811446
4158,99994.76873811446
4159,99994.76873811446
4160,99994.76873811446
4161,99994.76873811446
4162,99994.76873811446
4163,99994.76873811446
4164,99994.76873811446
4165,99994.76873811446
4166,99994.76873811446
4167,99994.76873811446
4168,99994.76873811446
4169,99994.76873811446
4170,99994.76873811446
4171,99994.76873811446
4172,99994.76873811446
4173,99994.76873811446
4174,99994.76873811446
4175,99994.76873811446
4176,99994.76873811446
4177,99994.76873811446
4178,99994.76873811446
4179,99994.76873811446
4180,99994.76873811446
4181,99994.76873811446
4182,99994.76873811446
4183,99994.76873811446
4184,99994.76873811446
4185,99994.76873811446
4186,99994.76873811446
4187,99994.76873811446
4188,99994.76873811446
4189,99994.76873811446
4190,99994.76873811446
4191,99994.76873811446
4192,99994.76873811446
4193,99994.76873811446
4194,99994.76873811446
4195,99994.76873811446
4196,99994.76873811446
4197,99994.76873811446
4198,99994.76873811446
4199,99994.76873811446
4200,99994.76873811446
4201,99994.76873811446
4202,99994.76873811446
4203,99994.76873811446
4204,99994.76873811446
4205,99994.76873811446
4206,99994.76873811446
4207,99994.76873811446
4208,99994.76873811446
4209,99994.76873811446
4210,99994.76873811446
4211,99994.76873811446
4212,99994.76873811446
4213,99994.76873811446
4214,99994.76873811446
4215,99994.76873811446
4216,99994.76873811446
4217,99994.76873811446
4218,99994.76873811446
4219,99994.76873811446
4220,99994.76873811446
4221,99994.76873811446
4222,99994.76873811446
4223,99994.76873811446
4224,99994.76873811446
4225,99994.76873811446
4226,99994.76873811446
4227,99994.76873811446
4228,99994.76873811446
4229,99994.76873811446
4230,99994.76873811446
4231,99994.76873811446
4232,99994.76873811446
4233,99994.76873811446
4234,99994.76873811446
4235,99994.76873811446
4236,99994.76873811446
4237,99994.76873811446
4238,99994.76873811446
4239,99994.76873811446
4240,99994.76873811446
4241,99994.76873811446
4242,99994.76873811446
4243,99994.76873811446
4244,99994.76873811446
4245,99994.76873811446
4246,99994.76873811446
4247,99994.76873811446
4248,99994.76873811446
4249,99994.76873811446
4250,99994.76873811446
4251,99994.76873811446
4252,99994.76873811446
4253,99994.76873811446
4254,99994.76873811446
4255,99994.76873811446
4256,99994.76873811446
4257,99994.76873811446
4258,99994.76873811446
4259,99994.76873811446
4260,99994.76873811446
4261,99994.76873811446
4262,99994.76873811446
4263,99994.76873811446
4264,99994.76873811446
4265,99994.76873811446
4266,99994.76873811446
4267,99994.76873811446
4268,99994.76873811446
4269,99994.76873811446
4270,99994.76873811446
4271,99994.76873811446
4272,99994.76873811446
4273,99994.76873811446
4274,99994.76873811446
4275,99994.76873811446
4276,99994.76873811446
4277,99994.76873811446
4278,99994.76873811446
4279,99994.76873811446
4280,99994.76873811446
4281,99994.76873811446
4282,99994.76873811446
4283,99994.76873811446
4284,99994.76873811446
4285,99994.76873811446
4286,99994.76873811446
4287,99994.76873811446
4288,99994.76873811446
4289,99994.76873811446
4290,99994.76873811446
4291,99994.76873811446
4292,99994.76873811446
4293,99994.76873811446
4294,99994.76873811446
4295,99994.76873811446
4296,99994.76873811446
4297,99994.76873811446
4298,99994.76873811446
4299,99994.76873811446
4300,99994.76873811446
4301,99994.76873811446
4302,99994.76873811446
4303,99994.76873811446
4304,99994.76873811446
4305,99994.76873811446
4306,99994.76873811446
4307,99994.76873811446
4308,99994.76873811446
4309,99994.76873811446
4310,99994.76873811446
4311,99994.76873811446
4312,99994.76873811446
4313,99994.76873811446
4314,99994.76873811446
4315,99994.76873811446
4316,99994.76873811446
4317,99994.76873811446
4318,99994.76873811446
4319,99994.76873811446
4320,99994.76873811446
4321,99994.76873811446
4322,99994.76873811446
4323,99994.76873811446
4324,99994.76873811446
4325,99994.76873811446
4326,99994.76873811446
4327,99994.76873811446
4328,99994.76873811446
4329,99994.76873811446
4330,99994.76873811446
4331,99994.76873811446
4332,99994.76873811446
4333,99994.76873811446
4334,99994.76873811446
4335,99994.76873811446
4336,99994.76873811446
4337,99994.76873811446
4338,99994.76873811446
4339,99994.76873811446
4340,99994.76873811446
4341,99994.76873811446
4342,99994.76873811446
4343,99994.76873811446
4344,99994.76873811446
4345,99994.76873811446
4346,99994.76873811446
4347,99994.76873811446
4348,99994.76873811446
4349,99994.76873811446
4350,99994.76873811446
4351,99994.76873811446
4352,99994.76873811446
4353,99994.76873811446
4354,99994.76873811446
4355,99994.76873811446
4356,99994.76873811446
4357,99994.76873811446
4358,99994.76873811446
4359,99994.76873811446
4360,99994.76873811446
4361,99994.76873811446
4362,99994.76873811446
4363,99994.76873811446
4364,99994.76873811446
4365,99994.76873811446
4366,99994.76873811446
4367,99994.76873811446
4368,99994.76873811446
4369,99994.76873811446
4370,99994.76873811446
4371,99994.76873811446
4372,99994.76873811446
4373,99994.76873811446
4374,99994.76873811446
4375,99994.76873811446
4376,99994.76873811446
4377,99994.76873811446
4378,99994.76873811446
4379,99994.76873811446
4380,99994.76873811446
4381,99994.76873811446
4382,99994.76873811446
4383,99994.76873811446
4384,99994.76873811446
4385,99994.76873811446
4386,99994.76873811446
4387,99994.76873811446
4388,99994.76873811446
4389,99994.76873811446
4390,99994.76873811446
4391,99994.76873811446
4392,99994.76873811446
4393,99994.76873811446
4394,99994.76873811446
4395,99994.76873811446
4396,99994.76873811446
4397,99994.76873811446
4398,99994.76873811446
4399,99994.76873811446
4400,99994.76873811446
4401,99994.76873811446
4402,99994.76873811446
4403,99994.76873811446
4404,99994.76873811446
4405,99994.76873811446
4406,99994.76873811446
4407,99994.76873811446
4408,99994.76873811446
4409,99994.76873811446
4410,99994.76873811446
4411,99994.76873811446
4412,99994.76873811446
4413,99994.76873811446
4414,99994.76873811446
4415,99994.76873811446
4416,99994.76873811446
4417,99994.76873811446
4418,99994.76873811446
4419,99994.76873811446
4420,99994.76873811446
4421,99994.76873811446
4422,99994.76873811446
4423,99994.76873811446
4424,99994.76873811446
4425,99994.76873811446
4426,99994.76873811446
4427,99994.76873811446
4428,99994.76873811446
4429,99994.76873811446
4430,99994.76873811446
4431,99994.76873811446
4432,99994.76873811446
4433,99994.76873811446
4434,99994.76873811446
4435,99994.76873811446
4436,99994.76873811446
4437,99994.76873811446
4438,99994.76873811446
4439,99994.76873811446
4440,99994.76873811446
4441,99994.76873811446
4442,99994.76873811446
4443,99994.76873811446
4444,99994.76873811446
4445,99994.76873811446
4446,99994.76873811446
4447,99994.76873811446
4448,99994.76873811446
4449,99994.76873811446
4450,99994.76873811446
4451,99994.76873811446
4452,99994.76873811446
4453,99994.76873811446
4454,99994.76873811446
4455,99994.76873811446
4456,99994.76873811446
4457,99994.76873811446
4458,99994.76873811446
4459,99994.76873811446
4460,99994.76873811446
4461,99994.76873811446
4462,99994.76873811446
4463,99994.76873811446
4464,99994.76873811446
4465,99994.76873811446
4466,99994.76873811446
4467,99994.76873811446
4468,99994.76873811446
4469,99994.76873811446
4470,99994.76873811446
4471,99994.76873811446
4472,99994.76873811446
4473,99994.76873811446
4474,99994.76873811446
4475,99994.76873811446
4476,99994.76873811446
4477,99994.76873811446
4478,99994.76873811446
4479,99994.76873811446
4480,99994.76873811446
4481,99994.76873811446
4482,99994.76873811446
4483,99994.76873811446
4484,99994.76873811446
4485,99994.76873811446
4486,99994.76873811446
4487,99994.76873811446
4488,99994.76873811446
4489,99994.76873811446
4490,99994.76873811446
4491,99994.76873811446
4492,99994.76873811446
4493,99994.76873811446
4494,99994.76873811446
4495,99994.76873811446
4496,99994.76873811446
4497,99994.76873811446
4498,99994.76873811446
4499,99994.76873811446
4500,99994.76873811446
4501,99994.76873811446
4502,99994.76873811446
4503,99994.76873811446
4504,99994.76873811446
4505,99994.76873811446
4506,99994.76873811446
4507,99994.76873811446
4508,99994.76873811446
4509,99994.76873811446
4510,99994.76873811446
4511,99994.76873811446
4512,99994.76873811446
4513,99994.76873811446
4514,99994.76873811446
4515,99994.76873811446
4516,99994.76873811446
4517,99994.76873811446
4518,99994.76873811446
4519,99994.76873811446
4520,99994.76873811446
4521,99994.76873811446
4522,99994.76873811446
4523,99994.76873811446
4524,99994.76873811446
4525,99994.76873811446
4526,99994.76873811446
4527,99994.76873811446
4528,99994.76873811446
4529,99994.76873811446
4530,99994.76873811446
4531,99994.76873811446
4532,99994.76873811446
4533,99994.76873811446
4534,99994.76873811446
4535,99994.76873811446
4536,99994.76873811446
4537,99994.76873811446
4538,99994.76873811446
4539,99994.76873811446
4540,99994.76873811446
4541,99994.76873811446
4542,99994.76873811446
4543,99994.76873811446
4544,99994.76873811446
4545,99994.76873811446
4546,99994.76873811446
4547,99994.76873811446
4548,99994.76873811446
4549,99994.76873811446
4550,99994.76873811446
4551,99994.76873811446
4552,99994.76873811446
4553,99994.76873811446
4554,99994.76873811446
4555,99994.76873811446
4556,99994.76873811446
4557,99994.76873811446
4558,99994.76873811446
4559,99994.76873811446
4560,99994.76873811446
4561,99994.76873811446
4562,99994.76873811446
4563,99994.76873811446
4564,99994.76873811446
4565,99994.76873811446
4566,99994.76873811446
4567,99994.76873811446
4568,99994.76873811446
4569,99994.76873811446
4570,99994.76873811446
4571,99994.76873811446
4572,99994.76873811446
4573,99994.76873811446
4574,99994.76873811446
4575,99994.76873811446
4576,99994.76873811446
4577,99994.76873811446
4578,99994.76873811446
4579,99994.76873811446
4580,99994.76873811446
4581,99994.76873811446
4582,99994.76873811446
4583,99994.76873811446
4584,99994.76873811446
4585,99994.76873811446
4586,99994.76873811446
4587,99994.76873811446
4588,99994.76873811446
4589,99994.76873811446
4590,99994.76873811446
4591,99994.76873811446
4592,99994.76873811446
4593,99994.76873811446
4594,99994.76873811446
4595,99994.76873811446
4596,99994.76873811446
4597,99994.76873811446
4598,99994.76873811446
4599,99994.76873811446
4600,99994.76873811446
4601,99994.76873811446
4602,99994.76873811446
4603,99994.76873811446
4604,99994.76873811446
4605,99994.76873811446
4606,99994.76873811446
4607,99994.76873811446
4608,99994.76873811446
4609,99994.76873811446
4610,99994.76873811446
4611,99994.71375565365
4612,99994.16241827699
4613,99994.16241827699
4614,99994.16241827699
4615,99994.16241827699
4616,99994.16241827699
4617,99994.16241827699
4618,99994.16241827699
4619,99994.16241827699
4620,99994.16241827699
4621,99994.16241827699
4622,99994.16241827699
4623,99994.16241827699
4624,99994.16241827699
4625,99994.16241827699
4626,99994.16241827699
4627,99994.16241827699
4628,99994.16241827699
4629,99994.16241827699
4630,99994.16241827699
4631,99994.16241827699
4632,99994.16241827699
4633,99994.16241827699
4634,99994.16241827699
4635,99994.16241827699
4636,99994.16241827699
4637,99994.16241827699
4638,99994.16241827699
4639,99994.16241827699
4640,99994.16241827699
4641,99994.16241827699
4642,99994.16241827699
4643,99994.16241827699
4644,99994.16241827699
4645,99994.16241827699
4646,99994.16241827699
4647,99994.16241827699
4648,99994.16241827699
4649,99994.16241827699
4650,99994.16241827699
4651,99994.16241827699
4652,99994.16241827699
4653,99994.16241827699
4654,99994.16241827699
4655,99994.16241827699
4656,99994.16241827699
4657,99994.16241827699
4658,99994.16241827699
4659,99994.16241827699
4660,99994.16241827699
4661,99994.16241827699
4662,99994.16241827699
4663,99994.16241827699
4664,99994.16241827699
4665,99994.16241827699
4666,99994.16241827699
4667,99994.16241827699
4668,99994.16241827699
4669,99994.16241827699
4670,99994.16241827699
4671,99994.16241827699
4672,99994.16241827699
4673,99994.16241827699
4674,99994.16241827699
4675,99994.16241827699
4676,99994.16241827699
4677,99994.16241827699
4678,99994.16241827699
4679,99994.16241827699
4680,99994.16241827699
4681,99994.16241827699
4682,99994.16241827699
4683,99994.16241827699
4684,99994.16241827699
4685,99994.16241827699
4686,99994.16241827699
4687,99994.16241827699
4688,99994.16241827699
4689,99994.16241827699
4690,99994.16241827699
4691,99994.16241827699
4692,99994.16241827699
4693,99994.16241827699
4694,99994.16241827699
4695,99994.16241827699
4696,99994.16241827699
4697,99994.16241827699
4698,99994.16241827699
4699,99994.16241827699
4700,99994.16241827699
4701,99994.16241827699
4702,99994.16241827699
4703,99994.16241827699
4704,99994.16241827699
4705,99994.16241827699
4706,99994.16241827699
4707,99994.16241827699
4708,99994.16241827699
4709,99994.16241827699
4710,99994.16241827699
4711,99994.16241827699
4712,99994.16241827699
4713,99994.16241827699
4714,99994.16241827699
4715,99994.16241827699
4716,99994.16241827699
4717,99994.16241827699
4718,99994.16241827699
4719,99994.16241827699
4720,99994.16241827699
4721,99994.16241827699
4722,99994.16241827699
4723,99994.16241827699
4724,99994.16241827699
4725,99994.16241827699
4726,99994.16241827699
4727,99994.16241827699
4728,99994.16241827699
4729,99994.16241827699
4730,99994.16241827699
4731,99994.16241827699
4732,99994.16241827699
4733,99994.16241827699
4734,99994.16241827699
4735,99994.16241827699
4736,99994.16241827699
4737,99994.16241827699
4738,99994.16241827699
4739,99994.16241827699
4740,99994.16241827699
4741,99994.16241827699
4742,99994.16241827699
4743,99994.16241827699
4744,99994.16241827699
4745,99994.16241827699
4746,99994.16241827699
4747,99994.16241827699
4748,99994.16241827699
4749,99994.16241827699
4750,99994.16241827699
4751,99994.16241827699
4752,99994.16241827699
4753,99994.16241827699
4754,99994.16241827699
4755,99994.16241827699
4756,99994.16241827699
4757,99994.16241827699
4758,99994.16241827699
4759,99994.16241827699
4760,99994.16241827699
4761,99994.16241827699
4762,99994.16241827699
4763,99994.16241827699
4764,99994.16241827699
4765,99994.16241827699
4766,99994.16241827699
4767,99994.16241827699
4768,99994.16241827699
4769,99994.16241827699
4770,99994.16241827699
4771,99994.16241827699
4772,99994.16241827699
4773,99994.16241827699
4774,99994.16241827699
4775,99994.16241827699
4776,99994.16241827699
4777,99994.16241827699
4778,99994.16241827699
4779,99994.16241827699
4780,99994.16241827699
4781,99994.16241827699
4782,99994.16241827699
4783,99994.16241827699
4784,99994.16241827699
4785,99994.16241827699
4786,99994.16241827699
4787,99994.16241827699
4788,99994.16241827699
4789,99994.16241827699
4790,99994.16241827699
4791,99994.16241827699
4792,99994.16241827699
4793,99994.16241827699
4794,99994.16241827699
4795,99994.16241827699
4796,99994.16241827699
4797,99994.16241827699
4798,99994.16241827699
4799,99994.16241827699
4800,99994.16241827699
4801,99994.16241827699
4802,99994.16241827699
4803,99994.16241827699
4804,99994.16241827699
4805,99994.16241827699
4806,99994.16241827699
4807,99994.16241827699
4808,99994.16241827699
4809,99994.16241827699
4810,99994.16241827699
4811,99994.16241827699
4812,99994.16241827699
4813,99994.16241827699
4814,99994.16241827699
4815,99994.16241827699
4816,99994.16241827699
4817,99994.16241827699
4818,99994.16241827699
4819,99994.16241827699
4820,99994.16241827699
4821,99994.16241827699
4822,99994.16241827699
4823,99994.16241827699
4824,99994.16241827699
4825,99994.16241827699
4826,99994.16241827699
4827,99994.16241827699
4828,99994.16241827699
4829,99994.16241827699
4830,99994.16241827699
4831,99994.16241827699
4832,99994.16241827699
4833,99994.16241827699
4834,99994.16241827699
4835,99994.16241827699
4836,99994.16241827699
4837,99994.16241827699
4838,99994.16241827699
4839,99994.16241827699
4840,99994.16241827699
4841,99994.16241827699
4842,99994.16241827699
4843,99994.16241827699
4844,99994.16241827699
4845,99994.16241827699
4846,99994.16241827699
4847,99994.16241827699
4848,99994.16241827699
4849,99994.16241827699
4850,99994.16241827699
4851,99994.16241827699
4852,99994.16241827699
4853,99994.16241827699
4854,99994.16241827699
4855,99994.16241827699
4856,99994.16241827699
4857,99994.16241827699
4858,99994.16241827699
4859,99994.16241827699
4860,99994.16241827699
4861,99994.16241827699
4862,99994.16241827699
4863,99994.16241827699
4864,99994.16241827699
4865,99994.16241827699
4866,99994.16241827699
4867,99994.16241827699
4868,99994.16241827699
4869,99994.16241827699
4870,99994.16241827699
4871,99994.16241827699
4872,99994.16241827699
4873,99994.16241827699
4874,99994.16241827699
4875,99994.16241827699
4876,99994.16241827699
4877,99994.16241827699
4878,99994.16241827699
4879,99994.16241827699
4880,99994.16241827699
4881,99994.16241827699
4882,99994.16241827699
4883,99994.16241827699
4884,99994.16241827699
4885,99994.16241827699
4886,99994.16241827699
4887,99994.16241827699
4888,99994.16241827699
4889,99994.16241827699
4890,99994.16241827699
4891,99994.16241827699
4892,99994.16241827699
4893,99994.16241827699
4894,99994.16241827699
4895,99994.16241827699
4896,99994.16241827699
4897,99994.16241827699
4898,99994.16241827699
4899,99994.16241827699
4900,99994.16241827699
4901,99994.16241827699
4902,99994.16241827699
4903,99994.16241827699
4904,99994.16241827699
4905,99994.16241827699
4906,99994.16241827699
4907,99994.16241827699
4908,99994.16241827699
4909,99994.16241827699
4910,99994.16241827699
4911,99994.16241827699
4912,99994.16241827699
4913,99994.16241827699
4914,99994.16241827699
4915,99994.16241827699
4916,99994.16241827699
4917,99994.16241827699
4918,99994.16241827699
4919,99994.16241827699
4920,99994.16241827699
4921,99994.16241827699
4922,99994.16241827699
4923,99994.16241827699
4924,99994.16241827699
4925,99994.16241827699
4926,99994.16241827699
4927,99994.16241827699
4928,99994.16241827699
4929,99994.16241827699
4930,99994.16241827699
4931,99994.16241827699
4932,99994.16241827699
4933,99994.16241827699
4934,99994.16241827699
4935,99994.16241827699
4936,99994.16241827699
4937,99994.16241827699
4938,99994.16241827699
4939,99994.16241827699
4940,99994.16241827699
4941,99994.16241827699
4942,99994.16241827699
4943,99994.16241827699
4944,99994.16241827699
4945,99994.16241827699
4946,99994.16241827699
4947,99994.16241827699
4948,99994.16241827699
4949,99994.16241827699
4950,99994.16241827699
4951,99994.16241827699
4952,99994.16241827699
4953,99994.16241827699
4954,99994.16241827699
4955,99994.16241827699
4956,99994.16241827699
4957,99994.16241827699
4958,99994.16241827699
4959,99994.16241827699
4960,99994.16241827699
4961,99994.1197349789
4962,99993.2997248899
4963,99993.2997248899
4964,99993.2997248899
4965,99993.2997248899
4966,99993.2997248899
4967,99993.2997248899
4968,99993.2997248899
4969,99993.2997248899
4970,99993.2997248899
4971,99993.2997248899
4972,99993.2997248899
4973,99993.2997248899
4974,99993.2997248899
4975,99993.2997248899
4976,99993.2997248899
4977,99993.2997248899
4978,99993.2997248899
4979,99993.2997248899
4980,99993.2997248899
4981,99993.2997248899
4982,99993.2997248899
4983,99993.2997248899
4984,99993.2997248899
4985,99993.2997248899
4986,99993.2997248899
4987,99993.2997248899
4988,99993.2997248899
4989,99993.2997248899
4990,99993.2997248899
4991,99993.2997248899
4992,99993.2997248899
4993,99993.2997248899
4994,99993.2997248899
4995,99993.2997248899
4996,99993.2997248899
4997,99993.2997248899
4998,99993.2997248899
4999,99993.2997248899
5000,99993.2997248899
5001,99993.2997248899
5002,99993.2997248899
5003,99993.2997248899
5004,99993.2997248899
5005,99993.2997248899
5006,99993.2997248899
5007,99993.2997248899
5008,99993.2997248899
5009,99993.2997248899
5010,99993.2997248899
5011,99993.2997248899
5012,99993.2997248899
5013,99993.2997248899
5014,99993.2997248899
5015,99993.2997248899
5016,99993.2997248899
5017,99993.2997248899
5018,99993.2997248899
5019,99993.2997248899
5020,99993.2997248899
5021,99993.2997248899
5022,99993.2997248899
5023,99993.2997248899
5024,99993.2997248899
5025,99993.2997248899
5026,99993.2997248899
5027,99993.2997248899
5028,99993.2997248899
5029,99993.2997248899
5030,99993.2997248899
5031,99993.2997248899
5032,99993.2997248899
5033,99993.2997248899
5034,99993.2997248899
5035,99993.2997248899
5036,99993.2997248899
5037,99993.2997248899
5038,99993.2997248899
5039,99993.2997248899
5040,99993.2997248899
5041,99993.2997248899
5042,99993.2997248899
5043,99993.2997248899
5044,99993.2997248899
5045,99993.2997248899
5046,99993.2997248899
5047,99993.2997248899
5048,99993.2997248899
5049,99993.2997248899
5050,99993.2997248899
5051,99993.2997248899
5052,99993.2997248899
5053,99993.2997248899
5054,99993.2997248899
5055,99993.2997248899
5056,99993.2997248899
5057,99993.2997248899
5058,99993.2997248899
5059,99993.2997248899
5060,99993.2997248899
5061,99993.2997248899
5062,99993.2997248899
5063,99993.2997248899
5064,99993.2997248899
5065,99993.2997248899
5066,99993.2997248899
5067,99993.2997248899
5068,99993.2997248899
5069,99993.2997248899
5070,99993.2997248899
5071,99993.2997248899
5072,99993.2997248899
5073,99993.2997248899
5074,99993.2997248899
5075,99993.2997248899
5076,99993.2997248899
5077,99993.2997248899
5078,99993.2997248899
5079,99993.2997248899
5080,99993.2997248899
5081,99993.2997248899
5082,99993.2997248899
5083,99993.2997248899
5084,99993.2997248899
5085,99993.2997248899
5086,99993.2997248899
5087,99993.2997248899
5088,99993.2997248899
5089,99993.2997248899
5090,99993.2997248899
5091,99993.2997248899
5092,99993.2997248899
5093,99993.2997248899
5094,99993.2997248899
5095,99993.2997248899
5096,99993.2997248899
5097,99993.2997248899
5098,99993.2997248899
5099,99993.2997248899
5100,99993.2997248899
5101,99993.2997248899
5102,99993.2997248899
5103,99993.2997248899
5104,99993.2997248899
5105,99993.2997248899
5106,99993.2997248899
5107,99993.2997248899
5108,99993.2997248899
5109,99993.2997248899
5110,99993.2997248899
5111,99993.2997248899
5112,99993.2997248899
5113,99993.2997248899
5114,99993.2997248899
5115,99993.2997248899
5116,99993.2997248899
5117,99993.2997248899
5118,99993.2997248899
5119,99993.2997248899
5120,99993.2997248899
5121,99993.2997248899
5122,99993.2997248899
5123,99993.2997248899
5124,99993.2997248899
5125,99993.2997248899
5126,99993.2997248899
5127,99993.2997248899
5128,99993.2997248899
5129,99993.2997248899
5130,99993.2997248899
5131,99993.2997248899
5132,99993.2997248899
5133,99993.2997248899
5134,99993.2997248899
5135,99993.2997248899
5136,99993.2997248899
5137,99993.2997248899
5138,99993.2997248899
5139,99993.2997248899
5140,99993.2997248899
5141,99993.2997248899
5142,99993.2997248899
5143,99993.2997248899
5144,99993.2997248899
5145,99993.2997248899
5146,99993.2997248899
5147,99993.2997248899
5148,99993.2997248899
5149,99993.2997248899
5150,99993.2997248899
5151,99993.2997248899
5152,99993.2997248899
5153,99993.2997248899
5154,99993.2997248899
5155,99993.2997248899
5156,99993.2997248899
5157,99993.2997248899
5158,99993.2997248899
5159,99993.2997248899
5160,99993.2997248899
5161,99993.2997248899
5162,99993.2997248899
5163,99993.2997248899
5164,99993.2997248899
5165,99993.2997248899
5166,99993.2997248899
5167,99993.2997248899
5168,99993.2997248899
5169,99993.2997248899
5170,99993.2997248899
5171,99993.2997248899
5172,99993.2997248899
5173,99993.2997248899
5174,99993.2997248899
5175,99993.2997248899
5176,99993.2997248899
5177,99993.2997248899
5178,99993.2997248899
5179,99993.2997248899
5180,99993.2997248899
5181,99993.2997248899
5182,99993.2997248899
5183,99993.2997248899
5184,99993.2997248899
5185,99993.2997248899
5186,99993.2997248899
5187,99993.2997248899
5188,99993.2997248899
5189,99993.2997248899
5190,99993.2997248899
5191,99993.2997248899
5192,99993.2997248899
5193,99993.2997248899
5194,99993.2997248899
5195,99993.2997248899
5196,99993.2997248899
5197,99993.2997248899
5198,99993.2997248899
5199,99993.2997248899
5200,99993.2997248899
5201,99993.2997248899
5202,99993.2997248899
5203,99993.2997248899
5204,99993.2997248899
5205,99993.2997248899
5206,99993.2997248899
5207,99993.2997248899
5208,99993.2997248899
5209,99993.2997248899
5210,99993.2997248899
5211,99993.2997248899
5212,99993.2997248899
5213,99993.2997248899
5214,99993.2997248899
5215,99993.2997248899
5216,99993.2997248899
5217,99993.2997248899
5218,99993.2997248899
5219,99993.2997248899
5220,99993.2997248899
5221,99993.2997248899
5222,99993.2997248899
5223,99993.2997248899
5224,99993.2997248899
5225,99993.2997248899
5226,99993.2997248899
5227,99993.2997248899
5228,99993.2997248899
5229,99993.2997248899
5230,99993.2997248899
5231,99993.2997248899
5232,99993.2997248899
5233,99993.2997248899
5234,99993.2997248899
5235,99993.2997248899
5236,99993.2997248899
5237,99993.2997248899
5238,99993.2997248899
5239,99993.2997248899
5240,99993.2997248899
5241,99993.2997248899
5242,99993.2997248899
5243,99993.2997248899
5244,99993.2997248899
5245,99993.2997248899
5246,99993.2997248899
5247,99993.2997248899
5248,99993.2997248899
5249,99993.2997248899
5250,99993.2997248899
5251,99993.2997248899
5252,99993.2997248899
5253,99993.2997248899
5254,99993.2997248899
5255,99993.2997248899
5256,99993.2997248899
5257,99993.2997248899
5258,99993.2997248899
5259,99993.2997248899
5260,99993.2997248899
5261,99993.2997248899
5262,99993.2997248899
5263,99993.2997248899
5264,99993.2997248899
5265,99993.2997248899
5266,99993.2997248899
5267,99993.2997248899
5268,99993.2997248899
5269,99993.2997248899
5270,99993.2997248899
5271,99993.2997248899
5272,99993.2997248899
5273,99993.2997248899
5274,99993.26454488531
5275,99992.69314663483
5276,99992.69314663483
5277,99993.15817456557
5278,99993.15817456557
5279,99993.15817456557
5280,99993.15817456557
5281,99993.15817456557
5282,99993.15817456557
5283,99993.15817456557
5284,99993.15817456557
5285,99993.15817456557
5286,99993.15817456557
5287,99993.15817456557
5288,99993.15817456557
5289,99993.15817456557
5290,99993.15817456557
5291,99993.15817456557
5292,99993.15817456557
5293,99993.15817456557
5294,99993.15817456557
5295,99993.15817456557
5296,99993.15817456557
5297,99993.15817456557
5298,99993.15817456557
5299,99993.15817456557
5300,99993.15817456557
5301,99993.15817456557
5302,99993.15817456557
5303,99993.15817456557
5304,99993.15817456557
5305,99993.15817456557
5306,99993.15817456557
5307,99993.15817456557
5308,99993.15817456557
5309,99993.15817456557
5310,99993.15817456557
5311,99993.15817456557
5312,99993.15817456557
5313,99993.15817456557
5314,99993.15817456557
5315,99993.15817456557
5316,99993.15817456557
5317,99993.15817456557
5318,99993.15817456557
5319,99993.15817456557
5320,99993.15817456557
5321,99993.15817456557
5322,99993.15817456557
5323,99993.15817456557
5324,99993.15817456557
5325,99993.15817456557
5326,99993.15817456557
5327,99993.15817456557
5328,99993.15817456557
5329,99993.15817456557
5330,99993.15817456557
5331,99993.15817456557
5332,99993.15817456557
5333,99993.15817456557
5334,99993.15817456557
5335,99993.15817456557
5336,99993.15817456557
5337,99993.15817456557
5338,99993.15817456557
5339,99993.15817456557
5340,99993.15817456557
5341,99993.15817456557
5342,99993.15817456557
5343,99993.15817456557
5344,99993.15817456557
5345,99993.15817456557
5346,99993.15817456557
5347,99993.15817456557
5348,99993.15817456557
5349,99993.15817456557
5350,99993.15817456557
5351,99993.15817456557
5352,99993.15817456557
5353,99993.15817456557
5354,99993.15817456557
5355,99993.15817456557
5356,99993.15817456557
5357,99993.15817456557
5358,99993.15817456557
5359,99993.15817456557
5360,99993.15817456557
5361,99993.15817456557
5362,99993.15817456557
5363,99993.15817456557
5364,99993.15817456557
5365,99993.15817456557
5366,99993.15817456557
5367,99993.15817456557
5368,99993.15817456557
5369,99993.15817456557
5370,99993.15817456557
5371,99993.15817456557
5372,99993.15817456557
5373,99993.15817456557
5374,99993.15817456557
5375,99993.15817456557
5376,99993.15817456557
5377,99993.15817456557
5378,99993.15817456557
5379,99993.15817456557
5380,99993.15817456557
5381,99993.15817456557
5382,99993.15817456557
5383,99993.15817456557
5384,99993.15817456557
5385,99993.15817456557
5386,99993.15817456557
5387,99993.15817456557
5388,99993.15817456557
5389,99993.15817456557
5390,99993.15817456557
5391,99993.15817456557
5392,99993.15817456557
5393,99993.15817456557
5394,99993.15817456557
5395,99993.15817456557
5396,99993.15817456557
5397,99993.15817456557
5398,99993.15817456557
5399,99993.15817456557
5400,99993.15817456557
5401,99993.15817456557
5402,99993.15817456557
5403,99993.15817456557
5404,99993.15817456557
5405,99993.15817456557
5406,99993.15817456557
5407,99993.15817456557
5408,99993.15817456557
5409,99993.15817456557
5410,99993.04415728145
5411,99993.04415728145
5412,99993.04415728145
5413,99993.04415728145
5414,99993.04415728145
5415,99992.00531916671
5416,99992.00531916671
5417,99992.00531916671
5418,99992.00531916671
5419,99992.00531916671
5420,99992.00531916671
5421,99992.00531916671
5422,99992.00531916671
5423,99992.00531916671
5424,99992.00531916671
5425,99992.00531916671
5426,99992.00531916671
5427,99992.00531916671
5428,99992.00531916671
5429,99991.89380184632
5430,99991.92572158428
5431,99991.92572158428
5432,99991.92572158428
5433,99991.92572158428
5434,99991.92572158428
5435,99991.92572158428
5436,99991.92572158428
5437,99991.92572158428
5438,99991.92572158428
5439,99991.92572158428
5440,99991.92572158428
5441,99991.92572158428
5442,99991.92572158428
5443,99991.92572158428
5444,99991.92572158428
5445,99991.92572158428
5446,99991.92572158428
5447,99991.92572158428
5448,99991.92572158428
5449,99991.92572158428
5450,99991.92572158428
5451,99991.92572158428
5452,99991.92572158428
5453,99991.92572158428
5454,99991.92572158428
5455,99991.92572158428
5456,99991.92572158428
5457,99991.92572158428
5458,99991.92572158428
5459,99991.92572158428
5460,99991.92572158428
5461,99991.92572158428
5462,99991.92572158428
5463,99991.92572158428
5464,99991.92572158428
5465,99991.92572158428
5466,99991.92572158428
5467,99991.92572158428
5468,99991.92572158428
5469,99991.92572158428
5470,99991.92572158428
5471,99991.92572158428
5472,99991.92572158428
5473,99991.92572158428
5474,99991.92572158428
5475,99991.92572158428
5476,99991.92572158428
5477,99991.92572158428
5478,99991.92572158428
5479,99991.92572158428
5480,99991.92572158428
5481,99991.92572158428
5482,99991.92572158428
5483,99991.92572158428
5484,99991.92572158428
5485,99991.92572158428
5486,99991.92572158428
5487,99991.92572158428
5488,99991.92572158428
5489,99991.92572158428
5490,99991.92572158428
5491,99991.92572158428
5492,99991.92572158428
5493,99991.92572158428
5494,99991.92572158428
5495,99991.92572158428
5496,99991.92572158428
5497,99991.92572158428
5498,99991.92572158428
5499,99991.92572158428
5500,99991.92572158428
5501,99991.92572158428
5502,99991.92572158428
5503,99991.92572158428
5504,99991.92572158428
5505,99991.92572158428
5506,99991.92572158428
5507,99991.92572158428
5508,99991.92572158428
5509,99991.92572158428
5510,99991.92572158428
5511,99991.92572158428
5512,99991.92572158428
5513,99991.92572158428
5514,99991.92572158428
5515,99991.92572158428
5516,99991.92572158428
5517,99991.92572158428
5518,99991.92572158428
5519,99991.92572158428
5520,99991.92572158428
5521,99991.92572158428
5522,99991.92572158428
5523,99991.92572158428
5524,99991.92572158428
5525,99991.92572158428
5526,99991.92572158428
5527,99991.92572158428
5528,99991.92572158428
5529,99991.83532523141
5530,99991.83532523141
5531,99991.83532523141
5532,99990.71666484358
5533,99990.639341473
5534,99990.45680440261
5535,99990.45680440261
5536,99990.45680440261
5537,99990.45680440261
5538,99990.45680440261
5539,99990.45680440261
5540,99990.45680440261
5541,99990.45680440261
5542,99990.45680440261
5543,99990.45680440261
5544,99990.45680440261
5545,99990.45680440261
5546,99990.45680440261
5547,99990.45680440261
5548,99990.45680440261
5549,99990.45680440261
5550,99990.45680440261
5551,99990.45680440261
5552,99990.38882125942
5553,99990.38882125942
5554,99991.0694382449
5555,99991.0694382449
5556,99991.0694382449
5557,99991.0694382449
5558,99991.0694382449
5559,99991.0694382449
5560,99991.0694382449
5561,99991.0694382449
5562,99991.0694382449
5563,99991.0694382449
5564,99991.0694382449
5565,99991.0694382449
5566,99991.0694382449
5567,99991.0694382449
5568,99991.0694382449
5569,99991.0694382449
5570,99991.0694382449
5571,99991.0694382449
5572,99991.0694382449
5573,99991.0694382449
5574,99991.0694382449
5575,99991.01445529878
5576,99991.48642932226
5577,99992.02415532585
5578,99992.02415532585
5579,99992.02415532585
5580,99992.02415532585
5581,99992.02415532585
5582,99992.02415532585
5583,99992.02415532585
5584,99992.02415532585
5585,99992.02415532585
5586,99992.02415532585
5587,99992.02415532585
5588,99992.02415532585
5589,99992.02415532585
5590,99992.02415532585
5591,99992.02415532585
5592,99992.02415532585
5593,99992.02415532585
5594,99992.02415532585
5595,99992.02415532585
5596,99992.02415532585
5597,99992.02415532585
5598,99992.02415532585
5599,99992.02415532585
5600,99992.02415532585
5601,99992.02415532585
5602,99992.02415532585
5603,99992.02415532585
5604,99992.02415532585
5605,99992.02415532585
5606,99992.02415532585
5607,99992.02415532585
5608,99992.02415532585
5609,99992.02415532585
5610,99992.02415532585
5611,99992.02415532585
5612,99992.02415532585
5613,99992.02415532585
5614,99992.02415532585
5615,99992.02415532585
5616,99992.02415532585
5617,99992.02415532585
5618,99992.02415532585
5619,99992.02415532585
5620,99992.02415532585
5621,99992.02415532585
5622,99992.02415532585
5623,99992.02415532585
5624,99992.02415532585
5625,99992.02415532585
5626,99992.02415532585
5627,99992.02415532585
5628,99992.02415532585
5629,99992.02415532585
5630,99992.02415532585
5631,99992.02415532585
5632,99992.02415532585
5633,99992.02415532585
5634,99992.02415532585
5635,99992.02415532585
5636,99992.02415532585
5637,99992.02415532585
5638,99992.02415532585
5639,99992.02415532585
5640,99992.02415532585
5641,99992.02415532585
5642,99992.02415532585
5643,99992.02415532585
5644,99992.02415532585
5645,99992.02415532585
5646,99992.02415532585
5647,99992.02415532585
5648,99992.02415532585
5649,99992.02415532585
5650,99992.02415532585
5651,99992.02415532585
5652,99992.02415532585
5653,99992.02415532585
5654,99992.02415532585
5655,99992.02415532585
5656,99992.02415532585
5657,99992.02415532585
5658,99992.02415532585
5659,99992.02415532585
5660,99992.02415532585
5661,99992.02415532585
5662,99992.02415532585
5663,99992.02415532585
5664,99992.02415532585
5665,99992.02415532585
5666,99992.02415532585
5667,99992.02415532585
5668,99992.02415532585
5669,99992.02415532585
5670,99992.02415532585
5671,99992.02415532585
5672,99992.02415532585
5673,99992.02415532585
5674,99992.02415532585
5675,99992.02415532585
5676,99992.02415532585
5677,99992.02415532585
5678,99992.02415532585
5679,99992.02415532585
5680,99992.02415532585
5681,99992.02415532585
5682,99992.02415532585
5683,99992.02415532585
5684,99992.02415532585
5685,99992.02415532585
5686,99992.02415532585
5687,99992.02415532585
5688,99992.02415532585
5689,99992.02415532585
5690,99992.02415532585
5691,99992.02415532585
5692,99992.02415532585
5693,99992.02415532585
5694,99992.02415532585
5695,99992.02415532585
5696,99992.02415532585
5697,99992.02415532585
5698,99992.02415532585
5699,99992.02415532585
5700,99992.02415532585
5701,99992.02415532585
5702,99992.02415532585
5703,99992.02415532585
5704,99992.02415532585
5705,99992.02415532585
5706,99992.02415532585
5707,99992.02415532585
5708,99992.02415532585
5709,99992.02415532585
5710,99992.02415532585
5711,99992.02415532585
5712,99992.02415532585
5713,99992.02415532585
5714,99992.02415532585
5715,99992.02415532585
5716,99992.02415532585
5717,99992.02415532585
5718,99992.02415532585
5719,99992.02415532585
5720,99992.02415532585
5721,99992.02415532585
5722,99992.02415532585
5723,99992.02415532585
5724,99992.02415532585
5725,99992.02415532585
5726,99992.02415532585
5727,99992.02415532585
5728,99992.02415532585
5729,99992.02415532585
5730,99992.02415532585
5731,99992.02415532585
5732,99992.02415532585
5733,99992.02415532585
5734,99992.02415532585
5735,99992.02415532585
5736,99992.02415532585
5737,99992.02415532585
5738,99992.02415532585
5739,99992.02415532585
5740,99992.02415532585
5741,99992.02415532585
5742,99992.02415532585
5743,99992.02415532585
5744,99992.02415532585
5745,99992.02415532585
5746,99992.02415532585
5747,99992.02415532585
5748,99992.02415532585
5749,99992.02415532585
5750,99992.02415532585
5751,99992.02415532585
5752,99992.02415532585
5753,99992.02415532585
5754,99992.02415532585
5755,99992.02415532585
5756,99992.02415532585
5757,99992.02415532585
5758,99992.02415532585
5759,99992.02415532585
5760,99992.02415532585
5761,99992.02415532585
5762,99992.02415532585
5763,99992.02415532585
5764,99992.02415532585
5765,99992.02415532585
5766,99992.02415532585
5767,99992.02415532585
5768,99992.02415532585
5769,99992.02415532585
5770,99992.02415532585
5771,99992.02415532585
5772,99992.02415532585
5773,99992.02415532585
5774,99992.02415532585
5775,99992.02415532585
5776,99992.02415532585
5777,99992.02415532585
5778,99992.02415532585
5779,99992.02415532585
5780,99992.02415532585
5781,99992.02415532585
5782,99992.02415532585
5783,99992.02415532585
5784,99992.02415532585
5785,99992.02415532585
5786,99992.02415532585
5787,99992.02415532585
5788,99992.02415532585
5789,99992.02415532585
5790,99992.02415532585
5791,99992.02415532585
5792,99992.02415532585
5793,99992.02415532585
5794,99992.02415532585
5795,99992.02415532585
5796,99992.02415532585
5797,99992.02415532585
5798,99992.02415532585
5799,99992.02415532585
5800,99992.02415532585
5801,99992.02415532585
5802,99992.02415532585
5803,99992.02415532585
5804,99992.02415532585
5805,99992.02415532585
5806,99992.02415532585
5807,99992.02415532585
5808,99992.02415532585
5809,99992.02415532585
5810,99992.02415532585
5811,99992.02415532585
5812,99992.02415532585
5813,99992.02415532585
5814,99992.02415532585
5815,99992.02415532585
5816,99992.02415532585
5817,99992.02415532585
5818,99992.02415532585
5819,99992.02415532585
5820,99992.02415532585
5821,99992.02415532585
5822,99992.02415532585
5823,99992.02415532585
5824,99992.02415532585
5825,99992.02415532585
5826,99992.02415532585
5827,99992.02415532585
5828,99992.02415532585
5829,99992.02415532585
5830,99992.02415532585
5831,99992.02415532585
5832,99992.02415532585
5833,99992.02415532585
5834,99992.02415532585
5835,99992.02415532585
5836,99992.02415532585
5837,99992.02415532585
5838,99992.02415532585
5839,99992.02415532585
5840,99992.02415532585
5841,99992.02415532585
5842,99992.02415532585
5843,99992.02415532585
5844,99992.02415532585
5845,99992.02415532585
5846,99992.02415532585
5847,99992.02415532585
5848,99992.02415532585
5849,99992.02415532585
5850,99992.02415532585
5851,99992.02415532585
5852,99992.02415532585
5853,99992.02415532585
5854,99992.02415532585
5855,99992.02415532585
5856,99992.02415532585
5857,99992.02415532585
5858,99992.02415532585
5859,99992.02415532585
5860,99992.02415532585
5861,99992.02415532585
5862,99992.02415532585
5863,99992.02415532585
5864,99992.02415532585
5865,99992.02415532585
5866,99992.02415532585
5867,99992.02415532585
5868,99992.02415532585
5869,99992.02415532585
5870,99992.02415532585
5871,99992.02415532585
5872,99992.02415532585
5873,99992.02415532585
5874,99992.02415532585
5875,99992.02415532585
5876,99992.02415532585
5877,99992.02415532585
5878,99992.02415532585
5879,99992.02415532585
5880,99992.02415532585
5881,99992.02415532585
5882,99992.02415532585
5883,99992.02415532585
5884,99991.9843456218
5885,99992.30349894933
5886,99992.30349894933
5887,99992.30349894933
5888,99992.30349894933
5889,99992.30349894933
5890,99992.30349894933
5891,99992.30349894933
5892,99992.30349894933
5893,99992.30349894933
5894,99992.30349894933
5895,99992.30349894933
5896,99992.30349894933
5897,99992.30349894933
5898,99992.30349894933
5899,99992.30349894933
5900,99992.30349894933
5901,99992.30349894933
5902,99992.30349894933
5903,99992.30349894933
5904,99992.30349894933
5905,99992.30349894933
5906,99992.30349894933
5907,99992.30349894933
5908,99992.30349894933
5909,99992.30349894933
5910,99992.30349894933
5911,99992.30349894933
5912,99992.30349894933
5913,99992.30349894933
5914,99992.30349894933
5915,99992.30349894933
5916,99992.22695274747
5917,99993.07142020068
5918,99993.07142020068
5919,99993.07142020068
5920,99993.07142020068
5921,99993.07142020068
5922,99993.07142020068
5923,99993.07142020068
5924,99993.07142020068
5925,99993.07142020068
5926,99993.07142020068
5927,99993.07142020068
5928,99993.07142020068
5929,99993.07142020068
5930,99993.07142020068
5931,99993.02803690596
5932,99993.02803690596
5933,99993.02803690596
5934,99993.75992641765
5935,99993.75992641765
5936,99993.75992641765
5937,99993.75992641765
5938,99993.75992641765
5939,99993.75992641765
5940,99993.75992641765
5941,99993.75992641765
5942,99993.75992641765
5943,99993.75992641765
5944,99993.75992641765
5945,99993.75992641765
5946,99993.75992641765
5947,99993.75992641765
5948,99993.75992641765
5949,99993.75992641765
5950,99993.75992641765
5951,99993.75992641765
5952,99993.75992641765
5953,99993.75992641765
5954,99993.75992641765
5955,99993.75992641765
5956,99993.75992641765
5957,99993.75992641765
5958,99993.75992641765
5959,99993.75992641765
5960,99993.75992641765
5961,99993.75992641765
5962,99993.75992641765
5963,99993.75992641765
5964,99993.75992641765
5965,99993.75992641765
5966,99993.75992641765
5967,99993.75992641765
5968,99993.75992641765
5969,99993.75992641765
5970,99993.75992641765
5971,99993.75992641765
5972,99993.75992641765
5973,99993.75992641765
5974,99993.75992641765
5975,99993.75992641765
5976,99993.75992641765
5977,99993.75992641765
5978,99993.75992641765
5979,99993.75992641765
5980,99993.75992641765
5981,99993.75992641765
5982,99993.75992641765
5983,99993.75992641765
5984,99993.75992641765
5985,99993.75992641765
5986,99993.75992641765
5987,99993.75992641765
5988,99993.75992641765
5989,99993.75992641765
5990,99993.75992641765
5991,99993.75992641765
5992,99993.75992641765
5993,99993.75992641765
5994,99993.75992641765
5995,99993.75992641765
5996,99993.75992641765
5997,99993.75992641765
5998,99993.75992641765
5999,99993.75992641765
6000,99993.75992641765
6001,99993.75992641765
6002,99993.75992641765
6003,99993.75992641765
6004,99993.75992641765
6005,99993.75992641765
6006,99993.75992641765
6007,99993.67527919855
6008,99992.53453492743
6009,99992.53453492743
6010,99992.53453492743
6011,99992.53453492743
6012,99992.53453492743
6013,99992.53453492743
6014,99992.53453492743
6015,99992.49402341744
6016,99991.43874663865
6017,99991.43874663865
6018,99991.43874663865
6019,99991.43874663865
6020,99991.43874663865
6021,99991.43874663865
6022,99991.43874663865
6023,99991.43874663865
6024,99991.43874663865
6025,99991.43874663865
6026,99991.43874663865
6027,99991.43874663865
6028,99991.43874663865
6029,99991.43874663865
6030,99991.43874663865
6031,99991.43874663865
6032,99991.43874663865
6033,99991.43874663865
6034,99991.43874663865
6035,99991.43874663865
6036,99991.43874663865
6037,99991.43874663865
6038,99991.43874663865
6039,99991.43874663865
6040,99991.43874663865
6041,99991.43874663865
6042,99991.43874663865
6043,99991.43874663865
6044,99991.43874663865
6045,99991.43874663865
6046,99991.43874663865
6047,99991.43874663865
6048,99991.43874663865
6049,99991.43874663865
6050,99991.43874663865
6051,99991.43874663865
6052,99991.43874663865
6053,99991.43874663865
6054,99991.43874663865
6055,99991.43874663865
6056,99991.43874663865
6057,99991.43874663865
6058,99991.43874663865
6059,99991.43874663865
6060,99991.43874663865
6061,99991.43874663865
6062,99991.43874663865
6063,99991.43874663865
6064,99991.43874663865
6065,99991.43874663865
6066,99991.43874663865
6067,99991.43874663865
6068,99991.43874663865
6069,99991.43874663865
6070,99991.43874663865
6071,99991.43874663865
6072,99991.43874663865
6073,99991.43874663865
6074,99991.43874663865
6075,99991.43874663865
6076,99991.43874663865
6077,99991.43874663865
6078,99991.43874663865
6079,99991.43874663865
6080,99991.43874663865
6081,99991.43874663865
6082,99991.43874663865
6083,99991.43874663865
6084,99991.43874663865
6085,99991.43874663865
6086,99991.43874663865
6087,99991.43874663865
6088,99991.43874663865
6089,99991.43874663865
6090,99991.43874663865
6091,99991.43874663865
6092,99991.43874663865
6093,99991.43874663865
6094,99991.43874663865
6095,99991.43874663865
6096,99991.43874663865
6097,99991.43874663865
6098,99991.43874663865
6099,99991.43874663865
6100,99991.43874663865
6101,99991.43874663865
6102,99991.43874663865
6103,99991.43874663865
6104,99991.43874663865
6105,99991.43874663865
6106,99991.43874663865
6107,99991.43874663865
6108,99991.43874663865
6109,99991.43874663865
6110,99991.43874663865
6111,99991.43874663865
6112,99991.43874663865
6113,99991.43874663865
6114,99991.43874663865
6115,99991.43874663865
6116,99991.43874663865
6117,99991.43874663865
6118,99991.43874663865
6119,99991.43874663865
6120,99991.43874663865
6121,99991.43874663865
6122,99991.43874663865
6123,99991.43874663865
6124,99991.43874663865
6125,99991.43874663865
6126,99991.43874663865
6127,99991.43874663865
6128,99991.43874663865
6129,99991.43874663865
6130,99991.43874663865
6131,99991.43874663865
6132,99991.43874663865
6133,99991.43874663865
6134,99991.43874663865
6135,99991.43874663865
6136,99991.43874663865
6137,99991.43874663865
6138,99991.43874663865
6139,99991.43874663865
6140,99991.43874663865
6141,99991.43874663865
6142,99991.43874663865
6143,99991.43874663865
6144,99991.43874663865
6145,99991.43874663865
6146,99991.43874663865
6147,99991.43874663865
6148,99991.43874663865
6149,99991.43874663865
6150,99991.43874663865
6151,99991.43874663865
6152,99991.43874663865
6153,99991.43874663865
6154,99991.43874663865
6155,99991.43874663865
6156,99991.43874663865
6157,99991.43874663865
6158,99991.43874663865
6159,99991.43874663865
6160,99991.43874663865
6161,99991.43874663865
6162,99991.43874663865
6163,99991.43874663865
6164,99991.43874663865
6165,99991.43874663865
6166,99991.43874663865
6167,99991.43874663865
6168,99991.43874663865
6169,99991.43874663865
6170,99991.43874663865
6171,99991.43874663865
6172,99991.43874663865
6173,99991.43874663865
6174,99991.43874663865
6175,99991.43874663865
6176,99991.43874663865
6177,99991.43874663865
6178,99991.43874663865
6179,99991.43874663865
6180,99991.43874663865
6181,99991.43874663865
6182,99991.43874663865
6183,99991.43874663865
6184,99991.43874663865
6185,99991.43874663865
6186,99991.43874663865
6187,99991.43874663865
6188,99991.43874663865
6189,99991.43874663865
6190,99991.43874663865
6191,99991.43874663865
6192,99991.43874663865
6193,99991.43874663865
6194,99991.43874663865
6195,99991.43874663865
6196,99991.43874663865
6197,99991.31663460501
6198,99991.31663460501
6199,99991.31663460501
6200,99991.20721097114
6201,99992.55661838799
6202,99992.55661838799
6203,99992.55661838799
6204,99992.55661838799
6205,99992.55661838799
6206,99992.55661838799
6207,99992.55661838799
6208,99992.55661838799
6209,99992.55661838799
6210,99992.55661838799
6211,99992.55661838799
6212,99992.55661838799
6213,99992.55661838799
6214,99992.55661838799
6215,99992.55661838799
6216,99992.55661838799
6217,99992.55661838799
6218,99992.55661838799
6219,99992.55661838799
6220,99992.55661838799
6221,99992.55661838799
6222,99992.55661838799
6223,99992.55661838799
6224,99992.55661838799
6225,99992.55661838799
6226,99992.55661838799
6227,99992.55661838799
6228,99992.55661838799
6229,99992.55661838799
6230,99992.55661838799
6231,99992.55661838799
6232,99992.55661838799
6233,99992.55661838799
6234,99992.55661838799
6235,99992.55661838799
6236,99992.55661838799
6237,99992.55661838799
6238,99992.55661838799
6239,99992.55661838799
6240,99992.55661838799
6241,99992.55661838799
6242,99992.55661838799
6243,99992.55661838799
6244,99992.55661838799
6245,99992.55661838799
6246,99992.55661838799
6247,99992.55661838799
6248,99992.55661838799
6249,99992.55661838799
6250,99992.55661838799
6251,99992.55661838799
6252,99992.55661838799
6253,99992.55661838799
6254,99992.55661838799
6255,99992.55661838799
6256,99992.55661838799
6257,99992.55661838799
6258,99992.55661838799
6259,99992.55661838799
6260,99992.55661838799
6261,99992.55661838799
6262,99992.55661838799
6263,99992.55661838799
6264,99992.55661838799
6265,99992.55661838799
6266,99992.55661838799
6267,99992.55661838799
6268,99992.55661838799
6269,99992.55661838799
6270,99992.55661838799
6271,99992.55661838799
6272,99992.55661838799
6273,99992.55661838799
6274,99992.55661838799
6275,99992.55661838799
6276,99992.55661838799
6277,99992.55661838799
6278,99992.55661838799
6279,99992.55661838799
6280,99992.55661838799
6281,99992.55661838799
6282,99992.55661838799
6283,99992.55661838799
6284,99992.55661838799
6285,99992.55661838799
6286,99992.55661838799
6287,99992.55661838799
6288,99992.55661838799
6289,99992.55661838799
6290,99992.55661838799
6291,99992.55661838799
6292,99992.55661838799
6293,99992.55661838799
6294,99992.55661838799
6295,99992.55661838799
6296,99992.55661838799
6297,99992.55661838799
6298,99992.55661838799
6299,99992.55661838799
6300,99992.55661838799
6301,99992.55661838799
6302,99992.55661838799
6303,99992.55661838799
6304,99992.55661838799
6305,99992.55661838799
6306,99992.55661838799
6307,99992.55661838799
6308,99992.55661838799
6309,99992.55661838799
6310,99992.55661838799
6311,99992.55661838799
6312,99992.55661838799
6313,99992.55661838799
6314,99992.55661838799
6315,99992.55661838799
6316,99992.55661838799
6317,99992.55661838799
6318,99992.55661838799
6319,99992.55661838799
6320,99992.55661838799
6321,99992.55661838799
6322,99992.55661838799
6323,99992.55661838799
6324,99992.55661838799
6325,99992.55661838799
6326,99992.55661838799
6327,99992.55661838799
6328,99992.55661838799
6329,99992.55661838799
6330,99992.55661838799
6331,99992.55661838799
6332,99992.55661838799
6333,99992.55661838799
6334,99992.55661838799
6335,99992.55661838799
6336,99992.55661838799
6337,99992.55661838799
6338,99992.55661838799
6339,99992.55661838799
6340,99992.55661838799
6341,99992.55661838799
6342,99992.55661838799
6343,99992.55661838799
6344,99992.55661838799
6345,99992.55661838799
6346,99992.55661838799
6347,99992.55661838799
6348,99992.55661838799
6349,99992.55661838799
6350,99992.55661838799
6351,99992.55661838799
6352,99992.55661838799
6353,99992.55661838799
6354,99992.55661838799
6355,99992.55661838799
6356,99992.55661838799
6357,99992.55661838799
6358,99992.55661838799
6359,99992.55661838799
6360,99992.55661838799
6361,99992.55661838799
6362,99992.55661838799
6363,99992.55661838799
6364,99992.55661838799
6365,99992.55661838799
6366,99992.55661838799
6367,99992.55661838799
6368,99992.55661838799
6369,99992.55661838799
6370,99992.55661838799
6371,99992.55661838799
6372,99992.55661838799
6373,99992.55661838799
6374,99992.55661838799
6375,99992.55661838799
6376,99992.55661838799
6377,99992.55661838799
6378,99992.55661838799
6379,99992.55661838799
6380,99992.55661838799
6381,99992.55661838799
6382,99992.55661838799
6383,99992.55661838799
6384,99992.55661838799
6385,99992.55661838799
6386,99992.55661838799
6387,99992.55661838799
6388,99992.55661838799
6389,99992.55661838799
6390,99992.55661838799
6391,99992.55661838799
6392,99992.55661838799
6393,99992.55661838799
6394,99992.55661838799
6395,99992.55661838799
6396,99992.55661838799
6397,99992.55661838799
6398,99992.55661838799
6399,99992.55661838799
6400,99992.55661838799
6401,99992.55661838799
6402,99992.55661838799
6403,99992.55661838799
6404,99992.55661838799
6405,99992.55661838799
6406,99992.55661838799
6407,99992.55661838799
6408,99992.55661838799
6409,99992.55661838799
6410,99992.55661838799
6411,99992.55661838799
6412,99992.55661838799
6413,99992.55661838799
6414,99992.55661838799
6415,99992.55661838799
6416,99992.55661838799
6417,99992.55661838799
6418,99992.55661838799
6419,99992.55661838799
6420,99992.55661838799
6421,99992.55661838799
6422,99992.55661838799
6423,99992.55661838799
6424,99992.55661838799
6425,99992.55661838799
6426,99992.55661838799
6427,99992.55661838799
6428,99992.55661838799
6429,99992.55661838799
6430,99992.55661838799
6431,99992.55661838799
6432,99992.55661838799
6433,99992.55661838799
6434,99992.55661838799
6435,99992.55661838799
6436,99992.55661838799
6437,99992.55661838799
6438,99992.55661838799
6439,99992.55661838799
6440,99992.55661838799
6441,99992.55661838799
6442,99992.55661838799
6443,99992.55661838799
6444,99992.55661838799
6445,99992.55661838799
6446,99992.55661838799
6447,99992.55661838799
6448,99992.55661838799
6449,99992.55661838799
6450,99992.55661838799
6451,99992.55661838799
6452,99992.55661838799
6453,99992.55661838799
6454,99992.55661838799
6455,99992.55661838799
6456,99992.55661838799
6457,99992.55661838799
6458,99992.55661838799
6459,99992.55661838799
6460,99992.55661838799
6461,99992.55661838799
6462,99992.55661838799
6463,99992.55661838799
6464,99992.55661838799
6465,99992.55661838799
6466,99992.55661838799
6467,99992.55661838799
6468,99992.55661838799
6469,99992.55661838799
6470,99992.55661838799
6471,99992.55661838799
6472,99992.55661838799
6473,99992.55661838799
6474,99992.55661838799
6475,99992.55661838799
6476,99992.55661838799
6477,99992.55661838799
6478,99992.55661838799
6479,99992.55661838799
6480,99992.55661838799
6481,99992.55661838799
6482,99992.55661838799
6483,99992.55661838799
6484,99992.55661838799
6485,99992.55661838799
6486,99992.55661838799
6487,99992.55661838799
6488,99992.55661838799
6489,99992.55661838799
6490,99992.55661838799
6491,99992.55661838799
6492,99992.55661838799
6493,99992.55661838799
6494,99992.55661838799
6495,99992.55661838799
6496,99992.55661838799
6497,99992.55661838799
6498,99992.55661838799
6499,99992.55661838799
6500,99992.55661838799
6501,99992.55661838799
6502,99992.55661838799
6503,99992.55661838799
6504,99992.55661838799
6505,99992.55661838799
6506,99992.55661838799
6507,99992.55661838799
6508,99992.55661838799
6509,99992.55661838799
6510,99992.55661838799
6511,99992.55661838799
6512,99992.55661838799
6513,99992.55661838799
6514,99992.55661838799
6515,99992.55661838799
6516,99992.55661838799
6517,99992.55661838799
6518,99992.55661838799
6519,99992.55661838799
6520,99992.55661838799
6521,99992.55661838799
6522,99992.55661838799
6523,99992.55661838799
6524,99992.55661838799
6525,99992.55661838799
6526,99992.55661838799
6527,99992.55661838799
6528,99992.55661838799
6529,99992.55661838799
6530,99992.55661838799
6531,99992.55661838799
6532,99992.55661838799
6533,99992.55661838799
6534,99992.55661838799
6535,99992.55661838799
6536,99992.55661838799
6537,99992.55661838799
6538,99992.55661838799
6539,99992.55661838799
6540,99992.55661838799
6541,99992.55661838799
6542,99992.55661838799
6543,99992.55661838799
6544,99992.55661838799
6545,99992.55661838799
6546,99992.55661838799
6547,99992.55661838799
6548,99992.55661838799
6549,99992.55661838799
6550,99992.55661838799
6551,99992.55661838799
6552,99992.55661838799
6553,99992.55661838799
6554,99992.55661838799
6555,99992.55661838799
6556,99992.55661838799
6557,99992.55661838799
6558,99992.55661838799
6559,99992.55661838799
6560,99992.55661838799
6561,99992.55661838799
6562,99992.55661838799
6563,99992.55661838799
6564,99992.55661838799
6565,99992.55661838799
6566,99992.55661838799
6567,99992.55661838799
6568,99992.55661838799
6569,99992.55661838799
6570,99992.55661838799
6571,99992.55661838799
6572,99992.55661838799
6573,99992.55661838799
6574,99992.55661838799
6575,99992.55661838799
6576,99992.55661838799
6577,99992.55661838799
6578,99992.55661838799
6579,99992.55661838799
6580,99992.55661838799
6581,99992.55661838799
6582,99992.55661838799
6583,99992.55661838799
6584,99992.55661838799
6585,99992.55661838799
6586,99992.55661838799
6587,99992.55661838799
6588,99992.55661838799
6589,99992.55661838799
6590,99992.55661838799
6591,99992.55661838799
6592,99992.55661838799
6593,99992.55661838799
6594,99992.55661838799
6595,99992.55661838799
6596,99992.55661838799
6597,99992.55661838799
6598,99992.55661838799
6599,99992.55661838799
6600,99992.55661838799
6601,99992.55661838799
6602,99992.55661838799
6603,99992.55661838799
6604,99992.55661838799
6605,99992.55661838799
6606,99992.55661838799
6607,99992.55661838799
6608,99992.55661838799
6609,99992.55661838799
6610,99992.55661838799
6611,99992.55661838799
6612,99992.55661838799
6613,99992.55661838799
6614,99992.55661838799
6615,99992.55661838799
6616,99992.55661838799
6617,99992.55661838799
6618,99992.55661838799
6619,99992.55661838799
6620,99992.55661838799
6621,99992.55661838799
6622,99992.55661838799
6623,99992.55661838799
6624,99992.55661838799
6625,99992.55661838799
6626,99992.55661838799
6627,99992.51808561086
6628,99992.48102847012
6629,99993.81632330429
6630,99993.81632330429
6631,99993.81632330429
6632,99993.81632330429
6633,99993.81632330429
6634,99993.81632330429
6635,99993.81632330429
6636,99993.81632330429
6637,99993.81632330429
6638,99993.81632330429
6639,99993.81632330429
6640,99993.81632330429
6641,99993.81632330429
6642,99993.81632330429
6643,99993.81632330429
6644,99993.81632330429
6645,99993.81632330429
6646,99993.81632330429
6647,99993.81632330429
6648,99993.81632330429
6649,99993.81632330429
6650,99993.81632330429
6651,99993.81632330429
6652,99993.81632330429
6653,99993.81632330429
6654,99993.81632330429
6655,99993.81632330429
6656,99993.81632330429
6657,99993.81632330429
6658,99993.81632330429
6659,99993.81632330429
6660,99993.81632330429
6661,99993.81632330429
6662,99993.81632330429
6663,99993.81632330429
6664,99993.81632330429
6665,99993.81632330429
6666,99993.81632330429
6667,99993.81632330429
6668,99993.81632330429
6669,99993.81632330429
6670,99993.81632330429
6671,99993.81632330429
6672,99993.81632330429
6673,99993.81632330429
6674,99993.81632330429
6675,99993.81632330429
6676,99993.81632330429
6677,99993.81632330429
6678,99993.72012452963
6679,99992.45930853694
6680,99992.45930853694
6681,99992.45930853694
6682,99992.40720063454
6683,99992.40720063454
6684,99993.44198781102
6685,99992.26844528907
6686,99992.26844528907
6687,99992.26844528907
6688,99992.26844528907
6689,99992.26844528907
6690,99992.26844528907
6691,99992.26844528907
6692,99992.26844528907
6693,99992.26844528907
6694,99992.26844528907
6695,99992.26844528907
6696,99992.26844528907
6697,99992.26844528907
6698,99992.26844528907
6699,99992.26844528907
6700,99992.26844528907
6701,99992.26844528907
6702,99992.26844528907
6703,99992.26844528907
6704,99992.26844528907
6705,99992.26844528907
6706,99992.26844528907
6707,99992.26844528907
6708,99992.26844528907
6709,99992.26844528907
6710,99992.26844528907
6711,99992.26844528907
6712,99992.26844528907
6713,99992.26844528907
6714,99992.26844528907
6715,99992.26844528907
6716,99992.26844528907
6717,99992.26844528907
6718,99992.26844528907
6719,99992.26844528907
6720,99992.26844528907
6721,99992.26844528907
6722,99992.26844528907
6723,99992.26844528907
6724,99992.26844528907
6725,99992.26844528907
6726,99992.26844528907
6727,99992.26844528907
6728,99992.26844528907
6729,99992.26844528907
6730,99992.26844528907
6731,99992.26844528907
6732,99992.26844528907
6733,99992.26844528907
6734,99992.26844528907
6735,99992.26844528907
6736,99992.26844528907
6737,99992.26844528907
6738,99992.26844528907
6739,99992.26844528907
6740,99992.26844528907
6741,99992.26844528907
6742,99992.26844528907
6743,99992.26844528907
6744,99992.26844528907
6745,99992.26844528907
6746,99992.26844528907
6747,99992.26844528907
6748,99992.26844528907
6749,99992.26844528907
6750,99992.26844528907
6751,99992.26844528907
6752,99992.26844528907
6753,99992.26844528907
6754,99992.26844528907
6755,99992.26844528907
6756,99992.26844528907
6757,99992.26844528907
6758,99992.26844528907
6759,99992.26844528907
6760,99992.26844528907
6761,99992.26844528907
6762,99992.26844528907
6763,99992.26844528907
6764,99992.26844528907
6765,99992.26844528907
6766,99992.26844528907
6767,99992.26844528907
6768,99992.26844528907
6769,99992.26844528907
6770,99992.26844528907
6771,99992.26844528907
6772,99992.26844528907
6773,99992.26844528907
6774,99992.26844528907
6775,99992.26844528907
6776,99992.26844528907
6777,99992.26844528907
6778,99992.26844528907
6779,99992.26844528907
6780,99992.26844528907
6781,99992.26844528907
6782,99992.26844528907
6783,99992.26844528907
6784,99992.26844528907
6785,99992.26844528907
6786,99992.26844528907
6787,99992.26844528907
6788,99992.26844528907
6789,99992.26844528907
6790,99992.26844528907
6791,99992.26844528907
6792,99992.26844528907
6793,99992.26844528907
6794,99992.26844528907
6795,99992.26844528907
6796,99992.26844528907
6797,99992.26844528907
6798,99992.26844528907
6799,99992.26844528907
6800,99992.26844528907
6801,99992.26844528907
6802,99992.26844528907
6803,99992.26844528907
6804,99992.26844528907
6805,99992.26844528907
6806,99992.26844528907
6807,99992.26844528907
6808,99992.26844528907
6809,99992.26844528907
6810,99992.26844528907
6811,99992.26844528907
6812,99992.26844528907
6813,99992.26844528907
6814,99992.26844528907
6815,99992.26844528907
6816,99992.26844528907
6817,99992.26844528907
6818,99992.26844528907
6819,99992.26844528907
6820,99992.26844528907
6821,99992.26844528907
6822,99992.26844528907
6823,99992.26844528907
6824,99992.26844528907
6825,99992.26844528907
6826,99992.26844528907
6827,99992.26844528907
6828,99992.26844528907
6829,99992.26844528907
6830,99992.26844528907
6831,99992.26844528907
6832,99992.26844528907
6833,99992.26844528907
6834,99992.26844528907
6835,99992.26844528907
6836,99992.26844528907
6837,99992.26844528907
6838,99992.26844528907
6839,99992.26844528907
6840,99992.26844528907
6841,99992.26844528907
6842,99992.26844528907
6843,99992.26844528907
6844,99992.26844528907
6845,99992.26844528907
6846,99992.26844528907
6847,99992.26844528907
6848,99992.26844528907
6849,99992.26844528907
6850,99992.26844528907
6851,99992.26844528907
6852,99992.26844528907
6853,99992.26844528907
6854,99992.26844528907
6855,99992.26844528907
6856,99992.26844528907
6857,99992.26844528907
6858,99992.26844528907
6859,99992.26844528907
6860,99992.26844528907
6861,99992.26844528907
6862,99992.26844528907
6863,99992.26844528907
6864,99992.26844528907
6865,99992.26844528907
6866,99992.26844528907
6867,99992.26844528907
6868,99992.26844528907
6869,99992.26844528907
6870,99992.26844528907
6871,99992.26844528907
6872,99992.26844528907
6873,99992.26844528907
6874,99992.26844528907
6875,99992.26844528907
6876,99992.26844528907
6877,99992.26844528907
6878,99992.26844528907
6879,99992.26844528907
6880,99992.26844528907
6881,99992.26844528907
6882,99992.26844528907
6883,99992.26844528907
6884,99992.26844528907
6885,99992.26844528907
6886,99992.26844528907
6887,99992.26844528907
6888,99992.26844528907
6889,99992.26844528907
6890,99992.26844528907
6891,99992.26844528907
6892,99992.26844528907
6893,99992.26844528907
6894,99992.26844528907
6895,99992.26844528907
6896,99992.26844528907
6897,99992.26844528907
6898,99992.26844528907
6899,99992.26844528907
6900,99992.26844528907
6901,99992.26844528907
6902,99992.26844528907
6903,99992.26844528907
6904,99992.26844528907
6905,99992.26844528907
6906,99992.26844528907
6907,99992.26844528907
6908,99992.26844528907
6909,99992.26844528907
6910,99992.26844528907
6911,99992.26844528907
6912,99992.26844528907
6913,99992.26844528907
6914,99992.26844528907
6915,99992.26844528907
6916,99992.26844528907
6917,99992.26844528907
6918,99992.26844528907
6919,99992.26844528907
6920,99992.26844528907
6921,99992.26844528907
6922,99992.26844528907
6923,99992.26844528907
6924,99992.26844528907
6925,99992.26844528907
6926,99992.26844528907
6927,99992.26844528907
6928,99992.26844528907
6929,99992.26844528907
6930,99992.26844528907
6931,99992.26844528907
6932,99992.26844528907
6933,99992.26844528907
6934,99992.26844528907
6935,99992.26844528907
6936,99992.26844528907
6937,99992.26844528907
6938,99992.26844528907
6939,99992.26844528907
6940,99992.26844528907
6941,99992.26844528907
6942,99992.26844528907
6943,99992.26844528907
6944,99992.26844528907
6945,99992.26844528907
6946,99992.26844528907
6947,99992.26844528907
6948,99992.26844528907
6949,99992.26844528907
6950,99992.26844528907
6951,99992.26844528907
6952,99992.26844528907
6953,99992.26844528907
6954,99992.26844528907
6955,99992.26844528907
6956,99992.26844528907
6957,99992.26844528907
6958,99992.26844528907
6959,99992.26844528907
6960,99992.26844528907
6961,99992.26844528907
6962,99992.26844528907
6963,99992.26844528907
6964,99992.26844528907
6965,99992.26844528907
6966,99992.26844528907
6967,99992.26844528907
6968,99992.26844528907
6969,99992.26844528907
6970,99992.26844528907
6971,99992.26844528907
6972,99992.26844528907
6973,99992.26844528907
6974,99992.26844528907
6975,99992.26844528907
6976,99992.26844528907
6977,99992.26844528907
6978,99992.26844528907
6979,99992.26844528907
6980,99992.26844528907
6981,99992.26844528907
6982,99992.26844528907
6983,99992.26844528907
6984,99992.26844528907
6985,99992.26844528907
6986,99992.26844528907
6987,99992.26844528907
6988,99992.26844528907
6989,99992.26844528907
6990,99992.26844528907
6991,99992.26844528907
6992,99992.26844528907
6993,99992.26844528907
6994,99992.26844528907
6995,99992.26844528907
6996,99992.26844528907
6997,99992.26844528907
6998,99992.26844528907
6999,99992.26844528907
7000,99992.26844528907
7001,99992.26844528907
7002,99992.26844528907
7003,99992.26844528907
7004,99992.26844528907
7005,99992.26844528907
7006,99992.26844528907
7007,99992.26844528907
7008,99992.26844528907
7009,99992.26844528907
7010,99992.26844528907
7011,99992.26844528907
7012,99992.26844528907
7013,99992.26844528907
7014,99992.26844528907
7015,99992.26844528907
7016,99992.26844528907
7017,99992.26844528907
7018,99992.26844528907
7019,99992.26844528907
7020,99992.26844528907
7021,99992.26844528907
7022,99992.26844528907
7023,99992.26844528907
7024,99992.26844528907
7025,99992.26844528907
7026,99992.26844528907
7027,99992.26844528907
7028,99992.26844528907
7029,99992.26844528907
7030,99992.26844528907
7031,99992.26844528907
7032,99992.26844528907
7033,99992.26844528907
7034,99992.26844528907
7035,99992.26844528907
7036,99992.26844528907
7037,99992.26844528907
7038,99992.26844528907
7039,99992.26844528907
7040,99992.26844528907
7041,99992.26844528907
7042,99992.26844528907
7043,99992.26844528907
7044,99992.26844528907
7045,99992.26844528907
7046,99992.26844528907
7047,99992.26844528907
7048,99992.26844528907
7049,99992.26844528907
7050,99992.26844528907
7051,99992.26844528907
7052,99992.26844528907
7053,99992.26844528907
7054,99992.26844528907
7055,99992.26844528907
7056,99992.26844528907
7057,99992.26844528907
7058,99992.26844528907
7059,99992.26844528907
7060,99992.26844528907
7061,99992.26844528907
7062,99992.26844528907
7063,99992.26844528907
7064,99992.26844528907
7065,99992.26844528907
7066,99992.26844528907
7067,99992.26844528907
7068,99992.26844528907
7069,99992.26844528907
7070,99992.26844528907
7071,99992.26844528907
7072,99992.26844528907
7073,99992.26844528907
7074,99992.26844528907
7075,99992.26844528907
7076,99992.26844528907
7077,99992.26844528907
7078,99992.26844528907
7079,99992.26844528907
7080,99992.26844528907
7081,99992.26844528907
7082,99992.26844528907
7083,99992.26844528907
7084,99992.26844528907
7085,99992.26844528907
7086,99992.26844528907
7087,99992.26844528907
7088,99992.26844528907
7089,99992.26844528907
7090,99992.26844528907
7091,99992.26844528907
7092,99992.26844528907
7093,99992.26844528907
7094,99992.26844528907
7095,99992.26844528907
7096,99992.26844528907
7097,99992.26844528907
7098,99992.26844528907
7099,99992.26844528907
7100,99992.26844528907
7101,99992.26844528907
7102,99992.26844528907
7103,99992.26844528907
7104,99992.26844528907
7105,99992.26844528907
7106,99992.26844528907
7107,99992.26844528907
7108,99992.26844528907
7109,99992.26844528907
7110,99992.26844528907
7111,99992.26844528907
7112,99992.26844528907
7113,99992.26844528907
7114,99992.26844528907
7115,99992.26844528907
7116,99992.26844528907
7117,99992.26844528907
7118,99992.26844528907
7119,99992.26844528907
7120,99992.26844528907
7121,99992.26844528907
7122,99992.26844528907
7123,99992.26844528907
7124,99992.26844528907
7125,99992.26844528907
7126,99992.26844528907
7127,99992.26844528907
7128,99992.26844528907
7129,99992.26844528907
7130,99992.26844528907
7131,99992.26844528907
7132,99992.26844528907
7133,99992.26844528907
7134,99992.26844528907
7135,99992.26844528907
7136,99992.26844528907
7137,99992.26844528907
7138,99992.26844528907
7139,99992.26844528907
7140,99992.26844528907
7141,99992.26844528907
7142,99992.26844528907
7143,99992.26844528907
7144,99992.26844528907
7145,99992.26844528907
7146,99992.26844528907
7147,99992.26844528907
7148,99992.26844528907
7149,99992.26844528907
7150,99992.26844528907
7151,99992.26844528907
7152,99992.26844528907
7153,99992.26844528907
7154,99992.26844528907
7155,99992.26844528907
7156,99992.26844528907
7157,99992.26844528907
7158,99992.26844528907
7159,99992.26844528907
7160,99992.26844528907
7161,99992.26844528907
7162,99992.26844528907
7163,99992.26844528907
7164,99992.26844528907
7165,99992.26844528907
7166,99992.26844528907
7167,99992.26844528907
7168,99992.26844528907
7169,99992.26844528907
7170,99992.26844528907
7171,99992.26844528907
7172,99992.26844528907
7173,99992.26844528907
7174,99992.26844528907
7175,99992.26844528907
7176,99992.26844528907
7177,99992.26844528907
7178,99992.26844528907
7179,99992.26844528907
7180,99992.26844528907
7181,99992.26844528907
7182,99992.26844528907
7183,99992.26844528907
7184,99992.26844528907
7185,99992.26844528907
7186,99992.26844528907
7187,99992.26844528907
7188,99992.26844528907
7189,99992.26844528907
7190,99992.26844528907
7191,99992.26844528907
7192,99992.26844528907
7193,99992.26844528907
7194,99992.26844528907
7195,99992.26844528907
7196,99992.26844528907
7197,99992.26844528907
7198,99992.26844528907
7199,99992.26844528907
7200,99992.26844528907
7201,99992.26844528907
7202,99992.26844528907
7203,99992.26844528907
7204,99992.26844528907
7205,99992.26844528907
7206,99992.26844528907
7207,99992.26844528907
7208,99992.26844528907
7209,99992.26844528907
7210,99992.26844528907
7211,99992.26844528907
7212,99992.26844528907
7213,99992.26844528907
7214,99992.26844528907
7215,99992.26844528907
7216,99992.26844528907
7217,99992.26844528907
7218,99992.26844528907
7219,99992.26844528907
7220,99992.26844528907
7221,99992.26844528907
7222,99992.26844528907
7223,99992.26844528907
7224,99992.26844528907
7225,99992.26844528907
7226,99992.26844528907
7227,99992.26844528907
7228,99992.26844528907
7229,99992.26844528907
7230,99992.26844528907
7231,99992.26844528907
7232,99992.26844528907
7233,99992.26844528907
7234,99992.26844528907
7235,99992.26844528907
7236,99992.26844528907
7237,99992.26844528907
7238,99992.26844528907
7239,99992.26844528907
7240,99992.26844528907
7241,99992.26844528907
7242,99992.26844528907
7243,99992.26844528907
7244,99992.26844528907
7245,99992.26844528907
7246,99992.26844528907
7247,99992.26844528907
7248,99992.26844528907
7249,99992.26844528907
7250,99992.26844528907
7251,99992.26844528907
7252,99992.26844528907
7253,99992.26844528907
7254,99992.26844528907
7255,99992.26844528907
7256,99992.26844528907
7257,99992.26844528907
7258,99992.26844528907
7259,99992.26844528907
7260,99992.26844528907
7261,99992.26844528907
7262,99992.26844528907
7263,99992.26844528907
7264,99992.26844528907
7265,99992.26844528907
7266,99992.26844528907
7267,99992.26844528907
7268,99992.26844528907
7269,99992.26844528907
7270,99992.26844528907
7271,99992.26844528907
7272,99992.26844528907
7273,99992.26844528907
7274,99992.26844528907
7275,99992.26844528907
7276,99992.26844528907
7277,99992.26844528907
7278,99992.26844528907
7279,99992.26844528907
7280,99992.26844528907
7281,99992.26844528907
7282,99992.26844528907
7283,99992.26844528907
7284,99992.26844528907
7285,99992.26844528907
7286,99992.26844528907
7287,99992.26844528907
7288,99992.26844528907
7289,99992.26844528907
7290,99992.26844528907
7291,99992.26844528907
7292,99992.26844528907
7293,99992.26844528907
7294,99992.26844528907
7295,99992.26844528907
7296,99992.26844528907
7297,99992.26844528907
7298,99992.26844528907
7299,99992.26844528907
7300,99992.26844528907
7301,99992.26844528907
7302,99992.26844528907
7303,99992.26844528907
7304,99992.26844528907
7305,99992.26844528907
7306,99992.26844528907
7307,99992.26844528907
7308,99992.26844528907
7309,99992.26844528907
7310,99992.26844528907
7311,99992.26844528907
7312,99992.26844528907
7313,99992.26844528907
7314,99992.26844528907
7315,99992.26844528907
7316,99992.26844528907
7317,99992.26844528907
7318,99992.26844528907
7319,99992.26844528907
7320,99992.26844528907
7321,99992.26844528907
7322,99992.26844528907
7323,99992.26844528907
7324,99992.26844528907
7325,99992.26844528907
7326,99992.26844528907
7327,99992.26844528907
7328,99992.26844528907
7329,99992.26844528907
7330,99992.26844528907
7331,99992.26844528907
7332,99992.26844528907
7333,99992.26844528907
7334,99992.26844528907
7335,99992.26844528907
7336,99992.26844528907
7337,99992.26844528907
7338,99992.26844528907
7339,99992.26844528907
7340,99992.26844528907
7341,99992.26844528907
7342,99992.26844528907
7343,99992.26844528907
7344,99992.26844528907
7345,99992.26844528907
7346,99992.26844528907
7347,99992.26844528907
7348,99992.26844528907
7349,99992.26844528907
7350,99992.26844528907
7351,99992.26844528907
7352,99992.26844528907
7353,99992.26844528907
7354,99992.26844528907
7355,99992.26844528907
7356,99992.26844528907
7357,99992.26844528907
7358,99992.26844528907
7359,99992.26844528907
7360,99992.26844528907
7361,99992.26844528907
7362,99992.26844528907
7363,99992.26844528907
7364,99992.26844528907
7365,99992.26844528907
7366,99992.26844528907
7367,99992.26844528907
7368,99992.26844528907
7369,99992.26844528907
7370,99992.26844528907
7371,99992.26844528907
7372,99992.26844528907
7373,99992.26844528907
7374,99992.26844528907
7375,99992.26844528907
7376,99992.26844528907
7377,99992.26844528907
7378,99992.26844528907
7379,99992.26844528907
7380,99992.26844528907
7381,99992.26844528907
7382,99992.26844528907
7383,99992.26844528907
7384,99992.26844528907
7385,99992.26844528907
7386,99992.26844528907
7387,99992.26844528907
7388,99992.26844528907
7389,99992.26844528907
7390,99992.26844528907
7391,99992.26844528907
7392,99992.26844528907
7393,99992.26844528907
7394,99992.26844528907
7395,99992.26844528907
7396,99992.26844528907
7397,99992.26844528907
7398,99992.26844528907
7399,99992.26844528907
7400,99992.26844528907
7401,99992.26844528907
7402,99992.26844528907
7403,99992.26844528907
7404,99992.26844528907
7405,99992.26844528907
7406,99992.26844528907
7407,99992.26844528907
7408,99992.26844528907
7409,99992.26844528907
7410,99992.26844528907
7411,99992.26844528907
7412,99992.26844528907
7413,99992.26844528907
7414,99992.26844528907
7415,99992.26844528907
7416,99992.26844528907
7417,99992.26844528907
7418,99992.26844528907
7419,99992.26844528907
7420,99992.26844528907
7421,99992.26844528907
7422,99992.26844528907
7423,99992.26844528907
7424,99992.26844528907
7425,99992.26844528907
7426,99992.26844528907
7427,99992.26844528907
7428,99992.26844528907
7429,99992.26844528907
7430,99992.26844528907
7431,99992.26844528907
7432,99992.26844528907
7433,99992.26844528907
7434,99992.26844528907
7435,99992.26844528907
7436,99992.26844528907
7437,99992.26844528907
7438,99992.26844528907
7439,99992.26844528907
7440,99992.26844528907
7441,99992.26844528907
7442,99992.26844528907
7443,99992.26844528907
7444,99992.26844528907
7445,99992.26844528907
7446,99992.26844528907
7447,99992.26844528907
7448,99992.26844528907
7449,99992.26844528907
7450,99992.26844528907
7451,99992.26844528907
7452,99992.26844528907
7453,99992.26844528907
7454,99992.26844528907
7455,99992.26844528907
7456,99992.26844528907
7457,99992.26844528907
7458,99992.26844528907
7459,99992.26844528907
7460,99992.26844528907
7461,99992.26844528907
7462,99992.26844528907
7463,99992.26844528907
7464,99992.26844528907
7465,99992.26844528907
7466,99992.26844528907
7467,99992.26844528907
7468,99992.26844528907
7469,99992.26844528907
7470,99992.26844528907
7471,99992.26844528907
7472,99992.26844528907
7473,99992.26844528907
7474,99992.26844528907
7475,99992.26844528907
7476,99992.26844528907
7477,99992.26844528907
7478,99992.26844528907
7479,99992.26844528907
7480,99992.26844528907
7481,99992.26844528907
7482,99992.26844528907
7483,99992.26844528907
7484,99992.26844528907
7485,99992.26844528907
7486,99992.26844528907
7487,99992.26844528907
7488,99992.26844528907
7489,99992.26844528907
7490,99992.26844528907
7491,99992.26844528907
7492,99992.26844528907
7493,99992.26844528907
7494,99992.26844528907
7495,99992.26844528907
7496,99992.26844528907
7497,99992.26844528907
7498,99992.26844528907
7499,99992.26844528907
7500,99992.26844528907
7501,99992.26844528907
7502,99992.26844528907
7503,99992.26844528907
7504,99992.26844528907
7505,99992.26844528907
7506,99992.26844528907
7507,99992.26844528907
7508,99992.26844528907
7509,99992.26844528907
7510,99992.26844528907
7511,99992.26844528907
7512,99992.26844528907
7513,99992.26844528907
7514,99992.26844528907
7515,99992.26844528907
7516,99992.26844528907
7517,99992.26844528907
7518,99992.26844528907
7519,99992.26844528907
7520,99992.26844528907
7521,99992.26844528907
7522,99992.26844528907
7523,99992.26844528907
7524,99992.26844528907
7525,99992.26844528907
7526,99992.26844528907
7527,99992.26844528907
7528,99992.26844528907
7529,99992.26844528907
7530,99992.26844528907
7531,99992.26844528907
7532,99992.26844528907
7533,99992.26844528907
7534,99992.26844528907
7535,99992.26844528907
7536,99992.26844528907
7537,99992.26844528907
7538,99992.26844528907
7539,99992.26844528907
7540,99992.26844528907
7541,99992.26844528907
7542,99992.26844528907
7543,99992.26844528907
7544,99992.26844528907
7545,99992.26844528907
7546,99992.26844528907
7547,99992.26844528907
7548,99992.26844528907
7549,99992.26844528907
7550,99992.26844528907
7551,99992.26844528907
7552,99992.15464960402
7553,99992.15464960402
7554,99992.15464960402
7555,99992.15464960402
7556,99993.12636557949
7557,99993.12636557949
7558,99993.12636557949
7559,99993.12636557949
7560,99993.12636557949
7561,99993.12636557949
7562,99993.12636557949
7563,99993.12636557949
7564,99993.12636557949
7565,99993.12636557949
7566,99993.12636557949
7567,99993.12636557949
7568,99993.12636557949
7569,99993.12636557949
7570,99993.12636557949
7571,99993.12636557949
7572,99993.12636557949
7573,99993.12636557949
7574,99993.12636557949
7575,99993.12636557949
7576,99993.12636557949
7577,99993.12636557949
7578,99993.12636557949
7579,99993.12636557949
7580,99993.12636557949
7581,99993.12636557949
7582,99993.12636557949
7583,99993.12636557949
7584,99993.12636557949
7585,99993.12636557949
7586,99993.12636557949
7587,99993.12636557949
7588,99993.12636557949
7589,99993.12636557949
7590,99993.12636557949
7591,99993.12636557949
7592,99993.12636557949
7593,99993.12636557949
7594,99993.12636557949
7595,99993.12636557949
7596,99993.12636557949
7597,99993.12636557949
7598,99993.12636557949
7599,99993.12636557949
7600,99993.12636557949
7601,99993.12636557949
7602,99993.12636557949
7603,99993.12636557949
7604,99993.12636557949
7605,99993.12636557949
7606,99993.12636557949
7607,99993.12636557949
7608,99993.12636557949
7609,99993.12636557949
7610,99993.12636557949
7611,99993.12636557949
7612,99993.12636557949
7613,99993.12636557949
7614,99993.12636557949
7615,99993.12636557949
7616,99993.12636557949
7617,99993.12636557949
7618,99993.12636557949
7619,99993.12636557949
7620,99993.12636557949
7621,99993.12636557949
7622,99993.12636557949
7623,99993.12636557949
7624,99993.12636557949
7625,99993.12636557949
7626,99993.12636557949
7627,99993.12636557949
7628,99993.12636557949
7629,99993.12636557949
7630,99993.12636557949
7631,99993.12636557949
7632,99993.12636557949
7633,99993.12636557949
7634,99993.12636557949
7635,99993.12636557949
7636,99993.12636557949
7637,99993.12636557949
7638,99993.12636557949
7639,99993.12636557949
7640,99993.12636557949
7641,99993.12636557949
7642,99993.12636557949
7643,99993.12636557949
7644,99993.12636557949
7645,99993.12636557949
7646,99993.12636557949
7647,99993.12636557949
7648,99993.12636557949
7649,99993.12636557949
7650,99993.12636557949
7651,99993.12636557949
7652,99993.12636557949
7653,99993.12636557949
7654,99993.12636557949
7655,99993.12636557949
7656,99993.12636557949
7657,99993.12636557949
7658,99993.12636557949
7659,99993.12636557949
7660,99993.12636557949
7661,99993.12636557949
7662,99993.12636557949
7663,99993.12636557949
7664,99993.12636557949
7665,99993.12636557949
7666,99993.12636557949
7667,99993.12636557949
7668,99993.12636557949
7669,99993.12636557949
7670,99993.12636557949
7671,99993.12636557949
7672,99993.12636557949
7673,99993.12636557949
7674,99993.12636557949
7675,99993.12636557949
7676,99993.12636557949
7677,99993.12636557949
7678,99993.12636557949
7679,99993.12636557949
7680,99993.12636557949
7681,99993.12636557949
7682,99993.12636557949
7683,99993.12636557949
7684,99993.12636557949
7685,99993.12636557949
7686,99993.12636557949
7687,99993.12636557949
7688,99993.12636557949
7689,99993.12636557949
7690,99993.12636557949
7691,99993.12636557949
7692,99993.12636557949
7693,99993.12636557949
7694,99993.12636557949
7695,99993.12636557949
7696,99993.12636557949
7697,99993.12636557949
7698,99993.12636557949
7699,99993.12636557949
7700,99993.12636557949
7701,99993.12636557949
7702,99993.12636557949
7703,99993.12636557949
7704,99993.12636557949
7705,99993.12636557949
7706,99993.12636557949
7707,99993.12636557949
7708,99993.12636557949
7709,99993.12636557949
7710,99993.12636557949
7711,99993.12636557949
7712,99993.12636557949
7713,99993.12636557949
7714,99993.12636557949
7715,99993.12636557949
7716,99993.12636557949
7717,99993.12636557949
7718,99993.12636557949
7719,99993.12636557949
7720,99993.12636557949
7721,99993.12636557949
7722,99993.12636557949
7723,99993.12636557949
7724,99993.12636557949
7725,99993.12636557949
7726,99993.12636557949
7727,99993.12636557949
7728,99993.12636557949
7729,99993.12636557949
7730,99993.12636557949
7731,99993.12636557949
7732,99993.12636557949
7733,99993.12636557949
7734,99993.12636557949
7735,99993.12636557949
7736,99993.12636557949
7737,99993.12636557949
7738,99993.12636557949
7739,99993.12636557949
7740,99993.12636557949
7741,99993.12636557949
7742,99993.12636557949
7743,99993.12636557949
7744,99993.12636557949
7745,99993.12636557949
7746,99993.12636557949
7747,99993.12636557949
7748,99993.12636557949
7749,99993.12636557949
7750,99993.12636557949
7751,99993.12636557949
7752,99993.12636557949
7753,99993.12636557949
7754,99993.12636557949
7755,99993.12636557949
7756,99993.12636557949
7757,99993.12636557949
7758,99993.12636557949
7759,99993.12636557949
7760,99993.12636557949
7761,99993.12636557949
7762,99993.12636557949
7763,99993.12636557949
7764,99993.12636557949
7765,99993.12636557949
7766,99993.12636557949
7767,99993.12636557949
7768,99993.12636557949
7769,99993.12636557949
7770,99993.12636557949
7771,99993.12636557949
7772,99993.12636557949
7773,99993.12636557949
7774,99993.12636557949
7775,99993.12636557949
7776,99993.12636557949
7777,99993.12636557949
7778,99993.12636557949
7779,99993.12636557949
7780,99993.12636557949
7781,99993.12636557949
7782,99993.12636557949
7783,99993.12636557949
7784,99993.12636557949
7785,99993.12636557949
7786,99993.12636557949
7787,99993.12636557949
7788,99993.12636557949
7789,99993.12636557949
7790,99993.12636557949
7791,99993.12636557949
7792,99993.12636557949
7793,99993.12636557949
7794,99993.12636557949
7795,99993.12636557949
7796,99993.12636557949
7797,99993.12636557949
7798,99993.12636557949
7799,99993.12636557949
7800,99993.12636557949
7801,99993.12636557949
7802,99993.12636557949
7803,99993.12636557949
7804,99993.12636557949
7805,99993.12636557949
7806,99993.12636557949
7807,99993.12636557949
7808,99993.12636557949
7809,99993.12636557949
7810,99993.12636557949
7811,99993.12636557949
7812,99993.12636557949
7813,99993.12636557949
7814,99993.12636557949
7815,99993.12636557949
7816,99993.12636557949
7817,99993.12636557949
7818,99993.12636557949
7819,99993.12636557949
7820,99993.12636557949
7821,99993.12636557949
7822,99993.12636557949
7823,99993.12636557949
7824,99993.12636557949
7825,99993.12636557949
7826,99993.12636557949
7827,99993.12636557949
7828,99993.12636557949
7829,99993.12636557949
7830,99993.12636557949
7831,99993.12636557949
7832,99993.12636557949
7833,99993.12636557949
7834,99993.12636557949
7835,99993.12636557949
7836,99993.12636557949
7837,99993.12636557949
7838,99993.12636557949
7839,99993.12636557949
7840,99993.12636557949
7841,99993.12636557949
7842,99993.12636557949
7843,99993.12636557949
7844,99993.12636557949
7845,99993.12636557949
7846,99993.12636557949
7847,99993.12636557949
7848,99993.12636557949
7849,99993.12636557949
7850,99993.12636557949
7851,99993.12636557949
7852,99993.12636557949
7853,99993.12636557949
7854,99993.12636557949
7855,99993.12636557949
7856,99993.12636557949
7857,99993.12636557949
7858,99993.12636557949
7859,99993.12636557949
7860,99993.12636557949
7861,99993.12636557949
7862,99993.12636557949
7863,99993.12636557949
7864,99993.12636557949
7865,99993.12636557949
7866,99993.12636557949
7867,99993.12636557949
7868,99993.12636557949
7869,99993.12636557949
7870,99993.12636557949
7871,99993.12636557949
7872,99993.12636557949
7873,99993.12636557949
7874,99993.12636557949
7875,99993.12636557949
7876,99993.12636557949
7877,99993.12636557949
7878,99993.12636557949
7879,99993.12636557949
7880,99993.12636557949
7881,99993.12636557949
7882,99993.12636557949
7883,99993.12636557949
7884,99993.12636557949
7885,99993.12636557949
7886,99993.12636557949
7887,99993.12636557949
7888,99993.12636557949
7889,99993.12636557949
7890,99993.12636557949
7891,99993.12636557949
7892,99993.12636557949
7893,99993.12636557949
7894,99993.12636557949
7895,99993.12636557949
7896,99993.12636557949
7897,99993.12636557949
7898,99993.12636557949
7899,99993.12636557949
7900,99993.12636557949
7901,99993.12636557949
7902,99993.12636557949
7903,99993.12636557949
7904,99993.12636557949
7905,99993.12636557949
7906,99993.12636557949
7907,99993.12636557949
7908,99993.12636557949
7909,99993.12636557949
7910,99993.12636557949
7911,99993.12636557949
7912,99993.12636557949
7913,99993.12636557949
7914,99993.12636557949
7915,99993.12636557949
7916,99993.12636557949
7917,99993.12636557949
7918,99993.12636557949
7919,99993.12636557949
7920,99993.12636557949
7921,99993.12636557949
7922,99993.12636557949
7923,99993.12636557949
7924,99993.12636557949
7925,99993.12636557949
7926,99993.12636557949
7927,99993.12636557949
7928,99993.12636557949
7929,99993.12636557949
7930,99993.12636557949
7931,99993.12636557949
7932,99993.12636557949
7933,99993.12636557949
7934,99993.12636557949
7935,99993.12636557949
7936,99993.12636557949
7937,99993.12636557949
7938,99993.12636557949
7939,99993.12636557949
7940,99993.12636557949
7941,99993.12636557949
7942,99993.12636557949
7943,99993.12636557949
7944,99993.12636557949
7945,99993.12636557949
7946,99993.12636557949
7947,99993.12636557949
7948,99993.12636557949
7949,99993.12636557949
7950,99993.12636557949
7951,99993.12636557949
7952,99993.12636557949
7953,99993.12636557949
7954,99993.12636557949
7955,99993.12636557949
7956,99993.12636557949
7957,99993.12636557949
7958,99993.12636557949
7959,99993.12636557949
7960,99993.12636557949
7961,99993.12636557949
7962,99993.12636557949
7963,99993.12636557949
7964,99993.12636557949
7965,99993.12636557949
7966,99993.12636557949
7967,99993.12636557949
7968,99993.12636557949
7969,99993.12636557949
7970,99993.12636557949
7971,99993.12636557949
7972,99993.12636557949
7973,99993.12636557949
7974,99993.12636557949
7975,99993.12636557949
7976,99993.12636557949
7977,99993.12636557949
7978,99993.12636557949
7979,99993.12636557949
7980,99993.12636557949
7981,99993.12636557949
7982,99993.12636557949
7983,99993.12636557949
7984,99993.12636557949
7985,99993.12636557949
7986,99993.12636557949
7987,99993.12636557949
7988,99993.12636557949
7989,99993.12636557949
7990,99993.12636557949
7991,99993.12636557949
7992,99993.12636557949
7993,99993.12636557949
7994,99993.12636557949
7995,99993.12636557949
7996,99993.12636557949
7997,99993.12636557949
7998,99993.12636557949
7999,99993.12636557949
8000,99993.12636557949
8001,99993.12636557949
8002,99993.12636557949
8003,99993.12636557949
8004,99993.12636557949
8005,99993.12636557949
8006,99993.12636557949
8007,99993.12636557949
8008,99993.12636557949
8009,99993.12636557949
8010,99993.12636557949
8011,99993.12636557949
8012,99993.12636557949
8013,99993.12636557949
8014,99993.12636557949
8015,99993.12636557949
8016,99993.12636557949
8017,99993.12636557949
8018,99993.12636557949
8019,99993.12636557949
8020,99993.12636557949
8021,99993.12636557949
8022,99993.12636557949
8023,99993.12636557949
8024,99993.12636557949
8025,99993.12636557949
8026,99993.12636557949
8027,99993.12636557949
8028,99993.12636557949
8029,99993.12636557949
8030,99993.12636557949
8031,99993.12636557949
8032,99993.12636557949
8033,99993.12636557949
8034,99993.12636557949
8035,99993.12636557949
8036,99993.12636557949
8037,99993.12636557949
8038,99993.12636557949
8039,99993.12636557949
8040,99993.12636557949
8041,99993.12636557949
8042,99993.12636557949
8043,99993.12636557949
8044,99993.12636557949
8045,99993.12636557949
8046,99993.12636557949
8047,99993.12636557949
8048,99993.12636557949
8049,99993.12636557949
8050,99993.12636557949
8051,99993.12636557949
8052,99993.12636557949
8053,99993.12636557949
8054,99993.12636557949
8055,99993.12636557949
8056,99993.12636557949
8057,99993.12636557949
8058,99993.12636557949
8059,99993.12636557949
8060,99993.12636557949
8061,99993.12636557949
8062,99993.12636557949
8063,99993.12636557949
8064,99993.12636557949
8065,99993.12636557949
8066,99993.12636557949
8067,99993.12636557949
8068,99993.12636557949
8069,99993.12636557949
8070,99993.12636557949
8071,99993.12636557949
8072,99993.12636557949
8073,99993.12636557949
8074,99993.12636557949
8075,99993.12636557949
8076,99993.12636557949
8077,99993.12636557949
8078,99993.12636557949
8079,99993.12636557949
8080,99993.12636557949
8081,99993.12636557949
8082,99993.12636557949
8083,99993.12636557949
8084,99993.12636557949
8085,99993.12636557949
8086,99993.12636557949
8087,99993.12636557949
8088,99993.12636557949
8089,99993.12636557949
8090,99993.12636557949
8091,99993.12636557949
8092,99993.12636557949
8093,99993.12636557949
8094,99993.12636557949
8095,99993.12636557949
8096,99993.12636557949
8097,99993.12636557949
8098,99993.12636557949
8099,99993.12636557949
8100,99993.12636557949
8101,99993.12636557949
8102,99993.12636557949
8103,99993.12636557949
8104,99993.12636557949
8105,99993.12636557949
8106,99993.12636557949
8107,99993.12636557949
8108,99993.12636557949
8109,99993.12636557949
8110,99993.12636557949
8111,99993.12636557949
8112,99993.12636557949
8113,99993.12636557949
8114,99993.12636557949
8115,99993.12636557949
8116,99993.12636557949
8117,99993.12636557949
8118,99993.12636557949
8119,99993.12636557949
8120,99993.12636557949
8121,99993.12636557949
8122,99993.12636557949
8123,99993.12636557949
8124,99993.12636557949
8125,99993.12636557949
8126,99993.12636557949
8127,99993.12636557949
8128,99993.12636557949
8129,99993.12636557949
8130,99993.12636557949
8131,99993.12636557949
8132,99993.12636557949
8133,99993.12636557949
8134,99993.12636557949
8135,99993.12636557949
8136,99993.12636557949
8137,99993.12636557949
8138,99993.12636557949
8139,99993.12636557949
8140,99993.12636557949
8141,99993.12636557949
8142,99993.12636557949
8143,99993.12636557949
8144,99993.12636557949
8145,99993.12636557949
8146,99993.12636557949
8147,99993.12636557949
8148,99993.12636557949
8149,99993.12636557949
8150,99993.12636557949
8151,99993.12636557949
8152,99993.12636557949
8153,99993.12636557949
8154,99993.12636557949
8155,99993.12636557949
8156,99993.12636557949
8157,99993.12636557949
8158,99993.12636557949
8159,99993.12636557949
8160,99993.12636557949
8161,99993.12636557949
8162,99993.12636557949
8163,99993.12636557949
8164,99993.12636557949
8165,99993.12636557949
8166,99993.12636557949
8167,99993.12636557949
8168,99993.12636557949
8169,99993.12636557949
8170,99993.12636557949
8171,99993.12636557949
8172,99993.12636557949
8173,99993.12636557949
8174,99993.12636557949
8175,99993.12636557949
8176,99993.12636557949
8177,99993.12636557949
8178,99993.12636557949
8179,99993.12636557949
8180,99993.12636557949
8181,99993.12636557949
8182,99993.12636557949
8183,99993.12636557949
8184,99993.12636557949
8185,99993.12636557949
8186,99993.12636557949
8187,99993.12636557949
8188,99993.12636557949
8189,99993.12636557949
8190,99993.12636557949
8191,99993.12636557949
8192,99993.12636557949
8193,99993.12636557949
8194,99993.12636557949
8195,99993.12636557949
8196,99993.12636557949
8197,99993.12636557949
8198,99993.12636557949
8199,99993.12636557949
8200,99993.12636557949
8201,99993.12636557949
8202,99993.12636557949
8203,99993.12636557949
8204,99993.12636557949
8205,99993.12636557949
8206,99993.12636557949
8207,99993.12636557949
8208,99993.12636557949
8209,99993.12636557949
8210,99993.12636557949
8211,99993.12636557949
8212,99993.12636557949
8213,99993.12636557949
8214,99993.12636557949
8215,99993.12636557949
8216,99993.12636557949
8217,99993.12636557949
8218,99993.12636557949
8219,99993.12636557949
8220,99993.12636557949
8221,99993.12636557949
8222,99993.12636557949
8223,99993.12636557949
8224,99993.12636557949
8225,99993.12636557949
8226,99993.12636557949
8227,99993.12636557949
8228,99993.12636557949
8229,99993.12636557949
8230,99993.12636557949
8231,99993.12636557949
8232,99993.12636557949
8233,99993.12636557949
8234,99993.12636557949
8235,99993.12636557949
8236,99993.12636557949
8237,99993.12636557949
8238,99993.12636557949
8239,99993.12636557949
8240,99993.12636557949
8241,99993.12636557949
8242,99993.12636557949
8243,99993.12636557949
8244,99993.12636557949
8245,99993.12636557949
8246,99993.12636557949
8247,99993.12636557949
8248,99993.12636557949
8249,99993.12636557949
8250,99993.12636557949
8251,99993.12636557949
8252,99993.12636557949
8253,99993.12636557949
8254,99993.12636557949
8255,99993.12636557949
8256,99993.12636557949
8257,99993.12636557949
8258,99993.12636557949
8259,99993.12636557949
8260,99993.12636557949
8261,99993.12636557949
8262,99993.12636557949
8263,99993.12636557949
8264,99993.12636557949
8265,99993.12636557949
8266,99993.12636557949
8267,99993.12636557949
8268,99993.12636557949
8269,99993.12636557949
8270,99993.12636557949
8271,99993.12636557949
8272,99993.12636557949
8273,99993.12636557949
8274,99993.12636557949
8275,99993.12636557949
8276,99993.12636557949
8277,99993.12636557949
8278,99993.12636557949
8279,99993.12636557949
8280,99993.12636557949
8281,99993.12636557949
8282,99993.12636557949
8283,99993.12636557949
8284,99993.12636557949
8285,99993.12636557949
8286,99993.12636557949
8287,99993.12636557949
8288,99993.12636557949
8289,99993.12636557949
8290,99993.12636557949
8291,99993.12636557949
8292,99993.12636557949
8293,99993.12636557949
8294,99993.12636557949
8295,99993.12636557949
8296,99993.12636557949
8297,99993.12636557949
8298,99993.12636557949
8299,99993.12636557949
8300,99993.12636557949
8301,99993.12636557949
8302,99993.12636557949
8303,99993.12636557949
8304,99993.12636557949
8305,99993.12636557949
8306,99993.12636557949
8307,99993.12636557949
8308,99993.08596023497
8309,99993.08596023497
8310,99993.08596023497
8311,99992.58175484564
8312,99992.58175484564
8313,99992.58175484564
8314,99992.58175484564
8315,99992.58175484564
8316,99992.58175484564
8317,99992.58175484564
8318,99992.58175484564
8319,99992.58175484564
8320,99992.58175484564
8321,99992.58175484564
8322,99992.58175484564
8323,99992.58175484564
8324,99992.58175484564
8325,99992.58175484564
8326,99992.58175484564
8327,99992.58175484564
8328,99992.58175484564
8329,99992.58175484564
8330,99992.58175484564
8331,99992.58175484564
8332,99992.58175484564
8333,99992.58175484564
8334,99992.58175484564
8335,99992.58175484564
8336,99992.58175484564
8337,99992.58175484564
8338,99992.58175484564
8339,99992.58175484564
8340,99992.58175484564
8341,99992.58175484564
8342,99992.58175484564
8343,99992.58175484564
8344,99992.58175484564
8345,99992.58175484564
8346,99992.58175484564
8347,99992.58175484564
8348,99992.58175484564
8349,99992.58175484564
8350,99992.58175484564
8351,99992.58175484564
8352,99992.58175484564
8353,99992.58175484564
8354,99992.58175484564
8355,99992.58175484564
8356,99992.58175484564
8357,99992.58175484564
8358,99992.58175484564
8359,99992.58175484564
8360,99992.58175484564
8361,99992.58175484564
8362,99992.58175484564
8363,99992.58175484564
8364,99992.58175484564
8365,99992.58175484564
8366,99992.58175484564
8367,99992.58175484564
8368,99992.58175484564
8369,99992.58175484564
8370,99992.58175484564
8371,99992.58175484564
8372,99992.58175484564
8373,99992.58175484564
8374,99992.58175484564
8375,99992.58175484564
8376,99992.58175484564
8377,99992.58175484564
8378,99992.58175484564
8379,99992.58175484564
8380,99992.58175484564
8381,99992.58175484564
8382,99992.58175484564
8383,99992.58175484564
8384,99992.58175484564
8385,99992.58175484564
8386,99992.58175484564
8387,99992.58175484564
8388,99992.58175484564
8389,99992.58175484564
8390,99992.58175484564
8391,99992.58175484564
8392,99992.58175484564
8393,99992.58175484564
8394,99992.58175484564
8395,99992.58175484564
8396,99992.58175484564
8397,99992.58175484564
8398,99992.58175484564
8399,99992.58175484564
8400,99992.58175484564
8401,99992.58175484564
8402,99992.58175484564
8403,99992.58175484564
8404,99992.58175484564
8405,99992.58175484564
8406,99992.58175484564
8407,99992.58175484564
8408,99992.58175484564
8409,99992.58175484564
8410,99992.58175484564
8411,99992.58175484564
8412,99992.58175484564
8413,99992.58175484564
8414,99992.58175484564
8415,99992.58175484564
8416,99992.58175484564
8417,99992.58175484564
8418,99992.58175484564
8419,99992.58175484564
8420,99992.58175484564
8421,99992.58175484564
8422,99992.58175484564
8423,99992.58175484564
8424,99992.58175484564
8425,99992.58175484564
8426,99992.58175484564
8427,99992.58175484564
8428,99992.58175484564
8429,99992.58175484564
8430,99992.58175484564
8431,99992.58175484564
8432,99992.58175484564
8433,99992.58175484564
8434,99992.58175484564
8435,99992.58175484564
8436,99992.58175484564
8437,99992.58175484564
8438,99992.58175484564
8439,99992.58175484564
8440,99992.58175484564
8441,99992.58175484564
8442,99992.58175484564
8443,99992.58175484564
8444,99992.58175484564
8445,99992.58175484564
8446,99992.58175484564
8447,99992.58175484564
8448,99992.58175484564
8449,99992.58175484564
8450,99992.58175484564
8451,99992.58175484564
8452,99992.58175484564
8453,99992.58175484564
8454,99992.58175484564
8455,99992.58175484564
8456,99992.58175484564
8457,99992.58175484564
8458,99992.58175484564
8459,99992.58175484564
8460,99992.58175484564
8461,99992.58175484564
8462,99992.58175484564
8463,99992.58175484564
8464,99992.58175484564
8465,99992.58175484564
8466,99992.58175484564
8467,99992.58175484564
8468,99992.58175484564
8469,99992.58175484564
8470,99992.58175484564
8471,99992.58175484564
8472,99992.58175484564
8473,99992.58175484564
8474,99992.58175484564
8475,99992.58175484564
8476,99992.58175484564
8477,99992.58175484564
8478,99992.58175484564
8479,99992.58175484564
8480,99992.58175484564
8481,99992.58175484564
8482,99992.58175484564
8483,99992.58175484564
8484,99992.58175484564
8485,99992.58175484564
8486,99992.58175484564
8487,99992.58175484564
8488,99992.58175484564
8489,99992.58175484564
8490,99992.58175484564
8491,99992.58175484564
8492,99992.58175484564
8493,99992.58175484564
8494,99992.58175484564
8495,99992.58175484564
8496,99992.58175484564
8497,99992.58175484564
8498,99992.58175484564
8499,99992.58175484564
8500,99992.58175484564
8501,99992.58175484564
8502,99992.58175484564
8503,99992.58175484564
8504,99992.58175484564
8505,99992.58175484564
8506,99992.58175484564
8507,99992.58175484564
8508,99992.58175484564
8509,99992.58175484564
8510,99992.58175484564
8511,99992.58175484564
8512,99992.58175484564
8513,99992.58175484564
8514,99992.58175484564
8515,99992.58175484564
8516,99992.58175484564
8517,99992.58175484564
8518,99992.58175484564
8519,99992.58175484564
8520,99992.58175484564
8521,99992.58175484564
8522,99992.58175484564
8523,99992.58175484564
8524,99992.58175484564
8525,99992.58175484564
8526,99992.58175484564
8527,99992.58175484564
8528,99992.58175484564
8529,99992.58175484564
8530,99992.58175484564
8531,99992.58175484564
8532,99992.58175484564
8533,99992.58175484564
8534,99992.58175484564
8535,99992.58175484564
8536,99992.58175484564
8537,99992.58175484564
8538,99992.58175484564
8539,99992.58175484564
8540,99992.58175484564
8541,99992.58175484564
8542,99992.58175484564
8543,99992.58175484564
8544,99992.58175484564
8545,99992.58175484564
8546,99992.58175484564
8547,99992.58175484564
8548,99992.58175484564
8549,99992.58175484564
8550,99992.58175484564
8551,99992.58175484564
8552,99992.58175484564
8553,99992.58175484564
8554,99992.58175484564
8555,99992.58175484564
8556,99992.58175484564
8557,99992.58175484564
8558,99992.58175484564
8559,99992.58175484564
8560,99992.58175484564
8561,99992.58175484564
8562,99992.58175484564
8563,99992.58175484564
8564,99992.58175484564
8565,99992.58175484564
8566,99992.58175484564
8567,99992.58175484564
8568,99992.58175484564
8569,99992.58175484564
8570,99992.58175484564
8571,99992.58175484564
8572,99992.58175484564
8573,99992.58175484564
8574,99992.58175484564
8575,99992.58175484564
8576,99992.58175484564
8577,99992.58175484564
8578,99992.58175484564
8579,99992.58175484564
8580,99992.58175484564
8581,99992.58175484564
8582,99992.58175484564
8583,99992.58175484564
8584,99992.58175484564
8585,99992.58175484564
8586,99992.58175484564
8587,99992.58175484564
8588,99992.58175484564
8589,99992.58175484564
8590,99992.58175484564
8591,99992.58175484564
8592,99992.58175484564
8593,99992.58175484564
8594,99992.58175484564
8595,99992.58175484564
8596,99992.58175484564
8597,99992.58175484564
8598,99992.58175484564
8599,99992.58175484564
8600,99992.58175484564
8601,99992.58175484564
8602,99992.58175484564
8603,99992.58175484564
8604,99992.58175484564
8605,99992.58175484564
8606,99992.58175484564
8607,99992.58175484564
8608,99992.58175484564
8609,99992.58175484564
8610,99992.58175484564
8611,99992.58175484564
8612,99992.58175484564
8613,99992.58175484564
8614,99992.58175484564
8615,99992.58175484564
8616,99992.58175484564
8617,99992.58175484564
8618,99992.58175484564
8619,99992.58175484564
8620,99992.58175484564
8621,99992.58175484564
8622,99992.58175484564
8623,99992.58175484564
8624,99992.58175484564
8625,99992.58175484564
8626,99992.58175484564
8627,99992.58175484564
8628,99992.58175484564
8629,99992.58175484564
8630,99992.58175484564
8631,99992.58175484564
8632,99992.58175484564
8633,99992.58175484564
8634,99992.58175484564
8635,99992.58175484564
8636,99992.58175484564
8637,99992.58175484564
8638,99992.58175484564
8639,99992.58175484564
8640,99992.58175484564
8641,99992.58175484564
8642,99992.58175484564
8643,99992.58175484564
8644,99992.58175484564
8645,99992.58175484564
8646,99992.58175484564
8647,99992.58175484564
8648,99992.58175484564
8649,99992.58175484564
8650,99992.58175484564
8651,99992.58175484564
8652,99992.58175484564
8653,99992.58175484564
8654,99992.58175484564
8655,99992.58175484564
8656,99992.58175484564
8657,99992.58175484564
8658,99992.58175484564
8659,99992.58175484564
8660,99992.58175484564
8661,99992.58175484564
8662,99992.58175484564
8663,99992.58175484564
8664,99992.58175484564
8665,99992.58175484564
8666,99992.58175484564
8667,99992.58175484564
8668,99992.58175484564
8669,99992.58175484564
8670,99992.58175484564
8671,99992.58175484564
8672,99992.58175484564
8673,99992.58175484564
8674,99992.58175484564
8675,99992.58175484564
8676,99992.58175484564
8677,99992.58175484564
8678,99992.58175484564
8679,99992.58175484564
8680,99992.58175484564
8681,99992.58175484564
8682,99992.58175484564
8683,99992.58175484564
8684,99992.58175484564
8685,99992.58175484564
8686,99992.58175484564
8687,99992.58175484564
8688,99992.58175484564
8689,99992.58175484564
8690,99992.58175484564
8691,99992.58175484564
8692,99992.58175484564
8693,99992.58175484564
8694,99992.58175484564
8695,99992.58175484564
8696,99992.58175484564
8697,99992.58175484564
8698,99992.58175484564
8699,99992.58175484564
8700,99992.58175484564
8701,99992.58175484564
8702,99992.58175484564
8703,99992.58175484564
8704,99992.58175484564
8705,99992.58175484564
8706,99992.58175484564
8707,99992.58175484564
8708,99992.58175484564
8709,99992.58175484564
8710,99992.58175484564
8711,99992.58175484564
8712,99992.58175484564
8713,99992.58175484564
8714,99992.58175484564
8715,99992.58175484564
8716,99992.58175484564
8717,99992.58175484564
8718,99992.58175484564
8719,99992.58175484564
8720,99992.58175484564
8721,99992.58175484564
8722,99992.58175484564
8723,99992.58175484564
8724,99992.58175484564
8725,99992.58175484564
8726,99992.58175484564
8727,99992.58175484564
8728,99992.58175484564
8729,99992.58175484564
8730,99992.58175484564
8731,99992.58175484564
8732,99992.58175484564
8733,99992.58175484564
8734,99992.58175484564
8735,99992.58175484564
8736,99992.58175484564
8737,99992.58175484564
8738,99992.58175484564
8739,99992.58175484564
8740,99992.58175484564
8741,99992.58175484564
8742,99992.58175484564
8743,99992.58175484564
8744,99992.58175484564
8745,99992.58175484564
8746,99992.58175484564
8747,99992.58175484564
8748,99992.58175484564
8749,99992.58175484564
8750,99992.58175484564
8751,99992.58175484564
8752,99992.58175484564
8753,99992.58175484564
8754,99992.58175484564
8755,99992.58175484564
8756,99992.58175484564
8757,99992.58175484564
8758,99992.58175484564
8759,99992.58175484564
8760,99992.58175484564
8761,99992.58175484564
8762,99992.58175484564
8763,99992.58175484564
8764,99992.58175484564
8765,99992.58175484564
8766,99992.58175484564
8767,99992.58175484564
8768,99992.58175484564
8769,99992.58175484564
8770,99992.58175484564
8771,99992.58175484564
8772,99992.58175484564
8773,99992.58175484564
8774,99992.58175484564
8775,99992.58175484564
8776,99992.58175484564
8777,99992.58175484564
8778,99992.58175484564
8779,99992.58175484564
8780,99992.58175484564
8781,99992.58175484564
8782,99992.58175484564
8783,99992.58175484564
8784,99992.58175484564
8785,99992.58175484564
8786,99992.58175484564
8787,99992.58175484564
8788,99992.58175484564
8789,99992.58175484564
8790,99992.58175484564
8791,99992.58175484564
8792,99992.58175484564
8793,99992.58175484564
8794,99992.58175484564
8795,99992.58175484564
8796,99992.58175484564
8797,99992.58175484564
8798,99992.58175484564
8799,99992.58175484564
8800,99992.58175484564
8801,99992.58175484564
8802,99992.58175484564
8803,99992.58175484564
8804,99992.58175484564
8805,99992.58175484564
8806,99992.58175484564
8807,99992.58175484564
8808,99992.58175484564
8809,99992.58175484564
8810,99992.58175484564
8811,99992.58175484564
8812,99992.58175484564
8813,99992.58175484564
8814,99992.58175484564
8815,99992.58175484564
8816,99992.58175484564
8817,99992.58175484564
8818,99992.58175484564
8819,99992.58175484564
8820,99992.58175484564
8821,99992.58175484564
8822,99992.58175484564
8823,99992.58175484564
8824,99992.58175484564
8825,99992.58175484564
8826,99992.54821341943
8827,99992.54821341943
8828,99993.21482007449
8829,99993.21482007449
8830,99993.21482007449
8831,99993.21482007449
8832,99993.21482007449
8833,99993.21482007449
8834,99993.21482007449
8835,99993.21482007449
8836,99993.21482007449
8837,99993.21482007449
8838,99993.21482007449
8839,99993.21482007449
8840,99993.21482007449
8841,99993.21482007449
8842,99993.21482007449
8843,99993.21482007449
8844,99993.21482007449
8845,99993.21482007449
8846,99993.21482007449
8847,99993.21482007449
8848,99993.21482007449
8849,99993.21482007449
8850,99993.21482007449
8851,99993.21482007449
8852,99993.21482007449
8853,99993.21482007449
8854,99993.21482007449
8855,99993.21482007449
8856,99993.21482007449
8857,99993.21482007449
8858,99993.21482007449
8859,99993.21482007449
8860,99993.21482007449
8861,99993.21482007449
8862,99993.21482007449
8863,99993.21482007449
8864,99993.21482007449
8865,99993.21482007449
8866,99993.21482007449
8867,99993.21482007449
8868,99993.21482007449
8869,99993.21482007449
8870,99993.21482007449
8871,99993.21482007449
8872,99993.21482007449
8873,99993.21482007449
8874,99993.21482007449
8875,99993.21482007449
8876,99993.05812773755
8877,99993.05812773755
8878,99993.05812773755
8879,99993.05812773755
8880,99993.05812773755
8881,99993.05812773755
8882,99993.05812773755
8883,99993.05812773755
8884,99994.09302902872
8885,99994.09302902872
8886,99994.09302902872
8887,99994.09302902872
8888,99994.09302902872
8889,99994.09302902872
8890,99994.09302902872
8891,99994.09302902872
8892,99994.09302902872
8893,99994.09302902872
8894,99994.09302902872
8895,99994.09302902872
8896,99994.09302902872
8897,99994.09302902872
8898,99994.09302902872
8899,99994.09302902872
8900,99994.09302902872
8901,99994.09302902872
8902,99994.09302902872
8903,99994.09302902872
8904,99994.09302902872
8905,99994.09302902872
8906,99994.09302902872
8907,99994.09302902872
8908,99994.09302902872
8909,99994.09302902872
8910,99994.09302902872
8911,99994.09302902872
8912,99994.09302902872
8913,99994.09302902872
8914,99994.09302902872
8915,99994.09302902872
8916,99994.09302902872
8917,99994.09302902872
8918,99994.09302902872
8919,99994.09302902872
8920,99994.09302902872
8921,99994.09302902872
8922,99994.09302902872
8923,99994.09302902872
8924,99994.09302902872
8925,99994.09302902872
8926,99994.09302902872
8927,99994.09302902872
8928,99994.09302902872
8929,99994.09302902872
8930,99994.09302902872
8931,99994.09302902872
8932,99994.09302902872
8933,99994.09302902872
8934,99994.09302902872
8935,99994.09302902872
8936,99994.09302902872
8937,99994.09302902872
8938,99994.09302902872
8939,99994.09302902872
8940,99994.09302902872
8941,99994.09302902872
8942,99994.09302902872
8943,99994.09302902872
8944,99994.09302902872
8945,99994.09302902872
8946,99994.09302902872
8947,99994.09302902872
8948,99994.09302902872
8949,99994.09302902872
8950,99994.09302902872
8951,99994.09302902872
8952,99994.09302902872
8953,99994.09302902872
8954,99994.09302902872
8955,99994.09302902872
8956,99994.09302902872
8957,99994.09302902872
8958,99994.09302902872
8959,99994.09302902872
8960,99994.09302902872
8961,99994.09302902872
8962,99994.09302902872
8963,99994.09302902872
8964,99994.09302902872
8965,99994.09302902872
8966,99994.09302902872
8967,99994.09302902872
8968,99994.09302902872
8969,99994.09302902872
8970,99994.09302902872
8971,99994.09302902872
8972,99994.09302902872
8973,99994.09302902872
8974,99994.09302902872
8975,99994.09302902872
8976,99994.09302902872
8977,99994.09302902872
8978,99994.09302902872
8979,99994.09302902872
8980,99994.09302902872
8981,99994.09302902872
8982,99994.09302902872
8983,99994.09302902872
8984,99994.09302902872
8985,99994.09302902872
8986,99994.09302902872
8987,99994.09302902872
8988,99994.09302902872
8989,99994.09302902872
8990,99994.09302902872
8991,99994.09302902872
8992,99994.09302902872
8993,99994.09302902872
8994,99994.09302902872
8995,99994.09302902872
8996,99994.09302902872
8997,99994.09302902872
8998,99994.09302902872
8999,99994.09302902872
9000,99994.09302902872
9001,99994.09302902872
9002,99994.09302902872
9003,99994.09302902872
9004,99994.09302902872
9005,99994.09302902872
9006,99994.09302902872
9007,99994.09302902872
9008,99994.09302902872
9009,99994.09302902872
9010,99994.09302902872
9011,99994.09302902872
9012,99994.09302902872
9013,99994.09302902872
9014,99994.09302902872
9015,99994.09302902872
9016,99994.09302902872
9017,99994.09302902872
9018,99994.09302902872
9019,99994.09302902872
9020,99994.09302902872
9021,99994.09302902872
9022,99994.09302902872
9023,99994.09302902872
9024,99994.09302902872
9025,99994.09302902872
9026,99994.09302902872
9027,99994.09302902872
9028,99994.09302902872
9029,99994.09302902872
9030,99994.09302902872
9031,99994.09302902872
9032,99994.09302902872
9033,99994.09302902872
9034,99994.09302902872
9035,99994.09302902872
9036,99994.09302902872
9037,99994.09302902872
9038,99994.09302902872
9039,99994.09302902872
9040,99994.09302902872
9041,99994.09302902872
9042,99994.09302902872
9043,99994.09302902872
9044,99994.09302902872
9045,99994.09302902872
9046,99994.09302902872
9047,99994.09302902872
9048,99994.09302902872
9049,99994.09302902872
9050,99994.09302902872
9051,99994.09302902872
9052,99994.09302902872
9053,99994.09302902872
9054,99994.09302902872
9055,99994.09302902872
9056,99994.09302902872
9057,99994.09302902872
9058,99994.09302902872
9059,99994.09302902872
9060,99994.09302902872
9061,99994.09302902872
9062,99994.09302902872
9063,99994.09302902872
9064,99994.09302902872
9065,99994.09302902872
9066,99994.09302902872
9067,99994.09302902872
9068,99994.09302902872
9069,99994.09302902872
9070,99994.09302902872
9071,99994.09302902872
9072,99994.09302902872
9073,99994.09302902872
9074,99994.09302902872
9075,99994.09302902872
9076,99994.09302902872
9077,99994.09302902872
9078,99994.09302902872
9079,99994.09302902872
9080,99994.09302902872
9081,99994.09302902872
9082,99994.09302902872
9083,99994.09302902872
9084,99994.09302902872
9085,99994.09302902872
9086,99994.09302902872
9087,99994.09302902872
9088,99994.09302902872
9089,99994.09302902872
9090,99994.09302902872
9091,99994.09302902872
9092,99994.09302902872
9093,99994.09302902872
9094,99994.09302902872
9095,99994.09302902872
9096,99994.09302902872
9097,99994.09302902872
9098,99994.09302902872
9099,99994.09302902872
9100,99994.09302902872
9101,99994.09302902872
9102,99994.09302902872
9103,99994.09302902872
9104,99994.09302902872
9105,99994.09302902872
9106,99994.09302902872
9107,99994.09302902872
9108,99994.09302902872
9109,99994.09302902872
9110,99994.09302902872
9111,99994.09302902872
9112,99994.09302902872
9113,99994.09302902872
9114,99994.09302902872
9115,99994.09302902872
9116,99994.09302902872
9117,99994.09302902872
9118,99994.09302902872
9119,99994.09302902872
9120,99994.09302902872
9121,99994.09302902872
9122,99994.09302902872
9123,99994.09302902872
9124,99994.09302902872
9125,99994.09302902872
9126,99994.09302902872
9127,99994.09302902872
9128,99994.09302902872
9129,99994.09302902872
9130,99994.09302902872
9131,99994.09302902872
9132,99994.09302902872
9133,99994.09302902872
9134,99994.09302902872
9135,99994.09302902872
9136,99994.09302902872
9137,99994.09302902872
9138,99994.09302902872
9139,99994.09302902872
9140,99994.09302902872
9141,99994.09302902872
9142,99994.09302902872
9143,99994.09302902872
9144,99994.09302902872
9145,99994.09302902872
9146,99994.09302902872
9147,99994.09302902872
9148,99994.09302902872
9149,99994.09302902872
9150,99994.09302902872
9151,99994.09302902872
9152,99994.09302902872
9153,99994.09302902872
9154,99994.09302902872
9155,99994.09302902872
9156,99994.09302902872
9157,99994.09302902872
9158,99994.09302902872
9159,99994.09302902872
9160,99994.09302902872
9161,99994.09302902872
9162,99994.09302902872
9163,99994.09302902872
9164,99994.09302902872
9165,99994.09302902872
9166,99994.09302902872
9167,99994.09302902872
9168,99994.09302902872
9169,99994.09302902872
9170,99994.09302902872
9171,99994.09302902872
9172,99994.09302902872
9173,99994.09302902872
9174,99994.09302902872
9175,99994.09302902872
9176,99994.09302902872
9177,99994.09302902872
9178,99994.09302902872
9179,99994.09302902872
9180,99994.09302902872
9181,99994.09302902872
9182,99994.09302902872
9183,99994.09302902872
9184,99994.09302902872
9185,99994.09302902872
9186,99994.09302902872
9187,99994.09302902872
9188,99994.09302902872
9189,99994.09302902872
9190,99994.09302902872
9191,99994.09302902872
9192,99994.09302902872
9193,99994.09302902872
9194,99994.09302902872
9195,99994.09302902872
9196,99994.09302902872
9197,99994.09302902872
9198,99994.09302902872
9199,99994.09302902872
9200,99994.09302902872
9201,99994.09302902872
9202,99994.09302902872
9203,99994.09302902872
9204,99994.09302902872
9205,99994.09302902872
9206,99994.09302902872
9207,99994.09302902872
9208,99994.09302902872
9209,99994.09302902872
9210,99994.09302902872
9211,99994.09302902872
9212,99994.09302902872
9213,99994.09302902872
9214,99994.09302902872
9215,99994.09302902872
9216,99994.09302902872
9217,99994.09302902872
9218,99994.09302902872
9219,99994.09302902872
9220,99994.09302902872
9221,99994.09302902872
9222,99994.09302902872
9223,99994.09302902872
9224,99994.09302902872
9225,99994.09302902872
9226,99994.09302902872
9227,99994.09302902872
9228,99994.09302902872
9229,99994.09302902872
9230,99994.09302902872
9231,99994.09302902872
9232,99994.0647621473
9233,99993.4844248589
9234,99993.4844248589
9235,99993.4844248589
9236,99993.4844248589
9237,99993.4844248589
9238,99993.4844248589
9239,99993.4844248589
9240,99993.4844248589
9241,99993.4844248589
9242,99993.4844248589
9243,99993.4844248589
9244,99993.4844248589
9245,99993.4844248589
9246,99993.4844248589
9247,99993.4844248589
9248,99993.4844248589
9249,99993.4844248589
9250,99993.4844248589
9251,99993.4844248589
9252,99993.4844248589
9253,99993.4844248589
9254,99993.4844248589
9255,99993.4844248589
9256,99993.4844248589
9257,99993.4844248589
9258,99993.4844248589
9259,99993.4844248589
9260,99993.4844248589
9261,99993.4844248589
9262,99993.4844248589
9263,99993.4844248589
9264,99993.4844248589
9265,99993.4844248589
9266,99993.4844248589
9267,99993.4844248589
9268,99993.4844248589
9269,99993.4844248589
9270,99993.4844248589
9271,99993.4844248589
9272,99993.4844248589
9273,99993.4844248589
9274,99993.4844248589
9275,99993.4844248589
9276,99993.4844248589
9277,99993.4844248589
9278,99993.4844248589
9279,99993.4844248589
9280,99993.4844248589
9281,99993.4844248589
9282,99993.4844248589
9283,99993.4844248589
9284,99993.4844248589
9285,99993.4844248589
9286,99993.4844248589
9287,99993.4844248589
9288,99993.4844248589
9289,99993.4844248589
9290,99993.4844248589
9291,99993.4844248589
9292,99993.4844248589
9293,99993.4844248589
9294,99993.4844248589
9295,99993.4844248589
9296,99993.4844248589
9297,99993.4844248589
9298,99993.4844248589
9299,99993.4844248589
9300,99993.4844248589
9301,99993.4844248589
9302,99993.4844248589
9303,99993.4844248589
9304,99993.4844248589
9305,99993.4844248589
9306,99993.4844248589
9307,99993.4844248589
9308,99993.4844248589
9309,99993.4844248589
9310,99993.4844248589
9311,99993.4844248589
9312,99993.4844248589
9313,99993.4844248589
9314,99993.4844248589
9315,99993.4844248589
9316,99993.4844248589
9317,99993.4844248589
9318,99993.4844248589
9319,99993.4844248589
9320,99993.4844248589
9321,99993.4844248589
9322,99993.4844248589
9323,99993.4844248589
9324,99993.4844248589
9325,99993.4844248589
9326,99993.4844248589
9327,99993.4844248589
9328,99993.4844248589
9329,99993.4844248589
9330,99993.4844248589
9331,99993.4844248589
9332,99993.4844248589
9333,99993.4844248589
9334,99993.4844248589
9335,99993.4844248589
9336,99993.4844248589
9337,99993.4844248589
9338,99993.4844248589
9339,99993.4844248589
9340,99993.4844248589
9341,99993.4844248589
9342,99993.4844248589
9343,99993.4844248589
9344,99993.4844248589
9345,99993.4844248589
9346,99993.4844248589
9347,99993.4844248589
9348,99993.4844248589
9349,99993.4844248589
9350,99993.4844248589
9351,99993.4844248589
9352,99993.4844248589
9353,99993.4844248589
9354,99993.4844248589
9355,99993.4844248589
9356,99993.4844248589
9357,99993.4844248589
9358,99993.4844248589
9359,99993.4844248589
9360,99993.4844248589
9361,99993.4844248589
9362,99993.4844248589
9363,99993.4844248589
9364,99993.4844248589
9365,99993.4844248589
9366,99993.4844248589
9367,99993.4844248589
9368,99993.4844248589
9369,99993.4844248589
9370,99993.4844248589
9371,99993.4844248589
9372,99993.39012696715
9373,99993.29963111655
9374,99994.5909946361
9375,99994.5909946361
9376,99994.5909946361
9377,99994.5909946361
9378,99994.5909946361
9379,99994.5909946361
9380,99995.90065528845
9381,99995.90065528845
9382,99995.90065528845
9383,99995.90065528845
9384,99995.90065528845
9385,99995.90065528845
9386,99995.90065528845
9387,99995.90065528845
9388,99995.90065528845
9389,99995.90065528845
9390,99995.90065528845
9391,99995.90065528845
9392,99995.90065528845
9393,99995.90065528845
9394,99995.90065528845
9395,99995.90065528845
9396,99995.90065528845
9397,99995.90065528845
9398,99995.90065528845
9399,99995.90065528845
9400,99995.90065528845
9401,99995.90065528845
9402,99995.90065528845
9403,99995.90065528845
9404,99995.90065528845
9405,99995.90065528845
9406,99995.90065528845
9407,99995.90065528845
9408,99995.90065528845
9409,99995.90065528845
9410,99995.90065528845
9411,99995.90065528845
9412,99995.90065528845
9413,99995.90065528845
9414,99995.90065528845
9415,99995.90065528845
9416,99995.90065528845
9417,99995.90065528845
9418,99995.90065528845
9419,99995.90065528845
9420,99995.90065528845
9421,99995.90065528845
9422,99995.90065528845
9423,99995.90065528845
9424,99995.90065528845
9425,99995.90065528845
9426,99995.90065528845
9427,99995.90065528845
9428,99995.90065528845
9429,99995.90065528845
9430,99995.90065528845
9431,99995.90065528845
9432,99995.90065528845
9433,99995.90065528845
9434,99995.90065528845
9435,99995.90065528845
9436,99995.90065528845
9437,99995.90065528845
9438,99995.90065528845
9439,99995.90065528845
9440,99995.90065528845
9441,99995.90065528845
9442,99995.90065528845
9443,99995.90065528845
9444,99995.90065528845
9445,99995.90065528845
9446,99995.90065528845
9447,99995.90065528845
9448,99995.90065528845
9449,99995.90065528845
9450,99995.90065528845
9451,99995.90065528845
9452,99995.90065528845
9453,99995.90065528845
9454,99995.90065528845
9455,99995.90065528845
9456,99995.90065528845
9457,99995.90065528845
9458,99995.90065528845
9459,99995.90065528845
9460,99995.90065528845
9461,99995.90065528845
9462,99995.90065528845
9463,99995.90065528845
9464,99995.90065528845
9465,99995.90065528845
9466,99995.90065528845
9467,99995.90065528845
9468,99995.90065528845
9469,99995.90065528845
9470,99995.90065528845
9471,99995.90065528845
9472,99995.90065528845
9473,99995.90065528845
9474,99995.90065528845
9475,99995.90065528845
9476,99995.90065528845
9477,99995.90065528845
9478,99995.90065528845
9479,99995.90065528845
9480,99995.90065528845
9481,99995.90065528845
9482,99995.90065528845
9483,99995.90065528845
9484,99995.90065528845
9485,99995.90065528845
9486,99995.90065528845
9487,99995.90065528845
9488,99995.90065528845
9489,99995.90065528845
9490,99995.90065528845
9491,99995.90065528845
9492,99995.90065528845
9493,99995.90065528845
9494,99995.90065528845
9495,99995.90065528845
9496,99995.90065528845
9497,99995.90065528845
9498,99995.90065528845
9499,99995.90065528845
9500,99995.90065528845
9501,99995.90065528845
9502,99995.90065528845
9503,99995.90065528845
9504,99995.90065528845
9505,99995.90065528845
9506,99995.90065528845
9507,99995.90065528845
9508,99995.90065528845
9509,99995.90065528845
9510,99995.90065528845
9511,99995.90065528845
9512,99995.90065528845
9513,99995.90065528845
9514,99995.90065528845
9515,99995.90065528845
9516,99995.90065528845
9517,99995.90065528845
9518,99995.90065528845
9519,99995.90065528845
9520,99995.90065528845
9521,99995.90065528845
9522,99995.90065528845
9523,99995.90065528845
9524,99995.90065528845
9525,99995.90065528845
9526,99995.90065528845
9527,99995.90065528845
9528,99995.90065528845
9529,99995.90065528845
9530,99995.90065528845
9531,99995.90065528845
9532,99995.90065528845
9533,99995.90065528845
9534,99995.90065528845
9535,99995.90065528845
9536,99995.83965893273
9537,99995.21495321605
9538,99995.21495321605
9539,99995.21495321605
9540,99995.21495321605
9541,99995.21495321605
9542,99995.21495321605
9543,99995.21495321605
9544,99995.21495321605
9545,99995.21495321605
9546,99995.21495321605
9547,99995.21495321605
9548,99995.21495321605
9549,99995.21495321605
9550,99995.21495321605
9551,99995.21495321605
9552,99995.21495321605
9553,99995.21495321605
9554,99995.21495321605
9555,99995.21495321605
9556,99995.21495321605
9557,99995.21495321605
9558,99995.21495321605
9559,99995.21495321605
9560,99995.13212086436
9561,99993.68791664325
9562,99993.68791664325
9563,99993.68791664325
9564,99993.68791664325
9565,99993.68791664325
9566,99993.6195682578
9567,99993.6195682578
9568,99994.93972153703
9569,99994.93972153703
9570,99994.93972153703
9571,99994.93972153703
9572,99994.93972153703
9573,99994.93972153703
9574,99994.93972153703
9575,99994.93972153703
9576,99994.93972153703
9577,99994.93972153703
9578,99994.93972153703
9579,99994.93972153703
9580,99994.93972153703
9581,99994.93972153703
9582,99994.93972153703
9583,99994.93972153703
9584,99994.93972153703
9585,99994.93972153703
9586,99994.93972153703
9587,99994.93972153703
9588,99994.93972153703
9589,99994.93972153703
9590,99994.93972153703
9591,99994.93972153703
9592,99994.93972153703
9593,99994.93972153703
9594,99994.93972153703
9595,99994.93972153703
9596,99994.93972153703
9597,99994.93972153703
9598,99994.93972153703
9599,99994.93972153703
9600,99994.93972153703
9601,99994.93972153703
9602,99994.93972153703
9603,99994.93972153703
9604,99994.93972153703
9605,99994.84105854767
9606,99993.84770014446
9607,99993.84770014446
9608,99993.84770014446
9609,99993.84770014446
9610,99993.84770014446
9611,99993.84770014446
9612,99993.84770014446
9613,99993.84770014446
9614,99993.84770014446
9615,99993.84770014446
9616,99993.84770014446
9617,99993.84770014446
9618,99993.84770014446
9619,99993.84770014446
9620,99993.84770014446
9621,99993.84770014446
9622,99993.84770014446
9623,99993.84770014446
9624,99993.84770014446
9625,99993.84770014446
9626,99993.84770014446
9627,99993.84770014446
9628,99993.84770014446
9629,99993.84770014446
9630,99993.84770014446
9631,99993.84770014446
9632,99993.84770014446
9633,99993.84770014446
9634,99993.84770014446
9635,99993.84770014446
9636,99993.84770014446
9637,99993.84770014446
9638,99993.84770014446
9639,99993.84770014446
9640,99993.84770014446
9641,99993.84770014446
9642,99993.84770014446
9643,99993.84770014446
9644,99993.84770014446
9645,99993.84770014446
9646,99993.84770014446
9647,99993.84770014446
9648,99993.84770014446
9649,99993.84770014446
9650,99993.84770014446
9651,99993.84770014446
9652,99993.84770014446
9653,99993.84770014446
9654,99993.84770014446
9655,99993.84770014446
9656,99993.84770014446
9657,99993.84770014446
9658,99993.84770014446
9659,99993.84770014446
9660,99993.84770014446
9661,99993.84770014446
9662,99993.84770014446
9663,99993.84770014446
9664,99993.84770014446
9665,99993.84770014446
9666,99993.84770014446
9667,99993.84770014446
9668,99993.84770014446
9669,99993.84770014446
9670,99993.84770014446
9671,99993.84770014446
9672,99993.84770014446
9673,99993.84770014446
9674,99993.84770014446
9675,99993.84770014446
9676,99993.84770014446
9677,99993.84770014446
9678,99993.84770014446
9679,99993.84770014446
9680,99993.84770014446
9681,99993.84770014446
9682,99993.84770014446
9683,99993.84770014446
9684,99993.84770014446
9685,99993.84770014446
9686,99993.84770014446
9687,99993.84770014446
9688,99993.84770014446
9689,99993.84770014446
9690,99993.84770014446
9691,99993.84770014446
9692,99993.84770014446
9693,99993.84770014446
9694,99993.84770014446
9695,99993.84770014446
9696,99993.84770014446
9697,99993.84770014446
9698,99993.84770014446
9699,99993.84770014446
9700,99993.84770014446
9701,99993.84770014446
9702,99993.84770014446
9703,99993.84770014446
9704,99993.84770014446
9705,99993.84770014446
9706,99993.84770014446
9707,99993.84770014446
9708,99993.84770014446
9709,99993.84770014446
9710,99993.84770014446
9711,99993.84770014446
9712,99993.84770014446
9713,99993.84770014446
9714,99993.84770014446
9715,99993.84770014446
9716,99993.84770014446
9717,99993.84770014446
9718,99993.84770014446
9719,99993.84770014446
9720,99993.84770014446
9721,99993.84770014446
9722,99993.84770014446
9723,99993.84770014446
9724,99993.84770014446
9725,99993.84770014446
9726,99993.84770014446
9727,99993.84770014446
9728,99993.84770014446
9729,99993.84770014446
9730,99993.84770014446
9731,99993.84770014446
9732,99993.84770014446
9733,99993.84770014446
9734,99993.84770014446
9735,99993.84770014446
9736,99993.84770014446
9737,99993.84770014446
9738,99993.84770014446
9739,99993.84770014446
9740,99993.84770014446
9741,99993.84770014446
9742,99993.84770014446
9743,99993.84770014446
9744,99993.84770014446
9745,99993.84770014446
9746,99993.84770014446
9747,99993.84770014446
9748,99993.84770014446
9749,99993.84770014446
9750,99993.84770014446
9751,99993.84770014446
9752,99993.84770014446
9753,99993.84770014446
9754,99993.84770014446
9755,99993.84770014446
9756,99993.84770014446
9757,99993.84770014446
9758,99993.84770014446
9759,99993.84770014446
9760,99993.84770014446
9761,99993.84770014446
9762,99993.84770014446
9763,99993.84770014446
9764,99993.84770014446
9765,99993.84770014446
9766,99993.84770014446
9767,99993.84770014446
9768,99993.84770014446
9769,99993.84770014446
9770,99993.84770014446
9771,99993.84770014446
9772,99993.84770014446
9773,99993.84770014446
9774,99993.84770014446
9775,99993.84770014446
9776,99993.84770014446
9777,99993.84770014446
9778,99993.84770014446
9779,99993.84770014446
9780,99993.84770014446
9781,99993.84770014446
9782,99993.84770014446
9783,99993.84770014446
9784,99993.84770014446
9785,99993.84770014446
9786,99993.84770014446
9787,99993.84770014446
9788,99993.84770014446
9789,99993.84770014446
9790,99993.84770014446
9791,99993.84770014446
9792,99993.84770014446
9793,99993.84770014446
9794,99993.84770014446
9795,99993.84770014446
9796,99993.84770014446
9797,99993.84770014446
9798,99993.84770014446
9799,99993.84770014446
9800,99993.84770014446
9801,99993.84770014446
9802,99993.84770014446
9803,99993.84770014446
9804,99993.84770014446
9805,99993.84770014446
9806,99993.84770014446
9807,99993.84770014446
9808,99993.84770014446
9809,99993.84770014446
9810,99993.84770014446
9811,99993.84770014446
9812,99993.84770014446
9813,99993.84770014446
9814,99993.84770014446
9815,99993.84770014446
9816,99993.84770014446
9817,99993.84770014446
9818,99993.84770014446
9819,99993.84770014446
9820,99993.84770014446
9821,99993.84770014446
9822,99993.84770014446
9823,99993.84770014446
9824,99993.84770014446
9825,99993.84770014446
9826,99993.84770014446
9827,99993.84770014446
9828,99993.84770014446
9829,99993.84770014446
9830,99993.84770014446
9831,99993.84770014446
9832,99993.84770014446
9833,99993.84770014446
9834,99993.84770014446
9835,99993.84770014446
9836,99993.84770014446
9837,99993.84770014446
9838,99993.84770014446
9839,99993.84770014446
9840,99993.84770014446
9841,99993.84770014446
9842,99993.84770014446
9843,99993.84770014446
9844,99993.84770014446
9845,99993.84770014446
9846,99993.84770014446
9847,99993.84770014446
9848,99993.84770014446
9849,99993.84770014446
9850,99993.84770014446
9851,99993.84770014446
9852,99993.84770014446
9853,99993.84770014446
9854,99993.84770014446
9855,99993.84770014446
9856,99993.84770014446
9857,99993.84770014446
9858,99993.84770014446
9859,99993.84770014446
9860,99993.84770014446
9861,99993.84770014446
9862,99993.84770014446
9863,99993.84770014446
9864,99993.84770014446
9865,99993.84770014446
9866,99993.84770014446
9867,99993.84770014446
9868,99993.84770014446
9869,99993.84770014446
9870,99993.84770014446
9871,99993.84770014446
9872,99993.84770014446
9873,99993.84770014446
9874,99993.84770014446
9875,99993.84770014446
9876,99993.84770014446
9877,99993.84770014446
9878,99993.84770014446
9879,99993.84770014446
9880,99993.84770014446
9881,99993.84770014446
9882,99993.84770014446
9883,99993.84770014446
9884,99993.84770014446
9885,99993.84770014446
9886,99993.84770014446
9887,99993.84770014446
9888,99993.84770014446
9889,99993.84770014446
9890,99993.84770014446
9891,99993.84770014446
9892,99993.84770014446
9893,99993.84770014446
9894,99993.84770014446
9895,99993.84770014446
9896,99993.84770014446
9897,99993.84770014446
9898,99993.84770014446
9899,99993.84770014446
9900,99993.84770014446
9901,99993.84770014446
9902,99993.84770014446
9903,99993.84770014446
9904,99993.84770014446
9905,99993.84770014446
9906,99993.84770014446
9907,99993.84770014446
9908,99993.84770014446
9909,99993.84770014446
9910,99993.84770014446
9911,99993.84770014446
9912,99993.84770014446
9913,99993.84770014446
9914,99993.84770014446
9915,99993.84770014446
9916,99993.84770014446
9917,99993.84770014446
9918,99993.84770014446
9919,99993.84770014446
9920,99993.84770014446
9921,99993.84770014446
9922,99993.84770014446
9923,99993.84770014446
9924,99993.84770014446
9925,99993.84770014446
9926,99993.84770014446
9927,99993.84770014446
9928,99993.84770014446
9929,99993.84770014446
9930,99993.84770014446
9931,99993.84770014446
9932,99993.84770014446
9933,99993.84770014446
9934,99993.84770014446
9935,99993.84770014446
9936,99993.84770014446
9937,99993.84770014446
9938,99993.84770014446
9939,99993.84770014446
9940,99993.84770014446
9941,99993.84770014446
9942,99993.84770014446
9943,99993.84770014446
9944,99993.84770014446
9945,99993.84770014446
9946,99993.84770014446
9947,99993.84770014446
9948,99993.84770014446
9949,99993.84770014446
9950,99993.84770014446
9951,99993.84770014446
9952,99993.84770014446
9953,99993.84770014446
9954,99993.84770014446
9955,99993.84770014446
9956,99993.84770014446
9957,99993.84770014446
9958,99993.84770014446
9959,99993.84770014446
9960,99993.84770014446
9961,99993.84770014446
9962,99993.84770014446
9963,99993.84770014446
9964,99993.84770014446
9965,99993.84770014446
9966,99993.84770014446
9967,99993.84770014446
9968,99993.84770014446
9969,99993.84770014446
9970,99993.84770014446
9971,99993.84770014446
9972,99993.84770014446
9973,99993.84770014446
9974,99993.84770014446
9975,99993.84770014446
9976,99993.84770014446
9977,99993.84770014446
9978,99993.84770014446
9979,99993.84770014446
9980,99993.84770014446
9981,99993.84770014446
9982,99993.84770014446
9983,99993.84770014446
9984,99993.84770014446
9985,99993.84770014446
9986,99993.84770014446
9987,99993.84770014446
9988,99993.84770014446
9989,99993.84770014446
9990,99993.84770014446
9991,99993.84770014446
9992,99993.84770014446
9993,99993.84770014446
9994,99993.84770014446
9995,99993.84770014446
9996,99993.84770014446
9997,99993.84770014446
9998,99993.84770014446
9999,99993.84770014446
10000,99993.84770014446
10001,99993.84770014446
10002,99993.84770014446
10003,99993.84770014446
10004,99993.84770014446
10005,99993.84770014446
10006,99993.84770014446
10007,99993.84770014446
10008,99993.84770014446
10009,99993.84770014446
10010,99993.84770014446
10011,99993.84770014446
10012,99993.84770014446
10013,99993.84770014446
10014,99993.84770014446
10015,99993.84770014446
10016,99993.84770014446
10017,99993.84770014446
10018,99993.84770014446
10019,99993.84770014446
10020,99993.84770014446
10021,99993.84770014446
10022,99993.84770014446
10023,99993.84770014446
10024,99993.84770014446
10025,99993.84770014446
10026,99993.84770014446
10027,99993.84770014446
10028,99993.84770014446
10029,99993.84770014446
10030,99993.84770014446
10031,99993.84770014446
10032,99993.84770014446
10033,99993.84770014446
10034,99993.84770014446
10035,99993.84770014446
10036,99993.84770014446
10037,99993.84770014446
10038,99993.84770014446
10039,99993.84770014446
10040,99993.84770014446
10041,99993.71006236372
10042,99992.20654976618
10043,99992.09274767598
10044,99990.62429137884
10045,99990.62429137884
10046,99990.62429137884
10047,99990.62429137884
10048,99990.62429137884
10049,99990.62429137884
10050,99990.62429137884
10051,99990.62429137884
10052,99990.62429137884
10053,99990.62429137884
10054,99990.62429137884
10055,99990.62429137884
10056,99990.62429137884
10057,99990.62429137884
10058,99990.62429137884
10059,99990.62429137884
10060,99990.62429137884
10061,99990.62429137884
10062,99990.62429137884
10063,99990.62429137884
10064,99990.62429137884
10065,99990.62429137884
10066,99990.62429137884
10067,99990.62429137884
10068,99990.62429137884
10069,99990.53121190546
10070,99990.53121190546
10071,99990.53121190546
10072,99989.59248458363
10073,99989.59248458363
10074,99989.59248458363
10075,99989.59248458363
10076,99989.59248458363
10077,99989.59248458363
10078,99989.59248458363
10079,99989.59248458363
10080,99989.59248458363
10081,99989.59248458363
10082,99989.59248458363
10083,99989.59248458363
10084,99989.59248458363
10085,99989.59248458363
10086,99989.59248458363
10087,99989.59248458363
10088,99989.59248458363
10089,99989.59248458363
10090,99989.59248458363
10091,99989.59248458363
10092,99989.59248458363
10093,99989.59248458363
10094,99989.59248458363
10095,99989.59248458363
10096,99989.59248458363
10097,99989.59248458363
10098,99989.59248458363
10099,99989.59248458363
10100,99989.59248458363
10101,99989.59248458363
10102,99989.59248458363
10103,99989.53079117472
10104,99988.89649417796
10105,99988.89649417796
10106,99988.89649417796
10107,99988.89649417796
10108,99988.89649417796
10109,99988.89649417796
10110,99988.89649417796
10111,99988.89649417796
10112,99988.89649417796
10113,99988.89649417796
10114,99988.89649417796
10115,99988.89649417796
10116,99988.89649417796
10117,99988.89649417796
10118,99988.89649417796
10119,99988.89649417796
10120,99988.89649417796
10121,99988.89649417796
10122,99988.89649417796
10123,99988.89649417796
10124,99988.89649417796
10125,99988.89649417796
10126,99988.89649417796
10127,99988.89649417796
10128,99988.89649417796
10129,99988.89649417796
10130,99988.89649417796
10131,99988.89649417796
10132,99988.89649417796
10133,99988.89649417796
10134,99988.89649417796
10135,99988.89649417796
10136,99988.89649417796
10137,99988.89649417796
10138,99988.89649417796
10139,99988.89649417796
10140,99988.89649417796
10141,99988.89649417796
10142,99988.89649417796
10143,99988.89649417796
10144,99988.89649417796
10145,99988.89649417796
10146,99988.89649417796
10147,99988.89649417796
10148,99988.89649417796
10149,99988.89649417796
10150,99988.89649417796
10151,99988.89649417796
10152,99988.89649417796
10153,99988.82852364883
10154,99987.657112277
10155,99987.657112277
10156,99987.657112277
10157,99987.657112277
10158,99987.657112277
10159,99987.657112277
10160,99987.657112277
10161,99987.657112277
10162,99987.657112277
10163,99987.657112277
10164,99987.657112277
10165,99987.657112277
10166,99987.657112277
10167,99987.657112277
10168,99987.657112277
10169,99987.657112277
10170,99987.657112277
10171,99987.657112277
10172,99987.657112277
10173,99987.657112277
10174,99987.657112277
10175,99987.657112277
10176,99987.657112277
10177,99987.657112277
10178,99987.657112277
10179,99987.657112277
10180,99987.657112277
10181,99987.657112277
10182,99987.657112277
10183,99987.657112277
10184,99987.657112277
10185,99987.657112277
10186,99987.657112277
10187,99987.657112277
10188,99987.657112277
10189,99987.657112277
10190,99987.657112277
10191,99987.657112277
10192,99987.657112277
10193,99987.657112277
10194,99987.657112277
10195,99987.657112277
10196,99987.657112277
10197,99987.657112277
10198,99987.657112277
10199,99987.657112277
10200,99987.657112277
10201,99987.657112277
10202,99987.657112277
10203,99987.657112277
10204,99987.657112277
10205,99987.657112277
10206,99987.657112277
10207,99987.657112277
10208,99987.657112277
10209,99987.657112277
10210,99987.657112277
10211,99987.657112277
10212,99987.657112277
10213,99987.657112277
10214,99987.657112277
10215,99987.657112277
10216,99987.657112277
10217,99987.657112277
10218,99987.657112277
10219,99987.657112277
10220,99987.657112277
10221,99987.657112277
10222,99987.657112277
10223,99987.657112277
10224,99987.657112277
10225,99987.657112277
10226,99987.657112277
10227,99987.657112277
10228,99987.657112277
10229,99987.657112277
10230,99987.657112277
10231,99987.657112277
10232,99987.657112277
10233,99987.657112277
10234,99987.657112277
10235,99987.657112277
10236,99987.657112277
10237,99987.657112277
10238,99987.657112277
10239,99987.657112277
10240,99987.657112277
10241,99987.657112277
10242,99987.657112277
10243,99987.657112277
10244,99987.657112277
10245,99987.657112277
10246,99987.657112277
10247,99987.657112277
10248,99987.657112277
10249,99987.657112277
10250,99987.657112277
10251,99987.657112277
10252,99987.657112277
10253,99987.657112277
10254,99987.657112277
10255,99987.657112277
10256,99987.657112277
10257,99987.657112277
10258,99987.657112277
10259,99987.657112277
10260,99987.657112277
10261,99987.657112277
10262,99987.657112277
10263,99987.657112277
10264,99987.657112277
10265,99987.657112277
10266,99987.657112277
10267,99987.657112277
10268,99987.657112277
10269,99987.657112277
10270,99987.657112277
10271,99987.657112277
10272,99987.657112277
10273,99987.657112277
10274,99987.657112277
10275,99987.657112277
10276,99987.657112277
10277,99987.657112277
10278,99987.657112277
10279,99987.657112277
10280,99987.657112277
10281,99987.657112277
10282,99987.657112277
10283,99987.657112277
10284,99987.657112277
10285,99987.657112277
10286,99987.657112277
10287,99987.657112277
10288,99987.657112277
10289,99987.657112277
10290,99987.657112277
10291,99987.657112277
10292,99987.657112277
10293,99987.657112277
10294,99987.657112277
10295,99987.657112277
10296,99987.657112277
10297,99987.657112277
10298,99987.657112277
10299,99987.657112277
10300,99987.657112277
10301,99987.657112277
10302,99987.657112277
10303,99987.657112277
10304,99987.657112277
10305,99987.657112277
10306,99987.657112277
10307,99987.657112277
10308,99987.657112277
10309,99987.657112277
10310,99987.657112277
10311,99987.657112277
10312,99987.657112277
10313,99987.657112277
10314,99987.657112277
10315,99987.657112277
10316,99987.657112277
10317,99987.657112277
10318,99987.657112277
10319,99987.657112277
10320,99987.657112277
10321,99987.657112277
10322,99987.657112277
10323,99987.657112277
10324,99987.657112277
10325,99987.657112277
10326,99987.657112277
10327,99987.657112277
10328,99987.657112277
10329,99987.657112277
10330,99987.657112277
10331,99987.657112277
10332,99987.657112277
10333,99987.657112277
10334,99987.657112277
10335,99987.657112277
10336,99987.657112277
10337,99987.657112277
10338,99987.657112277
10339,99987.657112277
10340,99987.657112277
10341,99987.657112277
10342,99987.657112277
10343,99987.657112277
10344,99987.657112277
10345,99987.657112277
10346,99987.657112277
10347,99987.657112277
10348,99987.657112277
10349,99987.657112277
10350,99987.657112277
10351,99987.657112277
10352,99987.657112277
10353,99987.657112277
10354,99987.657112277
10355,99987.657112277
10356,99987.657112277
10357,99987.657112277
10358,99987.657112277
10359,99987.657112277
10360,99987.657112277
10361,99987.657112277
10362,99987.657112277
10363,99987.657112277
10364,99987.657112277
10365,99987.657112277
10366,99987.657112277
10367,99987.657112277
10368,99987.657112277
10369,99987.657112277
10370,99987.657112277
10371,99987.657112277
10372,99987.657112277
10373,99987.657112277
10374,99987.657112277
10375,99987.657112277
10376,99987.657112277
10377,99987.657112277
10378,99987.657112277
10379,99987.657112277
10380,99987.657112277
10381,99987.657112277
10382,99987.657112277
10383,99987.657112277
10384,99987.657112277
10385,99987.657112277
10386,99987.657112277
10387,99987.657112277
10388,99987.657112277
10389,99987.657112277
10390,99987.657112277
10391,99987.657112277
10392,99987.657112277
10393,99987.657112277
10394,99987.657112277
10395,99987.657112277
10396,99987.657112277
10397,99987.657112277
10398,99987.657112277
10399,99987.657112277
10400,99987.657112277
10401,99987.657112277
10402,99987.657112277
10403,99987.657112277
10404,99987.657112277
10405,99987.657112277
10406,99987.657112277
10407,99987.657112277
10408,99987.657112277
10409,99987.657112277
10410,99987.657112277
10411,99987.657112277
10412,99987.657112277
10413,99987.657112277
10414,99987.657112277
10415,99987.657112277
10416,99987.657112277
10417,99987.657112277
10418,99987.657112277
10419,99987.657112277
10420,99987.657112277
10421,99987.657112277
10422,99987.657112277
10423,99987.657112277
10424,99987.657112277
10425,99987.657112277
10426,99987.657112277
10427,99987.657112277
10428,99987.657112277
10429,99987.657112277
10430,99987.657112277
10431,99987.657112277
10432,99987.657112277
10433,99987.657112277
10434,99987.657112277
10435,99987.657112277
10436,99987.657112277
10437,99987.657112277
10438,99987.657112277
10439,99987.657112277
10440,99987.657112277
10441,99987.657112277
10442,99987.657112277
10443,99987.657112277
10444,99987.657112277
10445,99987.657112277
10446,99987.657112277
10447,99987.657112277
10448,99987.657112277
10449,99987.657112277
10450,99987.657112277
10451,99987.657112277
10452,99987.657112277
10453,99987.657112277
10454,99987.657112277
10455,99987.657112277
10456,99987.657112277
10457,99987.657112277
10458,99987.657112277
10459,99987.657112277
10460,99987.657112277
10461,99987.657112277
10462,99987.657112277
10463,99987.657112277
10464,99987.657112277
10465,99987.657112277
10466,99987.657112277
10467,99987.657112277
10468,99987.657112277
10469,99987.657112277
10470,99987.657112277
10471,99987.657112277
10472,99987.657112277
10473,99987.657112277
10474,99987.657112277
10475,99987.657112277
10476,99987.657112277
10477,99987.657112277
10478,99987.657112277
10479,99987.657112277
10480,99987.657112277
10481,99987.657112277
10482,99987.657112277
10483,99987.657112277
10484,99987.657112277
10485,99987.657112277
10486,99987.657112277
10487,99987.657112277
10488,99987.657112277
10489,99987.657112277
10490,99987.657112277
10491,99987.657112277
10492,99987.657112277
10493,99987.657112277
10494,99987.657112277
10495,99987.657112277
10496,99987.657112277
10497,99987.657112277
10498,99987.657112277
10499,99987.657112277
10500,99987.657112277
10501,99987.657112277
10502,99987.657112277
10503,99987.657112277
10504,99987.657112277
10505,99987.657112277
10506,99987.657112277
10507,99987.657112277
10508,99987.657112277
10509,99987.657112277
10510,99987.657112277
10511,99987.657112277
10512,99987.657112277
10513,99987.657112277
10514,99987.657112277
10515,99987.657112277
10516,99987.657112277
10517,99987.657112277
10518,99987.657112277
10519,99987.657112277
10520,99987.657112277
10521,99987.657112277
10522,99987.657112277
10523,99987.657112277
10524,99987.657112277
10525,99987.657112277
10526,99987.657112277
10527,99987.657112277
10528,99987.657112277
10529,99987.657112277
10530,99987.657112277
10531,99987.657112277
10532,99987.657112277
10533,99987.657112277
10534,99987.657112277
10535,99987.657112277
10536,99987.657112277
10537,99987.657112277
10538,99987.657112277
10539,99987.657112277
10540,99987.657112277
10541,99987.657112277
10542,99987.657112277
10543,99987.657112277
10544,99987.657112277
10545,99987.657112277
10546,99987.657112277
10547,99987.657112277
10548,99987.657112277
10549,99987.657112277
10550,99987.657112277
10551,99987.657112277
10552,99987.657112277
10553,99987.657112277
10554,99987.657112277
10555,99987.657112277
10556,99987.657112277
10557,99987.657112277
10558,99987.657112277
10559,99987.657112277
10560,99987.657112277
10561,99987.657112277
10562,99987.657112277
10563,99987.657112277
10564,99987.657112277
10565,99987.657112277
10566,99987.657112277
10567,99987.657112277
10568,99987.657112277
10569,99987.657112277
10570,99987.657112277
10571,99987.657112277
10572,99987.657112277
10573,99987.657112277
10574,99987.657112277
10575,99987.657112277
10576,99987.657112277
10577,99987.657112277
10578,99987.657112277
10579,99987.657112277
10580,99987.657112277
10581,99987.657112277
10582,99987.657112277
10583,99987.657112277
10584,99987.657112277
10585,99987.657112277
10586,99987.657112277
10587,99987.657112277
10588,99987.657112277
10589,99987.657112277
10590,99987.657112277
10591,99987.657112277
10592,99987.657112277
10593,99987.657112277
10594,99987.657112277
10595,99987.657112277
10596,99987.657112277
10597,99987.657112277
10598,99987.657112277
10599,99987.657112277
10600,99987.657112277
10601,99987.657112277
10602,99987.657112277
10603,99987.657112277
10604,99987.657112277
10605,99987.657112277
10606,99987.657112277
10607,99987.657112277
10608,99987.657112277
10609,99987.657112277
10610,99987.657112277
10611,99987.657112277
10612,99987.657112277
10613,99987.657112277
10614,99987.657112277
10615,99987.657112277
10616,99987.657112277
10617,99987.657112277
10618,99987.657112277
10619,99987.657112277
10620,99987.657112277
10621,99987.657112277
10622,99987.657112277
10623,99987.657112277
10624,99987.657112277
10625,99987.657112277
10626,99987.657112277
10627,99987.657112277
10628,99987.657112277
10629,99987.56672795418
10630,99987.47890400449
10631,99987.47890400449
10632,99987.47890400449
10633,99988.97693004388
10634,99988.97693004388
10635,99988.97693004388
10636,99988.97693004388
10637,99988.97693004388
10638,99988.97693004388
10639,99988.97693004388
10640,99988.97693004388
10641,99988.97693004388
10642,99988.97693004388
10643,99988.97693004388
10644,99988.97693004388
10645,99988.97693004388
10646,99988.97693004388
10647,99988.97693004388
10648,99988.97693004388
10649,99988.97693004388
10650,99988.97693004388
10651,99988.97693004388
10652,99988.97693004388
10653,99988.97693004388
10654,99988.97693004388
10655,99988.97693004388
10656,99988.97693004388
10657,99988.97693004388
10658,99988.97693004388
10659,99988.97693004388
10660,99988.97693004388
10661,99988.97693004388
10662,99988.97693004388
10663,99988.97693004388
10664,99988.97693004388
10665,99988.97693004388
10666,99988.97693004388
10667,99988.97693004388
10668,99988.97693004388
10669,99988.97693004388
10670,99988.97693004388
10671,99988.97693004388
10672,99988.97693004388
10673,99988.97693004388
10674,99988.97693004388
10675,99988.97693004388
10676,99988.97693004388
10677,99988.97693004388
10678,99988.97693004388
10679,99988.97693004388
10680,99988.97693004388
10681,99988.97693004388
10682,99988.97693004388
10683,99988.97693004388
10684,99988.97693004388
10685,99988.97693004388
10686,99988.97693004388
10687,99988.97693004388
10688,99988.97693004388
10689,99988.97693004388
10690,99988.97693004388
10691,99988.97693004388
10692,99988.97693004388
10693,99988.97693004388
10694,99988.97693004388
10695,99988.97693004388
10696,99988.97693004388
10697,99988.97693004388
10698,99988.97693004388
10699,99988.97693004388
10700,99988.97693004388
10701,99988.97693004388
10702,99988.97693004388
10703,99988.97693004388
10704,99988.97693004388
10705,99988.97693004388
10706,99988.97693004388
10707,99988.97693004388
10708,99988.97693004388
10709,99988.97693004388
10710,99988.97693004388
10711,99988.97693004388
10712,99988.97693004388
10713,99988.97693004388
10714,99988.97693004388
10715,99988.97693004388
10716,99988.97693004388
10717,99988.97693004388
10718,99988.97693004388
10719,99988.97693004388
10720,99988.97693004388
10721,99988.97693004388
10722,99988.97693004388
10723,99988.97693004388
10724,99988.97693004388
10725,99988.97693004388
10726,99988.97693004388
10727,99988.97693004388
10728,99988.97693004388
10729,99988.97693004388
10730,99988.97693004388
10731,99988.97693004388
10732,99988.97693004388
10733,99988.97693004388
10734,99988.97693004388
10735,99988.97693004388
10736,99988.97693004388
10737,99988.97693004388
10738,99988.97693004388
10739,99988.97693004388
10740,99988.97693004388
10741,99988.97693004388
10742,99988.97693004388
10743,99988.97693004388
10744,99988.97693004388
10745,99988.97693004388
10746,99988.97693004388
10747,99988.97693004388
10748,99988.97693004388
10749,99988.97693004388
10750,99988.97693004388
10751,99988.97693004388
10752,99988.97693004388
10753,99988.97693004388
10754,99988.97693004388
10755,99988.97693004388
10756,99988.97693004388
10757,99988.97693004388
10758,99988.97693004388
10759,99988.97693004388
10760,99988.97693004388
10761,99988.97693004388
10762,99988.97693004388
10763,99988.97693004388
10764,99988.97693004388
10765,99988.97693004388
10766,99988.97693004388
10767,99988.97693004388
10768,99988.97693004388
10769,99988.97693004388
10770,99988.97693004388
10771,99988.97693004388
10772,99988.97693004388
10773,99988.97693004388
10774,99988.97693004388
10775,99988.97693004388
10776,99988.97693004388
10777,99988.97693004388
10778,99988.97693004388
10779,99988.97693004388
10780,99988.97693004388
10781,99988.97693004388
10782,99988.97693004388
10783,99988.97693004388
10784,99988.97693004388
10785,99988.97693004388
10786,99988.97693004388
10787,99988.97693004388
10788,99988.97693004388
10789,99988.97693004388
10790,99988.97693004388
10791,99988.97693004388
10792,99988.97693004388
10793,99988.97693004388
10794,99988.97693004388
10795,99988.97693004388
10796,99988.97693004388
10797,99988.97693004388
10798,99988.97693004388
10799,99988.97693004388
10800,99988.97693004388
10801,99988.97693004388
10802,99988.97693004388
10803,99988.97693004388
10804,99988.97693004388
10805,99988.97693004388
10806,99988.97693004388
10807,99988.97693004388
10808,99988.97693004388
10809,99988.97693004388
10810,99988.97693004388
10811,99988.97693004388
10812,99988.97693004388
10813,99988.97693004388
10814,99988.97693004388
10815,99988.90173905506
10816,99987.61879310112
10817,99987.61879310112
10818,99987.61879310112
10819,99987.61879310112
10820,99987.61879310112
10821,99987.61879310112
10822,99987.61879310112
10823,99987.61879310112
10824,99987.61879310112
10825,99987.61879310112
10826,99987.61879310112
10827,99987.61879310112
10828,99987.61879310112
10829,99987.61879310112
10830,99987.61879310112
10831,99987.61879310112
10832,99987.61879310112
10833,99987.61879310112
10834,99987.61879310112
10835,99987.61879310112
10836,99987.61879310112
10837,99987.61879310112
10838,99987.61879310112
10839,99987.61879310112
10840,99987.61879310112
10841,99987.61879310112
10842,99987.61879310112
10843,99987.61879310112
10844,99987.61879310112
10845,99987.61879310112
10846,99987.61879310112
10847,99987.61879310112
10848,99987.61879310112
10849,99987.61879310112
10850,99987.61879310112
10851,99987.61879310112
10852,99987.61879310112
10853,99987.61879310112
10854,99987.61879310112
10855,99987.61879310112
10856,99987.61879310112
10857,99987.61879310112
10858,99987.61879310112
10859,99987.61879310112
10860,99987.61879310112
10861,99987.55692914518
10862,99986.98341437413
10863,99986.98341437413
10864,99986.98341437413
10865,99986.92867947149
10866,99986.8755373356
10867,99986.8755373356
10868,99986.8755373356
10869,99986.8755373356
10870,99985.75449636903
10871,99985.75449636903
10872,99985.75449636903
10873,99985.75449636903
10874,99985.75449636903
10875,99985.75449636903
10876,99985.75449636903
10877,99985.75449636903
10878,99985.75449636903
10879,99985.75449636903
10880,99985.75449636903
10881,99985.75449636903
10882,99985.75449636903
10883,99985.75449636903
10884,99985.75449636903
10885,99985.75449636903
10886,99985.75449636903
10887,99985.75449636903
10888,99985.75449636903
10889,99985.75449636903
10890,99985.75449636903
10891,99985.75449636903
10892,99985.75449636903
10893,99985.75449636903
10894,99985.75449636903
10895,99985.75449636903
10896,99985.75449636903
10897,99985.75449636903
10898,99985.75449636903
10899,99985.75449636903
10900,99985.75449636903
10901,99985.75449636903
10902,99985.75449636903
10903,99985.75449636903
10904,99985.75449636903
10905,99985.75449636903
10906,99985.75449636903
10907,99985.75449636903
10908,99985.75449636903
10909,99985.75449636903
10910,99985.75449636903
10911,99985.75449636903
10912,99985.75449636903
10913,99985.75449636903
10914,99985.75449636903
10915,99985.75449636903
10916,99985.75449636903
10917,99985.75449636903
10918,99985.75449636903
10919,99985.75449636903
10920,99985.75449636903
10921,99985.75449636903
10922,99985.75449636903
10923,99985.75449636903
10924,99985.75449636903
10925,99985.75449636903
10926,99985.75449636903
10927,99985.75449636903
10928,99985.75449636903
10929,99985.75449636903
10930,99985.75449636903
10931,99985.75449636903
10932,99985.75449636903
10933,99985.75449636903
10934,99985.75449636903
10935,99985.75449636903
10936,99985.75449636903
10937,99985.75449636903
10938,99985.75449636903
10939,99985.75449636903
10940,99985.75449636903
10941,99985.75449636903
10942,99985.75449636903
10943,99985.75449636903
10944,99985.75449636903
10945,99985.75449636903
10946,99985.75449636903
10947,99985.75449636903
10948,99985.75449636903
10949,99985.75449636903
10950,99985.75449636903
10951,99985.75449636903
10952,99985.75449636903
10953,99985.75449636903
10954,99985.75449636903
10955,99985.75449636903
10956,99985.75449636903
10957,99985.69590953566
10958,99985.69590953566
10959,99985.1200303849
10960,99985.1200303849
10961,99985.1200303849
10962,99985.1200303849
10963,99985.1200303849
10964,99985.1200303849
10965,99985.1200303849
10966,99985.1200303849
10967,99985.1200303849
10968,99985.1200303849
10969,99985.1200303849
10970,99985.1200303849
10971,99985.1200303849
10972,99985.1200303849
10973,99985.1200303849
10974,99985.1200303849
10975,99985.1200303849
10976,99985.1200303849
10977,99985.1200303849
10978,99985.1200303849
10979,99985.1200303849
10980,99985.1200303849
10981,99985.1200303849
10982,99985.1200303849
10983,99985.1200303849
10984,99985.1200303849
10985,99985.1200303849
10986,99985.1200303849
10987,99985.1200303849
10988,99985.1200303849
10989,99985.1200303849
10990,99985.1200303849
10991,99985.1200303849
10992,99985.1200303849
10993,99985.1200303849
10994,99985.1200303849
10995,99985.1200303849
10996,99985.1200303849
10997,99985.1200303849
10998,99985.1200303849
10999,99985.1200303849
11000,99985.1200303849
11001,99985.1200303849
11002,99985.1200303849
11003,99985.1200303849
11004,99985.1200303849
11005,99985.1200303849
11006,99985.1200303849
11007,99985.1200303849
11008,99985.1200303849
11009,99985.1200303849
11010,99985.1200303849
11011,99985.1200303849
11012,99985.1200303849
11013,99985.1200303849
11014,99985.1200303849
11015,99985.1200303849
11016,99985.1200303849
11017,99985.1200303849
11018,99985.1200303849
11019,99985.1200303849
11020,99985.1200303849
11021,99985.1200303849
11022,99985.1200303849
11023,99985.1200303849
11024,99985.1200303849
11025,99985.1200303849
11026,99985.1200303849
11027,99985.1200303849
11028,99985.1200303849
11029,99985.1200303849
11030,99985.1200303849
11031,99985.1200303849
11032,99985.1200303849
11033,99985.1200303849
11034,99985.1200303849
11035,99985.1200303849
11036,99985.1200303849
11037,99985.1200303849
11038,99985.1200303849
11039,99985.1200303849
11040,99985.1200303849
11041,99985.1200303849
11042,99985.1200303849
11043,99985.1200303849
11044,99985.1200303849
11045,99985.1200303849
11046,99985.1200303849
11047,99985.1200303849
11048,99985.1200303849
11049,99985.1200303849
11050,99985.1200303849
11051,99985.1200303849
11052,99985.1200303849
11053,99985.1200303849
11054,99985.1200303849
11055,99985.1200303849
11056,99985.1200303849
11057,99985.1200303849
11058,99985.1200303849
11059,99985.1200303849
11060,99985.1200303849
11061,99985.1200303849
11062,99985.1200303849
11063,99985.1200303849
11064,99985.1200303849
11065,99985.1200303849
11066,99985.1200303849
11067,99985.1200303849
11068,99985.1200303849
11069,99985.1200303849
11070,99985.1200303849
11071,99985.1200303849
11072,99985.1200303849
11073,99985.1200303849
11074,99985.1200303849
11075,99985.1200303849
11076,99985.1200303849
11077,99985.1200303849
11078,99985.1200303849
11079,99985.1200303849
11080,99985.1200303849
11081,99985.1200303849
11082,99985.1200303849
11083,99985.1200303849
11084,99985.1200303849
11085,99985.1200303849
11086,99985.1200303849
11087,99985.1200303849
11088,99985.1200303849
11089,99985.1200303849
11090,99985.1200303849
11091,99985.1200303849
11092,99985.1200303849
11093,99985.1200303849
11094,99985.1200303849
11095,99985.1200303849
11096,99985.1200303849
11097,99985.1200303849
11098,99985.1200303849
11099,99985.1200303849
11100,99985.1200303849
11101,99985.1200303849
11102,99985.1200303849
11103,99985.1200303849
11104,99985.1200303849
11105,99985.1200303849
11106,99985.1200303849
11107,99985.1200303849
11108,99985.1200303849
11109,99985.1200303849
11110,99985.1200303849
11111,99985.1200303849
11112,99985.1200303849
11113,99985.1200303849
11114,99985.1200303849
11115,99985.1200303849
11116,99985.1200303849
11117,99985.1200303849
11118,99985.1200303849
11119,99985.1200303849
11120,99985.1200303849
11121,99985.1200303849
11122,99985.1200303849
11123,99985.1200303849
11124,99985.1200303849
11125,99985.1200303849
11126,99985.1200303849
11127,99985.1200303849
11128,99985.1200303849
11129,99985.1200303849
11130,99985.1200303849
11131,99985.1200303849
11132,99985.1200303849
11133,99985.1200303849
11134,99985.1200303849
11135,99985.1200303849
11136,99985.1200303849
11137,99985.1200303849
11138,99985.1200303849
11139,99985.1200303849
11140,99985.1200303849
11141,99985.1200303849
11142,99985.1200303849
11143,99985.1200303849
11144,99985.1200303849
11145,99985.1200303849
11146,99985.1200303849
11147,99985.1200303849
11148,99985.1200303849
11149,99985.1200303849
11150,99985.1200303849
11151,99985.1200303849
11152,99985.1200303849
11153,99985.1200303849
11154,99985.1200303849
11155,99985.1200303849
11156,99985.1200303849
11157,99985.1200303849
11158,99985.1200303849
11159,99985.1200303849
11160,99985.1200303849
11161,99985.1200303849
11162,99985.1200303849
11163,99985.1200303849
11164,99985.1200303849
11165,99985.1200303849
11166,99985.1200303849
11167,99985.1200303849
11168,99985.1200303849
11169,99985.1200303849
11170,99985.1200303849
11171,99985.1200303849
11172,99985.1200303849
11173,99985.1200303849
11174,99985.1200303849
11175,99985.1200303849
11176,99985.1200303849
11177,99985.1200303849
11178,99985.1200303849
11179,99985.1200303849
11180,99985.1200303849
11181,99985.1200303849
11182,99985.1200303849
11183,99985.1200303849
11184,99985.1200303849
11185,99985.1200303849
11186,99985.1200303849
11187,99985.1200303849
11188,99985.1200303849
11189,99985.1200303849
11190,99985.1200303849
11191,99985.1200303849
11192,99985.1200303849
11193,99985.1200303849
11194,99985.1200303849
11195,99985.1200303849
11196,99985.1200303849
11197,99985.1200303849
11198,99985.1200303849
11199,99985.1200303849
11200,99985.1200303849
11201,99985.1200303849
11202,99985.1200303849
11203,99985.1200303849
11204,99985.1200303849
11205,99985.1200303849
11206,99985.1200303849
11207,99985.1200303849
11208,99985.1200303849
11209,99985.1200303849
11210,99985.1200303849
11211,99985.1200303849
11212,99985.1200303849
11213,99985.1200303849
11214,99985.1200303849
11215,99985.1200303849
11216,99985.1200303849
11217,99985.1200303849
11218,99985.1200303849
11219,99985.1200303849
11220,99985.1200303849
11221,99985.1200303849
11222,99985.1200303849
11223,99985.1200303849
11224,99985.1200303849
11225,99985.1200303849
11226,99985.1200303849
11227,99985.1200303849
11228,99985.1200303849
11229,99985.1200303849
11230,99985.1200303849
11231,99985.1200303849
11232,99985.1200303849
11233,99985.1200303849
11234,99985.1200303849
11235,99985.1200303849
11236,99985.1200303849
11237,99985.1200303849
11238,99985.1200303849
11239,99985.1200303849
11240,99985.1200303849
11241,99985.1200303849
11242,99985.1200303849
11243,99985.1200303849
11244,99985.1200303849
11245,99985.1200303849
11246,99985.1200303849
11247,99985.1200303849
11248,99985.1200303849
11249,99985.1200303849
11250,99985.1200303849
11251,99985.1200303849
11252,99985.1200303849
11253,99985.1200303849
11254,99985.1200303849
11255,99985.1200303849
11256,99985.1200303849
11257,99985.1200303849
11258,99985.1200303849
11259,99985.1200303849
11260,99985.1200303849
11261,99985.1200303849
11262,99985.1200303849
11263,99985.1200303849
11264,99985.1200303849
11265,99985.1200303849
11266,99985.1200303849
11267,99985.1200303849
11268,99985.1200303849
11269,99985.1200303849
11270,99985.1200303849
11271,99985.1200303849
11272,99985.1200303849
11273,99985.1200303849
11274,99985.1200303849
11275,99985.1200303849
11276,99985.1200303849
11277,99985.1200303849
11278,99985.1200303849
11279,99985.1200303849
11280,99985.1200303849
11281,99985.1200303849
11282,99985.1200303849
11283,99985.1200303849
11284,99985.1200303849
11285,99985.1200303849
11286,99985.1200303849
11287,99985.1200303849
11288,99985.1200303849
11289,99985.1200303849
11290,99985.1200303849
11291,99985.1200303849
11292,99985.1200303849
11293,99985.1200303849
11294,99985.1200303849
11295,99985.1200303849
11296,99985.1200303849
11297,99985.1200303849
11298,99985.1200303849
11299,99985.1200303849
11300,99985.1200303849
11301,99985.1200303849
11302,99985.1200303849
11303,99985.1200303849
11304,99985.1200303849
11305,99985.1200303849
11306,99985.1200303849
11307,99985.1200303849
11308,99985.1200303849
11309,99985.1200303849
11310,99985.1200303849
11311,99985.1200303849
11312,99985.1200303849
11313,99985.1200303849
11314,99985.1200303849
11315,99985.1200303849
11316,99985.1200303849
11317,99985.1200303849
11318,99985.1200303849
11319,99985.1200303849
11320,99985.1200303849
11321,99985.1200303849
11322,99985.1200303849
11323,99985.1200303849
11324,99985.1200303849
11325,99985.1200303849
11326,99985.1200303849
11327,99985.1200303849
11328,99985.1200303849
11329,99985.1200303849
11330,99985.1200303849
11331,99985.1200303849
11332,99985.1200303849
11333,99985.1200303849
11334,99985.1200303849
11335,99985.1200303849
11336,99985.1200303849
11337,99985.1200303849
11338,99985.1200303849
11339,99985.1200303849
11340,99985.1200303849
11341,99985.1200303849
11342,99985.1200303849
11343,99985.1200303849
11344,99985.1200303849
11345,99985.1200303849
11346,99985.1200303849
11347,99985.1200303849
11348,99985.1200303849
11349,99985.1200303849
11350,99985.1200303849
11351,99985.1200303849
11352,99985.1200303849
11353,99985.1200303849
11354,99985.1200303849
11355,99985.1200303849
11356,99985.1200303849
11357,99985.1200303849
11358,99985.1200303849
11359,99985.1200303849
11360,99985.1200303849
11361,99985.1200303849
11362,99985.1200303849
11363,99985.1200303849
11364,99985.1200303849
11365,99985.1200303849
11366,99985.1200303849
11367,99985.1200303849
11368,99985.1200303849
11369,99985.1200303849
11370,99985.1200303849
11371,99985.1200303849
11372,99985.1200303849
11373,99985.1200303849
11374,99985.1200303849
11375,99985.1200303849
11376,99985.1200303849
11377,99985.1200303849
11378,99985.1200303849
11379,99985.1200303849
11380,99985.1200303849
11381,99985.1200303849
11382,99985.1200303849
11383,99985.1200303849
11384,99985.1200303849
11385,99985.1200303849
11386,99985.1200303849
11387,99985.1200303849
11388,99985.1200303849
11389,99985.1200303849
11390,99985.1200303849
11391,99985.1200303849
11392,99985.1200303849
11393,99985.1200303849
11394,99985.1200303849
11395,99985.1200303849
11396,99985.1200303849
11397,99985.1200303849
11398,99985.1200303849
11399,99985.1200303849
11400,99985.1200303849
11401,99985.1200303849
11402,99985.1200303849
11403,99985.1200303849
11404,99985.1200303849
11405,99985.1200303849
11406,99985.1200303849
11407,99985.1200303849
11408,99985.1200303849
11409,99985.1200303849
11410,99985.1200303849
11411,99985.1200303849
11412,99985.1200303849
11413,99985.1200303849
11414,99985.1200303849
11415,99985.1200303849
11416,99985.1200303849
11417,99985.1200303849
11418,99985.1200303849
11419,99985.1200303849
11420,99985.1200303849
11421,99985.1200303849
11422,99985.1200303849
11423,99985.1200303849
11424,99985.1200303849
11425,99985.1200303849
11426,99985.1200303849
11427,99985.1200303849
11428,99985.1200303849
11429,99985.1200303849
11430,99985.1200303849
11431,99985.1200303849
11432,99985.1200303849
11433,99985.1200303849
11434,99985.1200303849
11435,99985.1200303849
11436,99985.1200303849
11437,99985.1200303849
11438,99985.1200303849
11439,99985.1200303849
11440,99985.1200303849
11441,99985.1200303849
11442,99985.1200303849
11443,99985.1200303849
11444,99985.1200303849
11445,99985.1200303849
11446,99985.1200303849
11447,99985.1200303849
11448,99985.1200303849
11449,99985.1200303849
11450,99985.1200303849
11451,99985.1200303849
11452,99985.1200303849
11453,99985.1200303849
11454,99985.1200303849
11455,99985.1200303849
11456,99985.1200303849
11457,99985.1200303849
11458,99985.1200303849
11459,99985.1200303849
11460,99985.1200303849
11461,99985.1200303849
11462,99985.1200303849
11463,99985.1200303849
11464,99985.1200303849
11465,99985.1200303849
11466,99985.1200303849
11467,99985.1200303849
11468,99985.1200303849
11469,99985.1200303849
11470,99985.1200303849
11471,99985.1200303849
11472,99985.1200303849
11473,99985.1200303849
11474,99985.1200303849
11475,99985.1200303849
11476,99985.1200303849
11477,99985.1200303849
11478,99985.1200303849
11479,99985.1200303849
11480,99985.1200303849
11481,99985.1200303849
11482,99985.1200303849
11483,99985.1200303849
11484,99985.1200303849
11485,99985.1200303849
11486,99985.1200303849
11487,99985.1200303849
11488,99985.1200303849
11489,99985.1200303849
11490,99985.1200303849
11491,99985.1200303849
11492,99985.1200303849
11493,99985.1200303849
11494,99985.1200303849
11495,99985.1200303849
11496,99985.1200303849
11497,99985.1200303849
11498,99985.1200303849
11499,99985.1200303849
11500,99985.1200303849
11501,99985.1200303849
11502,99985.1200303849
11503,99985.1200303849
11504,99985.1200303849
11505,99985.1200303849
11506,99985.1200303849
11507,99985.1200303849
11508,99985.1200303849
11509,99985.1200303849
11510,99985.1200303849
11511,99985.1200303849
11512,99985.1200303849
11513,99985.1200303849
11514,99985.1200303849
11515,99985.1200303849
11516,99985.1200303849
11517,99985.1200303849
11518,99985.1200303849
11519,99985.1200303849
11520,99985.1200303849
11521,99985.1200303849
11522,99985.1200303849
11523,99985.1200303849
11524,99985.1200303849
11525,99985.1200303849
11526,99985.1200303849
11527,99985.1200303849
11528,99985.1200303849
11529,99985.1200303849
11530,99985.1200303849
11531,99985.1200303849
11532,99985.1200303849
11533,99985.1200303849
11534,99985.1200303849
11535,99985.1200303849
11536,99985.1200303849
11537,99985.1200303849
11538,99985.1200303849
11539,99985.1200303849
11540,99985.1200303849
11541,99985.1200303849
11542,99985.1200303849
11543,99985.1200303849
11544,99985.1200303849
11545,99985.1200303849
11546,99985.1200303849
11547,99985.1200303849
11548,99985.1200303849
11549,99985.1200303849
11550,99985.1200303849
11551,99985.1200303849
11552,99985.1200303849
11553,99985.1200303849
11554,99985.1200303849
11555,99985.1200303849
11556,99985.1200303849
11557,99985.1200303849
11558,99985.1200303849
11559,99985.1200303849
11560,99985.1200303849
11561,99985.1200303849
11562,99985.1200303849
11563,99985.1200303849
11564,99985.1200303849
11565,99985.1200303849
11566,99985.1200303849
11567,99985.1200303849
11568,99985.1200303849
11569,99985.1200303849
11570,99985.1200303849
11571,99985.1200303849
11572,99985.1200303849
11573,99985.1200303849
11574,99985.1200303849
11575,99985.1200303849
11576,99985.1200303849
11577,99985.1200303849
11578,99985.1200303849
11579,99985.1200303849
11580,99985.1200303849
11581,99985.1200303849
11582,99985.1200303849
11583,99985.1200303849
11584,99985.1200303849
11585,99985.1200303849
11586,99985.1200303849
11587,99985.1200303849
11588,99985.1200303849
11589,99985.1200303849
11590,99985.1200303849
11591,99985.1200303849
11592,99985.1200303849
11593,99985.1200303849
11594,99985.1200303849
11595,99985.1200303849
11596,99985.1200303849
11597,99985.1200303849
11598,99985.1200303849
11599,99985.1200303849
11600,99985.1200303849
11601,99985.1200303849
11602,99985.1200303849
11603,99985.1200303849
11604,99985.1200303849
11605,99985.1200303849
11606,99985.1200303849
11607,99985.1200303849
11608,99985.1200303849
11609,99985.1200303849
11610,99985.1200303849
11611,99985.1200303849
11612,99985.1200303849
11613,99985.1200303849
11614,99985.1200303849
11615,99985.1200303849
11616,99985.1200303849
11617,99985.1200303849
11618,99985.1200303849
11619,99985.1200303849
11620,99985.1200303849
11621,99985.1200303849
11622,99985.1200303849
11623,99985.1200303849
11624,99985.1200303849
11625,99985.1200303849
11626,99985.1200303849
11627,99985.1200303849
11628,99985.1200303849
11629,99985.1200303849
11630,99985.1200303849
11631,99985.1200303849
11632,99985.1200303849
11633,99985.1200303849
11634,99985.1200303849
11635,99985.1200303849
11636,99985.1200303849
11637,99985.1200303849
11638,99985.1200303849
11639,99985.1200303849
11640,99985.1200303849
11641,99985.1200303849
11642,99985.1200303849
11643,99985.1200303849
11644,99985.1200303849
11645,99985.1200303849
11646,99985.1200303849
11647,99985.1200303849
11648,99985.1200303849
11649,99985.1200303849
11650,99985.1200303849
11651,99985.1200303849
11652,99985.1200303849
11653,99985.1200303849
11654,99985.1200303849
11655,99985.1200303849
11656,99985.1200303849
11657,99985.1200303849
11658,99985.1200303849
11659,99985.1200303849
11660,99985.1200303849
11661,99985.1200303849
11662,99985.1200303849
11663,99985.1200303849
11664,99985.1200303849
11665,99985.1200303849
11666,99985.1200303849
11667,99985.1200303849
11668,99985.1200303849
11669,99985.1200303849
11670,99985.1200303849
11671,99985.1200303849
11672,99985.1200303849
11673,99985.1200303849
11674,99985.1200303849
11675,99985.1200303849
11676,99985.1200303849
11677,99985.1200303849
11678,99985.1200303849
11679,99985.1200303849
11680,99985.1200303849
11681,99985.1200303849
11682,99985.1200303849
11683,99985.1200303849
11684,99985.1200303849
11685,99985.1200303849
11686,99985.1200303849
11687,99985.1200303849
11688,99985.1200303849
11689,99985.1200303849
11690,99985.1200303849
11691,99985.1200303849
11692,99985.1200303849
11693,99985.1200303849
11694,99985.1200303849
11695,99985.1200303849
11696,99985.1200303849
11697,99985.1200303849
11698,99985.1200303849
11699,99985.1200303849
11700,99985.1200303849
11701,99985.1200303849
11702,99985.1200303849
11703,99985.1200303849
11704,99985.1200303849
11705,99985.1200303849
11706,99985.1200303849
11707,99985.1200303849
11708,99985.1200303849
11709,99985.1200303849
11710,99985.1200303849
11711,99985.1200303849
11712,99985.1200303849
11713,99985.1200303849
11714,99985.1200303849
11715,99985.1200303849
11716,99985.1200303849
11717,99985.1200303849
11718,99985.1200303849
11719,99985.1200303849
11720,99985.1200303849
11721,99985.1200303849
11722,99985.1200303849
11723,99985.1200303849
11724,99985.1200303849
11725,99985.1200303849
11726,99985.1200303849
11727,99985.1200303849
11728,99985.1200303849
11729,99985.1200303849
11730,99985.1200303849
11731,99985.1200303849
11732,99985.1200303849
11733,99985.1200303849
11734,99985.1200303849
11735,99985.1200303849
11736,99985.1200303849
11737,99985.1200303849
11738,99985.1200303849
11739,99985.1200303849
11740,99985.1200303849
11741,99985.1200303849
11742,99985.1200303849
11743,99985.1200303849
11744,99985.1200303849
11745,99985.1200303849
11746,99985.1200303849
11747,99985.1200303849
11748,99985.1200303849
11749,99985.1200303849
11750,99985.1200303849
11751,99985.1200303849
11752,99985.1200303849
11753,99985.1200303849
11754,99985.1200303849
11755,99985.1200303849
11756,99985.1200303849
11757,99985.1200303849
11758,99985.1200303849
11759,99985.1200303849
11760,99985.1200303849
11761,99985.1200303849
11762,99985.1200303849
11763,99985.1200303849
11764,99985.1200303849
11765,99985.1200303849
11766,99985.1200303849
11767,99985.1200303849
11768,99985.1200303849
11769,99985.1200303849
11770,99985.1200303849
11771,99985.1200303849
11772,99985.1200303849
11773,99985.1200303849
11774,99985.1200303849
11775,99985.1200303849
11776,99985.1200303849
11777,99985.1200303849
11778,99985.1200303849
11779,99985.1200303849
11780,99985.1200303849
11781,99985.1200303849
11782,99985.1200303849
11783,99985.1200303849
11784,99985.1200303849
11785,99985.1200303849
11786,99985.1200303849
11787,99985.1200303849
11788,99985.1200303849
11789,99985.1200303849
11790,99985.1200303849
11791,99985.1200303849
11792,99985.1200303849
11793,99985.1200303849
11794,99985.1200303849
11795,99985.1200303849
11796,99985.1200303849
11797,99985.1200303849
11798,99985.1200303849
11799,99985.1200303849
11800,99985.1200303849
11801,99985.1200303849
11802,99985.1200303849
11803,99985.1200303849
11804,99985.1200303849
11805,99985.1200303849
11806,99985.1200303849
11807,99985.1200303849
11808,99985.1200303849
11809,99985.1200303849
11810,99985.1200303849
11811,99985.1200303849
11812,99985.1200303849
11813,99985.1200303849
11814,99985.1200303849
11815,99985.1200303849
11816,99985.1200303849
11817,99985.1200303849
11818,99985.1200303849
11819,99985.1200303849
11820,99985.1200303849
11821,99985.1200303849
11822,99985.1200303849
11823,99985.1200303849
11824,99985.1200303849
11825,99985.1200303849
11826,99985.1200303849
11827,99985.1200303849
11828,99985.1200303849
11829,99985.1200303849
11830,99985.1200303849
11831,99985.1200303849
11832,99985.1200303849
11833,99985.1200303849
11834,99985.1200303849
11835,99985.1200303849
11836,99985.1200303849
11837,99985.1200303849
11838,99985.1200303849
11839,99985.1200303849
11840,99985.1200303849
11841,99985.1200303849
11842,99985.1200303849
11843,99985.1200303849
11844,99985.1200303849
11845,99985.1200303849
11846,99985.1200303849
11847,99985.1200303849
11848,99985.1200303849
11849,99985.1200303849
11850,99985.1200303849
11851,99985.1200303849
11852,99985.1200303849
11853,99985.1200303849
11854,99985.1200303849
11855,99985.1200303849
11856,99985.1200303849
11857,99985.1200303849
11858,99985.1200303849
11859,99985.1200303849
11860,99985.1200303849
11861,99985.1200303849
11862,99985.1200303849
11863,99985.1200303849
11864,99985.1200303849
11865,99985.1200303849
11866,99985.1200303849
11867,99985.1200303849
11868,99985.1200303849
11869,99985.1200303849
11870,99985.1200303849
11871,99985.1200303849
11872,99985.1200303849
11873,99985.1200303849
11874,99985.1200303849
11875,99985.1200303849
11876,99985.1200303849
11877,99985.1200303849
11878,99985.1200303849
11879,99985.1200303849
11880,99985.1200303849
11881,99985.1200303849
11882,99985.1200303849
11883,99985.1200303849
11884,99985.1200303849
11885,99985.1200303849
11886,99985.1200303849
11887,99985.1200303849
11888,99985.1200303849
11889,99985.1200303849
11890,99985.1200303849
11891,99985.1200303849
11892,99985.1200303849
11893,99985.1200303849
11894,99985.1200303849
11895,99985.1200303849
11896,99985.1200303849
11897,99985.1200303849
11898,99985.1200303849
11899,99985.1200303849
11900,99985.1200303849
11901,99985.1200303849
11902,99985.1200303849
11903,99985.1200303849
11904,99985.1200303849
11905,99985.1200303849
11906,99985.1200303849
11907,99985.1200303849
11908,99985.1200303849
11909,99985.1200303849
11910,99985.1200303849
11911,99985.1200303849
11912,99985.1200303849
11913,99985.1200303849
11914,99985.1200303849
11915,99985.1200303849
11916,99985.1200303849
11917,99985.1200303849
11918,99985.1200303849
11919,99985.1200303849
11920,99985.1200303849
11921,99985.1200303849
11922,99985.1200303849
11923,99985.1200303849
11924,99985.1200303849
11925,99985.1200303849
11926,99985.1200303849
11927,99985.1200303849
11928,99985.1200303849
11929,99985.1200303849
11930,99985.1200303849
11931,99985.1200303849
11932,99985.1200303849
11933,99985.1200303849
11934,99985.1200303849
11935,99985.1200303849
11936,99985.1200303849
11937,99985.1200303849
11938,99985.1200303849
11939,99985.1200303849
11940,99985.1200303849
11941,99985.1200303849
11942,99985.1200303849
11943,99985.1200303849
11944,99985.1200303849
11945,99985.1200303849
11946,99985.1200303849
11947,99985.1200303849
11948,99985.1200303849
11949,99985.1200303849
11950,99985.1200303849
11951,99985.1200303849
11952,99985.1200303849
11953,99985.1200303849
11954,99985.1200303849
11955,99985.1200303849
11956,99985.1200303849
11957,99985.1200303849
11958,99985.1200303849
11959,99985.1200303849
11960,99985.1200303849
11961,99985.1200303849
11962,99985.1200303849
11963,99985.1200303849
11964,99985.1200303849
11965,99985.1200303849
11966,99985.1200303849
11967,99985.1200303849
11968,99985.1200303849
11969,99985.1200303849
11970,99985.1200303849
11971,99985.1200303849
11972,99985.1200303849
11973,99985.1200303849
11974,99985.1200303849
11975,99985.1200303849
11976,99985.1200303849
11977,99985.1200303849
11978,99985.1200303849
11979,99985.1200303849
11980,99985.1200303849
11981,99985.1200303849
11982,99985.1200303849
11983,99985.1200303849
11984,99985.1200303849
11985,99985.1200303849
11986,99985.1200303849
11987,99985.1200303849
11988,99985.1200303849
11989,99985.1200303849
11990,99985.1200303849
11991,99985.1200303849
11992,99985.1200303849
11993,99985.1200303849
11994,99985.1200303849
11995,99985.1200303849
11996,99985.1200303849
11997,99985.1200303849
11998,99985.1200303849
11999,99985.1200303849
12000,99985.1200303849
12001,99985.1200303849
12002,99985.1200303849
12003,99985.1200303849
12004,99985.1200303849
12005,99985.1200303849
12006,99985.1200303849
12007,99985.1200303849
12008,99985.1200303849
12009,99985.1200303849
12010,99985.1200303849
12011,99985.1200303849
12012,99985.1200303849
12013,99985.1200303849
12014,99985.1200303849
12015,99985.1200303849
12016,99985.1200303849
12017,99985.1200303849
12018,99985.1200303849
12019,99985.1200303849
12020,99985.1200303849
12021,99985.1200303849
12022,99985.1200303849
12023,99985.1200303849
12024,99985.1200303849
12025,99985.1200303849
12026,99985.1200303849
12027,99985.1200303849
12028,99985.1200303849
12029,99985.1200303849
12030,99985.1200303849
12031,99985.1200303849
12032,99985.1200303849
12033,99985.1200303849
12034,99985.1200303849
12035,99985.1200303849
12036,99985.1200303849
12037,99985.1200303849
12038,99985.1200303849
12039,99985.1200303849
12040,99985.1200303849
12041,99985.1200303849
12042,99985.1200303849
12043,99985.1200303849
12044,99985.1200303849
12045,99985.1200303849
12046,99985.1200303849
12047,99985.1200303849
12048,99985.1200303849
12049,99985.1200303849
12050,99985.1200303849
12051,99985.1200303849
12052,99985.1200303849
12053,99985.1200303849
12054,99985.1200303849
12055,99985.1200303849
12056,99985.1200303849
12057,99985.1200303849
12058,99985.1200303849
12059,99985.1200303849
12060,99985.1200303849
12061,99985.1200303849
12062,99985.1200303849
12063,99985.1200303849
12064,99985.1200303849
12065,99985.1200303849
12066,99985.1200303849
12067,99985.1200303849
12068,99985.1200303849
12069,99985.1200303849
12070,99985.1200303849
12071,99985.1200303849
12072,99985.1200303849
12073,99985.1200303849
12074,99985.1200303849
12075,99985.1200303849
12076,99985.1200303849
12077,99985.1200303849
12078,99985.1200303849
12079,99985.1200303849
12080,99985.1200303849
12081,99985.1200303849
12082,99985.1200303849
12083,99985.1200303849
12084,99985.1200303849
12085,99985.1200303849
12086,99985.1200303849
12087,99985.1200303849
12088,99985.1200303849
12089,99985.1200303849
12090,99985.1200303849
12091,99985.1200303849
12092,99985.1200303849
12093,99985.1200303849
12094,99985.1200303849
12095,99985.1200303849
12096,99985.1200303849
12097,99985.1200303849
12098,99985.1200303849
12099,99985.1200303849
12100,99985.1200303849
12101,99985.1200303849
12102,99985.1200303849
12103,99985.1200303849
12104,99985.1200303849
12105,99985.1200303849
12106,99985.1200303849
12107,99985.1200303849
12108,99985.1200303849
12109,99985.1200303849
12110,99985.1200303849
12111,99985.1200303849
12112,99985.1200303849
12113,99985.1200303849
12114,99985.1200303849
12115,99985.1200303849
12116,99985.1200303849
12117,99985.1200303849
12118,99985.1200303849
12119,99985.1200303849
12120,99985.1200303849
12121,99985.1200303849
12122,99985.1200303849
12123,99985.1200303849
12124,99985.1200303849
12125,99985.1200303849
12126,99985.1200303849
12127,99985.1200303849
12128,99985.1200303849
12129,99985.1200303849
12130,99985.1200303849
12131,99985.1200303849
12132,99985.1200303849
12133,99985.1200303849
12134,99985.1200303849
12135,99985.1200303849
12136,99985.1200303849
12137,99985.1200303849
12138,99985.1200303849
12139,99985.1200303849
12140,99985.1200303849
12141,99985.1200303849
12142,99985.1200303849
12143,99985.1200303849
12144,99985.1200303849
12145,99985.1200303849
12146,99985.1200303849
12147,99985.1200303849
12148,99985.1200303849
12149,99985.1200303849
12150,99985.1200303849
12151,99985.1200303849
12152,99985.1200303849
12153,99985.1200303849
12154,99985.1200303849
12155,99985.1200303849
12156,99985.1200303849
12157,99985.1200303849
12158,99985.1200303849
12159,99985.1200303849
12160,99985.1200303849
12161,99985.1200303849
12162,99985.1200303849
12163,99985.1200303849
12164,99985.1200303849
12165,99985.1200303849
12166,99985.1200303849
12167,99985.1200303849
12168,99985.1200303849
12169,99985.1200303849
12170,99985.1200303849
12171,99985.1200303849
12172,99985.1200303849
12173,99985.1200303849
12174,99985.1200303849
12175,99985.1200303849
12176,99985.1200303849
12177,99985.1200303849
12178,99985.1200303849
12179,99985.1200303849
12180,99985.1200303849
12181,99985.1200303849
12182,99985.1200303849
12183,99985.1200303849
12184,99985.1200303849
12185,99985.1200303849
12186,99985.1200303849
12187,99985.1200303849
12188,99985.1200303849
12189,99985.1200303849
12190,99985.1200303849
12191,99985.1200303849
12192,99985.1200303849
12193,99985.1200303849
12194,99985.1200303849
12195,99985.1200303849
12196,99985.1200303849
12197,99985.1200303849
12198,99985.1200303849
12199,99985.1200303849
12200,99985.1200303849
12201,99985.1200303849
12202,99985.1200303849
12203,99985.1200303849
12204,99985.1200303849
12205,99985.1200303849
12206,99985.1200303849
12207,99985.1200303849
12208,99985.1200303849
12209,99985.1200303849
12210,99985.1200303849
12211,99985.1200303849
12212,99985.1200303849
12213,99985.1200303849
12214,99985.1200303849
12215,99985.1200303849
12216,99985.1200303849
12217,99985.1200303849
12218,99985.1200303849
12219,99985.1200303849
12220,99985.1200303849
12221,99985.1200303849
12222,99985.1200303849
12223,99985.1200303849
12224,99985.1200303849
12225,99985.1200303849
12226,99985.1200303849
12227,99985.1200303849
12228,99985.1200303849
12229,99985.1200303849
12230,99985.1200303849
12231,99985.1200303849
12232,99985.1200303849
12233,99985.1200303849
12234,99985.1200303849
12235,99985.1200303849
12236,99985.1200303849
12237,99985.1200303849
12238,99985.1200303849
12239,99985.1200303849
12240,99985.1200303849
12241,99985.1200303849
12242,99985.1200303849
12243,99985.1200303849
12244,99985.1200303849
12245,99985.1200303849
12246,99985.1200303849
12247,99985.1200303849
12248,99985.1200303849
12249,99985.1200303849
12250,99985.1200303849
12251,99985.1200303849
12252,99985.1200303849
12253,99985.1200303849
12254,99985.1200303849
12255,99985.1200303849
12256,99985.1200303849
12257,99985.1200303849
12258,99985.1200303849
12259,99985.1200303849
12260,99985.1200303849
12261,99985.1200303849
12262,99985.1200303849
12263,99985.1200303849
12264,99985.1200303849
12265,99985.1200303849
12266,99985.1200303849
12267,99985.1200303849
12268,99985.1200303849
12269,99985.1200303849
12270,99985.1200303849
12271,99985.1200303849
12272,99985.1200303849
12273,99985.1200303849
12274,99985.1200303849
12275,99985.1200303849
12276,99985.1200303849
12277,99985.1200303849
12278,99985.1200303849
12279,99985.1200303849
12280,99985.1200303849
12281,99985.1200303849
12282,99985.1200303849
12283,99985.1200303849
12284,99985.1200303849
12285,99985.1200303849
12286,99985.1200303849
12287,99985.1200303849
12288,99985.1200303849
12289,99985.1200303849
12290,99985.1200303849
12291,99985.1200303849
12292,99985.1200303849
12293,99985.1200303849
12294,99985.1200303849
12295,99985.1200303849
12296,99985.1200303849
12297,99985.1200303849
12298,99985.1200303849
12299,99985.1200303849
12300,99985.1200303849
12301,99985.1200303849
12302,99985.1200303849
12303,99985.1200303849
12304,99985.1200303849
12305,99985.1200303849
12306,99985.1200303849
12307,99985.1200303849
12308,99985.1200303849
12309,99985.1200303849
12310,99985.1200303849
12311,99985.1200303849
12312,99985.1200303849
12313,99985.1200303849
12314,99985.1200303849
12315,99985.1200303849
12316,99985.1200303849
12317,99985.1200303849
12318,99985.1200303849
12319,99985.1200303849
12320,99985.1200303849
12321,99985.1200303849
12322,99985.1200303849
12323,99985.1200303849
12324,99985.1200303849
12325,99985.1200303849
12326,99985.1200303849
12327,99985.1200303849
12328,99985.1200303849
12329,99985.1200303849
12330,99985.1200303849
12331,99985.1200303849
12332,99985.1200303849
12333,99985.1200303849
12334,99985.1200303849
12335,99985.1200303849
12336,99985.1200303849
12337,99985.1200303849
12338,99985.1200303849
12339,99985.1200303849
12340,99985.1200303849
12341,99985.1200303849
12342,99985.1200303849
12343,99985.1200303849
12344,99985.1200303849
12345,99985.1200303849
12346,99985.1200303849
12347,99985.1200303849
12348,99985.1200303849
12349,99985.1200303849
12350,99985.1200303849
12351,99985.1200303849
12352,99985.1200303849
12353,99985.1200303849
12354,99985.1200303849
12355,99985.1200303849
12356,99985.1200303849
12357,99985.1200303849
12358,99985.1200303849
12359,99985.1200303849
12360,99985.1200303849
12361,99985.1200303849
12362,99985.1200303849
12363,99985.1200303849
12364,99985.1200303849
12365,99985.1200303849
12366,99985.1200303849
12367,99985.1200303849
12368,99985.1200303849
12369,99985.1200303849
12370,99985.1200303849
12371,99985.1200303849
12372,99985.1200303849
12373,99985.1200303849
12374,99985.1200303849
12375,99985.1200303849
12376,99985.1200303849
12377,99985.1200303849
12378,99985.1200303849
12379,99985.1200303849
12380,99985.1200303849
12381,99985.1200303849
12382,99985.1200303849
12383,99985.1200303849
12384,99985.1200303849
12385,99985.1200303849
12386,99985.1200303849
12387,99985.1200303849
12388,99985.1200303849
12389,99985.1200303849
12390,99985.1200303849
12391,99985.1200303849
12392,99985.1200303849
12393,99985.1200303849
12394,99985.1200303849
12395,99985.1200303849
12396,99985.1200303849
12397,99985.1200303849
12398,99985.1200303849
12399,99985.1200303849
12400,99985.1200303849
12401,99985.1200303849
12402,99985.1200303849
12403,99985.1200303849
12404,99985.1200303849
12405,99985.1200303849
12406,99985.1200303849
12407,99985.1200303849
12408,99985.1200303849
12409,99985.1200303849
12410,99985.1200303849
12411,99985.1200303849
12412,99985.1200303849
12413,99985.1200303849
12414,99985.1200303849
12415,99985.1200303849
12416,99985.1200303849
12417,99985.1200303849
12418,99985.1200303849
12419,99985.1200303849
12420,99985.1200303849
12421,99985.1200303849
12422,99985.1200303849
12423,99985.1200303849
12424,99985.1200303849
12425,99985.1200303849
12426,99985.1200303849
12427,99985.1200303849
12428,99985.1200303849
12429,99985.1200303849
12430,99985.1200303849
12431,99985.1200303849
12432,99985.1200303849
12433,99985.1200303849
12434,99985.1200303849
12435,99985.1200303849
12436,99985.1200303849
12437,99985.1200303849
12438,99985.1200303849
12439,99985.1200303849
12440,99985.1200303849
12441,99985.1200303849
12442,99985.1200303849
12443,99985.1200303849
12444,99985.1200303849
12445,99985.1200303849
12446,99985.1200303849
12447,99985.1200303849
12448,99985.1200303849
12449,99985.1200303849
12450,99985.1200303849
12451,99985.1200303849
12452,99985.1200303849
12453,99985.1200303849
12454,99985.1200303849
12455,99985.1200303849
12456,99985.1200303849
12457,99985.1200303849
12458,99985.1200303849
12459,99985.1200303849
12460,99985.1200303849
12461,99985.1200303849
12462,99985.1200303849
12463,99985.1200303849
12464,99985.1200303849
12465,99985.1200303849
12466,99985.1200303849
12467,99985.1200303849
12468,99985.1200303849
12469,99985.1200303849
12470,99985.1200303849
12471,99985.1200303849
12472,99985.1200303849
12473,99985.1200303849
12474,99985.1200303849
12475,99985.1200303849
12476,99985.1200303849
12477,99985.1200303849
12478,99985.1200303849
12479,99985.1200303849
12480,99985.1200303849
12481,99985.1200303849
12482,99985.1200303849
12483,99985.1200303849
12484,99985.1200303849
12485,99985.1200303849
12486,99985.1200303849
12487,99985.1200303849
12488,99985.1200303849
12489,99985.1200303849
12490,99985.1200303849
12491,99985.1200303849
12492,99985.1200303849
12493,99985.1200303849
12494,99985.1200303849
12495,99985.1200303849
12496,99985.1200303849
12497,99985.1200303849
12498,99985.1200303849
12499,99985.1200303849
12500,99985.1200303849
12501,99985.1200303849
12502,99985.1200303849
12503,99985.1200303849
12504,99985.1200303849
12505,99985.1200303849
12506,99985.1200303849
12507,99985.1200303849
12508,99985.1200303849
12509,99985.1200303849
12510,99985.1200303849
12511,99985.1200303849
12512,99985.1200303849
12513,99985.1200303849
12514,99985.1200303849
12515,99985.1200303849
12516,99985.1200303849
12517,99985.1200303849
12518,99985.1200303849
12519,99985.1200303849
12520,99985.1200303849
12521,99985.1200303849
12522,99985.1200303849
12523,99985.1200303849
12524,99985.1200303849
12525,99985.1200303849
12526,99985.1200303849
12527,99985.1200303849
12528,99985.1200303849
12529,99985.1200303849
12530,99985.1200303849
12531,99985.1200303849
12532,99985.1200303849
12533,99985.1200303849
12534,99985.1200303849
12535,99985.1200303849
12536,99985.1200303849
12537,99985.1200303849
12538,99985.1200303849
12539,99985.1200303849
12540,99985.1200303849
12541,99985.1200303849
12542,99985.1200303849
12543,99985.1200303849
12544,99985.1200303849
12545,99985.1200303849
12546,99985.1200303849
12547,99985.1200303849
12548,99985.1200303849
12549,99985.1200303849
12550,99985.1200303849
12551,99985.1200303849
12552,99985.1200303849
12553,99985.1200303849
12554,99985.1200303849
12555,99985.1200303849
12556,99985.1200303849
12557,99985.1200303849
12558,99985.1200303849
12559,99985.1200303849
12560,99985.1200303849
12561,99985.1200303849
12562,99985.1200303849
12563,99985.1200303849
12564,99985.1200303849
12565,99985.1200303849
12566,99985.1200303849
12567,99985.1200303849
12568,99985.1200303849
12569,99985.1200303849
12570,99985.1200303849
12571,99985.1200303849
12572,99985.1200303849
12573,99985.1200303849
12574,99985.1200303849
12575,99985.1200303849
12576,99985.1200303849
12577,99985.1200303849
12578,99985.1200303849
12579,99985.1200303849
12580,99985.1200303849
12581,99985.1200303849
12582,99985.1200303849
12583,99985.1200303849
12584,99985.1200303849
12585,99985.1200303849
12586,99985.1200303849
12587,99985.1200303849
12588,99985.1200303849
12589,99985.1200303849
12590,99985.1200303849
12591,99985.1200303849
12592,99985.1200303849
12593,99985.1200303849
12594,99985.1200303849
12595,99985.1200303849
12596,99985.1200303849
12597,99985.1200303849
12598,99985.1200303849
12599,99985.1200303849
12600,99985.1200303849
12601,99985.1200303849
12602,99985.1200303849
12603,99985.1200303849
12604,99985.1200303849
12605,99985.1200303849
12606,99985.1200303849
12607,99985.1200303849
12608,99985.1200303849
12609,99985.1200303849
12610,99985.1200303849
12611,99985.1200303849
12612,99985.1200303849
12613,99985.1200303849
12614,99985.1200303849
12615,99985.1200303849
12616,99985.1200303849
12617,99985.1200303849
12618,99985.1200303849
12619,99985.1200303849
12620,99985.1200303849
12621,99985.1200303849
12622,99985.1200303849
12623,99985.1200303849
12624,99985.1200303849
12625,99985.1200303849
12626,99985.1200303849
12627,99985.1200303849
12628,99985.1200303849
12629,99985.1200303849
12630,99985.1200303849
12631,99985.1200303849
12632,99985.1200303849
12633,99985.1200303849
12634,99985.1200303849
12635,99985.1200303849
12636,99985.1200303849
12637,99985.1200303849
12638,99985.1200303849
12639,99985.1200303849
12640,99985.1200303849
12641,99985.1200303849
12642,99985.1200303849
12643,99985.1200303849
12644,99985.1200303849
12645,99985.1200303849
12646,99985.1200303849
12647,99985.1200303849
12648,99985.1200303849
12649,99985.1200303849
12650,99985.1200303849
12651,99985.1200303849
12652,99985.1200303849
12653,99985.1200303849
12654,99985.1200303849
12655,99985.1200303849
12656,99985.1200303849
12657,99985.1200303849
12658,99985.1200303849
12659,99985.1200303849
12660,99985.1200303849
12661,99985.1200303849
12662,99985.1200303849
12663,99985.1200303849
12664,99985.1200303849
12665,99985.1200303849
12666,99985.1200303849
12667,99985.1200303849
12668,99985.1200303849
12669,99985.1200303849
12670,99985.1200303849
12671,99985.1200303849
12672,99985.1200303849
12673,99985.1200303849
12674,99985.1200303849
12675,99985.1200303849
12676,99985.1200303849
12677,99985.1200303849
12678,99985.1200303849
12679,99985.1200303849
12680,99985.05702778879
12681,99985.05702778879
12682,99984.44094950748
12683,99984.44094950748
12684,99984.44094950748
12685,99984.44094950748
12686,99984.44094950748
12687,99984.44094950748
12688,99984.44094950748
12689,99984.44094950748
12690,99984.44094950748
12691,99984.44094950748
12692,99984.44094950748
12693,99984.44094950748
12694,99984.44094950748
12695,99984.44094950748
12696,99984.44094950748
12697,99984.44094950748
12698,99984.44094950748
12699,99984.44094950748
12700,99984.44094950748
12701,99984.44094950748
12702,99984.44094950748
12703,99984.44094950748
12704,99984.44094950748
12705,99984.44094950748
12706,99984.44094950748
12707,99984.44094950748
12708,99984.44094950748
12709,99984.44094950748
12710,99984.44094950748
12711,99984.44094950748
12712,99984.44094950748
12713,99984.44094950748
12714,99984.44094950748
12715,99984.44094950748
12716,99984.44094950748
12717,99984.44094950748
12718,99984.44094950748
12719,99984.44094950748
12720,99984.44094950748
12721,99984.44094950748
12722,99984.44094950748
12723,99984.44094950748
12724,99984.44094950748
12725,99984.44094950748
12726,99984.44094950748
12727,99984.44094950748
12728,99984.44094950748
12729,99984.44094950748
12730,99984.44094950748
12731,99984.44094950748
12732,99984.44094950748
12733,99984.44094950748
12734,99984.44094950748
12735,99984.44094950748
12736,99984.44094950748
12737,99984.44094950748
12738,99984.44094950748
12739,99984.44094950748
12740,99984.44094950748
12741,99984.44094950748
12742,99984.44094950748
12743,99984.44094950748
12744,99984.44094950748
12745,99984.44094950748
12746,99984.44094950748
12747,99984.44094950748
12748,99984.44094950748
12749,99984.44094950748
12750,99984.44094950748
12751,99984.44094950748
12752,99984.44094950748
12753,99984.44094950748
12754,99984.44094950748
12755,99984.44094950748
12756,99984.44094950748
12757,99984.44094950748
12758,99984.44094950748
12759,99984.44094950748
12760,99984.44094950748
12761,99984.44094950748
12762,99984.44094950748
12763,99984.44094950748
12764,99984.44094950748
12765,99984.44094950748
12766,99984.44094950748
12767,99984.44094950748
12768,99984.44094950748
12769,99984.44094950748
12770,99984.44094950748
12771,99984.44094950748
12772,99984.44094950748
12773,99984.44094950748
12774,99984.44094950748
12775,99984.44094950748
12776,99984.44094950748
12777,99984.44094950748
12778,99984.44094950748
12779,99984.44094950748
12780,99984.44094950748
12781,99984.44094950748
12782,99984.44094950748
12783,99984.44094950748
12784,99984.44094950748
12785,99984.44094950748
12786,99984.44094950748
12787,99984.44094950748
12788,99984.44094950748
12789,99984.44094950748
12790,99984.44094950748
12791,99984.44094950748
12792,99984.44094950748
12793,99984.44094950748
12794,99984.44094950748
12795,99984.44094950748
12796,99984.44094950748
12797,99984.44094950748
12798,99984.44094950748
12799,99984.44094950748
12800,99984.44094950748
12801,99984.44094950748
12802,99984.35115253326
12803,99984.35115253326
12804,99983.40913338312
12805,99983.40913338312
12806,99983.40913338312
12807,99983.40913338312
12808,99983.40913338312
12809,99983.40913338312
12810,99983.40913338312
12811,99983.40913338312
12812,99983.40913338312
12813,99983.40913338312
12814,99983.40913338312
12815,99983.40913338312
12816,99983.40913338312
12817,99983.40913338312
12818,99983.40913338312
12819,99983.40913338312
12820,99983.40913338312
12821,99983.40913338312
12822,99983.40913338312
12823,99983.40913338312
12824,99983.32737745758
12825,99982.39148876982
12826,99982.39148876982
12827,99982.31895629386
12828,99981.39516072902
12829,99981.39516072902
12830,99981.39516072902
12831,99981.39516072902
12832,99981.39516072902
12833,99981.39516072902
12834,99981.39516072902
12835,99981.39516072902
12836,99981.39516072902
12837,99981.39516072902
12838,99981.39516072902
12839,99981.39516072902
12840,99981.39516072902
12841,99981.39516072902
12842,99981.39516072902
12843,99981.39516072902
12844,99981.39516072902
12845,99981.39516072902
12846,99981.39516072902
12847,99981.39516072902
12848,99981.39516072902
12849,99981.39516072902
12850,99981.39516072902
12851,99981.39516072902
12852,99981.39516072902
12853,99981.39516072902
12854,99981.39516072902
12855,99981.39516072902
12856,99981.39516072902
12857,99981.39516072902
12858,99981.39516072902
12859,99981.39516072902
12860,99981.39516072902
12861,99981.39516072902
12862,99981.39516072902
12863,99981.39516072902
12864,99981.39516072902
12865,99981.39516072902
12866,99981.39516072902
12867,99981.39516072902
12868,99981.39516072902
12869,99981.39516072902
12870,99981.39516072902
12871,99981.39516072902
12872,99981.39516072902
12873,99981.39516072902
12874,99981.39516072902
12875,99981.39516072902
12876,99981.39516072902
12877,99981.39516072902
12878,99981.39516072902
12879,99981.39516072902
12880,99981.39516072902
12881,99981.39516072902
12882,99981.39516072902
12883,99981.39516072902
12884,99981.39516072902
12885,99981.39516072902
12886,99981.39516072902
12887,99981.39516072902
12888,99981.39516072902
12889,99981.39516072902
12890,99981.39516072902
12891,99981.39516072902
12892,99981.35455708613
12893,99980.9606734332
12894,99980.9606734332
12895,99980.92486844258
12896,99980.88977202315
12897,99981.19139646909
12898,99980.80513337061
12899,99980.80513337061
12900,99980.80513337061
12901,99980.80513337061
12902,99980.80513337061
12903,99980.80513337061
12904,99980.80513337061
12905,99980.80513337061
12906,99980.80513337061
12907,99980.80513337061
12908,99980.80513337061
12909,99980.80513337061
12910,99980.80513337061
12911,99980.80513337061
12912,99980.80513337061
12913,99980.80513337061
12914,99980.80513337061
12915,99980.80513337061
12916,99980.80513337061
12917,99980.80513337061
12918,99980.80513337061
12919,99980.80513337061
12920,99980.80513337061
12921,99980.80513337061
12922,99980.80513337061
12923,99980.80513337061
12924,99980.74142089323
12925,99980.74142089323
12926,99979.81159143183
12927,99979.81159143183
12928,99979.81159143183
12929,99979.81159143183
12930,99979.81159143183
12931,99979.81159143183
12932,99979.81159143183
12933,99979.81159143183
12934,99979.81159143183
12935,99979.81159143183
12936,99979.81159143183
12937,99979.81159143183
12938,99979.81159143183
12939,99979.81159143183
12940,99979.81159143183
12941,99979.81159143183
12942,99979.81159143183
12943,99979.81159143183
12944,99979.81159143183
12945,99979.81159143183
12946,99979.81159143183
12947,99979.81159143183
12948,99979.81159143183
12949,99979.81159143183
12950,99979.81159143183
12951,99979.81159143183
12952,99979.81159143183
12953,99979.81159143183
12954,99979.81159143183
12955,99979.81159143183
12956,99979.81159143183
12957,99979.81159143183
12958,99979.81159143183
12959,99979.81159143183
12960,99979.81159143183
12961,99979.81159143183
12962,99979.81159143183
12963,99979.81159143183
12964,99979.81159143183
12965,99979.81159143183
12966,99979.81159143183
12967,99979.81159143183
12968,99979.81159143183
12969,99979.81159143183
12970,99979.81159143183
12971,99979.81159143183
12972,99979.81159143183
12973,99979.81159143183
12974,99979.81159143183
12975,99979.81159143183
12976,99979.81159143183
12977,99979.81159143183
12978,99979.81159143183
12979,99979.81159143183
12980,99979.81159143183
12981,99979.81159143183
12982,99979.81159143183
12983,99979.81159143183
12984,99979.81159143183
12985,99979.81159143183
12986,99979.81159143183
12987,99979.81159143183
12988,99979.81159143183
12989,99979.81159143183
12990,99979.81159143183
12991,99979.81159143183
12992,99979.81159143183
12993,99979.81159143183
12994,99979.81159143183
12995,99979.81159143183
12996,99979.81159143183
12997,99979.81159143183
12998,99979.81159143183
12999,99979.81159143183
13000,99979.81159143183
13001,99979.81159143183
13002,99979.81159143183
13003,99979.81159143183
13004,99979.81159143183
13005,99979.81159143183
13006,99979.81159143183
13007,99979.81159143183
13008,99979.81159143183
13009,99979.81159143183
13010,99979.81159143183
13011,99979.81159143183
13012,99979.81159143183
13013,99979.81159143183
13014,99979.81159143183
13015,99979.81159143183
13016,99979.81159143183
13017,99979.81159143183
13018,99979.81159143183
13019,99979.81159143183
13020,99979.81159143183
13021,99979.81159143183
13022,99979.81159143183
13023,99979.81159143183
13024,99979.81159143183
13025,99979.81159143183
13026,99979.81159143183
13027,99979.81159143183
13028,99979.81159143183
13029,99979.81159143183
13030,99979.81159143183
13031,99979.81159143183
13032,99979.81159143183
13033,99979.81159143183
13034,99979.81159143183
13035,99979.81159143183
13036,99979.81159143183
13037,99979.81159143183
13038,99979.81159143183
13039,99979.81159143183
13040,99979.81159143183
13041,99979.81159143183
13042,99979.81159143183
13043,99979.81159143183
13044,99979.81159143183
13045,99979.81159143183
13046,99979.81159143183
13047,99979.81159143183
13048,99979.81159143183
13049,99979.81159143183
13050,99979.81159143183
13051,99979.81159143183
13052,99979.81159143183
13053,99979.81159143183
13054,99979.81159143183
13055,99979.81159143183
13056,99979.81159143183
13057,99979.81159143183
13058,99979.81159143183
13059,99979.81159143183
13060,99979.81159143183
13061,99979.81159143183
13062,99979.81159143183
13063,99979.81159143183
13064,99979.81159143183
13065,99979.81159143183
13066,99979.81159143183
13067,99979.81159143183
13068,99979.81159143183
13069,99979.81159143183
13070,99979.81159143183
13071,99979.81159143183
13072,99979.81159143183
13073,99979.81159143183
13074,99979.81159143183
13075,99979.81159143183
13076,99979.81159143183
13077,99979.81159143183
13078,99979.81159143183
13079,99979.81159143183
13080,99979.81159143183
13081,99979.81159143183
13082,99979.81159143183
13083,99979.81159143183
13084,99979.81159143183
13085,99979.81159143183
13086,99979.81159143183
13087,99979.81159143183
13088,99979.81159143183
13089,99979.81159143183
13090,99979.81159143183
13091,99979.81159143183
13092,99979.81159143183
13093,99979.81159143183
13094,99979.81159143183
13095,99979.81159143183
13096,99979.81159143183
13097,99979.81159143183
13098,99979.81159143183
13099,99979.81159143183
13100,99979.81159143183
13101,99979.81159143183
13102,99979.81159143183
13103,99979.81159143183
13104,99979.81159143183
13105,99979.81159143183
13106,99979.81159143183
13107,99979.81159143183
13108,99979.81159143183
13109,99979.81159143183
13110,99979.81159143183
13111,99979.81159143183
13112,99979.81159143183
13113,99979.81159143183
13114,99979.81159143183
13115,99979.81159143183
13116,99979.81159143183
13117,99979.81159143183
13118,99979.81159143183
13119,99979.81159143183
13120,99979.81159143183
13121,99979.81159143183
13122,99979.81159143183
13123,99979.81159143183
13124,99979.81159143183
13125,99979.81159143183
13126,99979.81159143183
13127,99979.81159143183
13128,99979.81159143183
13129,99979.81159143183
13130,99979.81159143183
13131,99979.81159143183
13132,99979.81159143183
13133,99979.81159143183
13134,99979.81159143183
13135,99979.81159143183
13136,99979.81159143183
13137,99979.81159143183
13138,99979.81159143183
13139,99979.81159143183
13140,99979.81159143183
13141,99979.81159143183
13142,99979.81159143183
13143,99979.81159143183
13144,99979.81159143183
13145,99979.81159143183
13146,99979.81159143183
13147,99979.81159143183
13148,99979.81159143183
13149,99979.81159143183
13150,99979.81159143183
13151,99979.81159143183
13152,99979.81159143183
13153,99979.81159143183
13154,99979.81159143183
13155,99979.81159143183
13156,99979.81159143183
13157,99979.81159143183
13158,99979.81159143183
13159,99979.81159143183
13160,99979.81159143183
13161,99979.81159143183
13162,99979.81159143183
13163,99979.81159143183
13164,99979.81159143183
13165,99979.81159143183
13166,99979.81159143183
13167,99979.81159143183
13168,99979.81159143183
13169,99979.81159143183
13170,99979.81159143183
13171,99979.81159143183
13172,99979.81159143183
13173,99979.81159143183
13174,99979.81159143183
13175,99979.81159143183
13176,99979.81159143183
13177,99979.81159143183
13178,99979.81159143183
13179,99979.81159143183
13180,99979.81159143183
13181,99979.81159143183
13182,99979.81159143183
13183,99979.81159143183
13184,99979.81159143183
13185,99979.81159143183
13186,99979.81159143183
13187,99979.81159143183
13188,99979.81159143183
13189,99979.81159143183
13190,99979.81159143183
13191,99979.81159143183
13192,99979.81159143183
13193,99979.81159143183
13194,99979.81159143183
13195,99979.81159143183
13196,99979.81159143183
13197,99979.81159143183
13198,99979.81159143183
13199,99979.81159143183
13200,99979.81159143183
13201,99979.81159143183
13202,99979.81159143183
13203,99979.81159143183
13204,99979.81159143183
13205,99979.81159143183
13206,99979.81159143183
13207,99979.81159143183
13208,99979.81159143183
13209,99979.81159143183
13210,99979.81159143183
13211,99979.81159143183
13212,99979.81159143183
13213,99979.81159143183
13214,99979.81159143183
13215,99979.81159143183
13216,99979.81159143183
13217,99979.81159143183
13218,99979.81159143183
13219,99979.81159143183
13220,99979.81159143183
13221,99979.81159143183
13222,99979.81159143183
13223,99979.81159143183
13224,99979.81159143183
13225,99979.81159143183
13226,99979.81159143183
13227,99979.81159143183
13228,99979.81159143183
13229,99979.81159143183
13230,99979.81159143183
13231,99979.81159143183
13232,99979.81159143183
13233,99979.81159143183
13234,99979.81159143183
13235,99979.81159143183
13236,99979.81159143183
13237,99979.81159143183
13238,99979.81159143183
13239,99979.81159143183
13240,99979.81159143183
13241,99979.81159143183
13242,99979.81159143183
13243,99979.81159143183
13244,99979.81159143183
13245,99979.81159143183
13246,99979.81159143183
13247,99979.81159143183
13248,99979.81159143183
13249,99979.81159143183
13250,99979.81159143183
13251,99979.81159143183
13252,99979.81159143183
13253,99979.81159143183
13254,99979.81159143183
13255,99979.81159143183
13256,99979.81159143183
13257,99979.81159143183
13258,99979.81159143183
13259,99979.81159143183
13260,99979.81159143183
13261,99979.81159143183
13262,99979.81159143183
13263,99979.81159143183
13264,99979.81159143183
13265,99979.81159143183
13266,99979.81159143183
13267,99979.81159143183
13268,99979.81159143183
13269,99979.81159143183
13270,99979.81159143183
13271,99979.81159143183
13272,99979.81159143183
13273,99979.81159143183
13274,99979.81159143183
13275,99979.81159143183
13276,99979.81159143183
13277,99979.81159143183
13278,99979.81159143183
13279,99979.81159143183
13280,99979.81159143183
13281,99979.81159143183
13282,99979.81159143183
13283,99979.81159143183
13284,99979.81159143183
13285,99979.81159143183
13286,99979.81159143183
13287,99979.81159143183
13288,99979.81159143183
13289,99979.81159143183
13290,99979.81159143183
13291,99979.81159143183
13292,99979.81159143183
13293,99979.81159143183
13294,99979.81159143183
13295,99979.81159143183
13296,99979.81159143183
13297,99979.81159143183
13298,99979.81159143183
13299,99979.81159143183
13300,99979.81159143183
13301,99979.81159143183
13302,99979.81159143183
13303,99979.81159143183
13304,99979.81159143183
13305,99979.81159143183
13306,99979.81159143183
13307,99979.81159143183
13308,99979.81159143183
13309,99979.81159143183
13310,99979.81159143183
13311,99979.81159143183
13312,99979.81159143183
13313,99979.81159143183
13314,99979.81159143183
13315,99979.81159143183
13316,99979.81159143183
13317,99979.81159143183
13318,99979.81159143183
13319,99979.81159143183
13320,99979.81159143183
13321,99979.81159143183
13322,99979.81159143183
13323,99979.81159143183
13324,99979.81159143183
13325,99979.81159143183
13326,99979.81159143183
13327,99979.81159143183
13328,99979.81159143183
13329,99979.81159143183
13330,99979.81159143183
13331,99979.81159143183
13332,99979.81159143183
13333,99979.81159143183
13334,99979.81159143183
13335,99979.81159143183
13336,99979.81159143183
13337,99979.81159143183
13338,99979.81159143183
13339,99979.81159143183
13340,99979.81159143183
13341,99979.81159143183
13342,99979.81159143183
13343,99979.81159143183
13344,99979.81159143183
13345,99979.81159143183
13346,99979.81159143183
13347,99979.81159143183
13348,99979.81159143183
13349,99979.81159143183
13350,99979.81159143183
13351,99979.81159143183
13352,99979.81159143183
13353,99979.81159143183
13354,99979.81159143183
13355,99979.81159143183
13356,99979.81159143183
13357,99979.81159143183
13358,99979.81159143183
13359,99979.81159143183
13360,99979.81159143183
13361,99979.81159143183
13362,99979.81159143183
13363,99979.81159143183
13364,99979.81159143183
13365,99979.81159143183
13366,99979.81159143183
13367,99979.81159143183
13368,99979.81159143183
13369,99979.81159143183
13370,99979.81159143183
13371,99979.81159143183
13372,99979.81159143183
13373,99979.81159143183
13374,99979.81159143183
13375,99979.81159143183
13376,99979.81159143183
13377,99979.81159143183
13378,99979.81159143183
13379,99979.81159143183
13380,99979.81159143183
13381,99979.81159143183
13382,99979.81159143183
13383,99979.81159143183
13384,99979.81159143183
13385,99979.81159143183
13386,99979.81159143183
13387,99979.81159143183
13388,99979.81159143183
13389,99979.81159143183
13390,99979.81159143183
13391,99979.81159143183
13392,99979.81159143183
13393,99979.81159143183
13394,99979.81159143183
13395,99979.81159143183
13396,99979.81159143183
13397,99979.81159143183
13398,99979.81159143183
13399,99979.81159143183
13400,99979.81159143183
13401,99979.81159143183
13402,99979.81159143183
13403,99979.81159143183
13404,99979.81159143183
13405,99979.81159143183
13406,99979.81159143183
13407,99979.81159143183
13408,99979.81159143183
13409,99979.81159143183
13410,99979.81159143183
13411,99979.81159143183
13412,99979.81159143183
13413,99979.81159143183
13414,99979.81159143183
13415,99979.81159143183
13416,99979.81159143183
13417,99979.81159143183
13418,99979.81159143183
13419,99979.81159143183
13420,99979.81159143183
13421,99979.74328463028
13422,99978.95419704558
13423,99978.95419704558
13424,99978.95419704558
13425,99978.95419704558
13426,99978.95419704558
13427,99978.95419704558
13428,99978.95419704558
13429,99978.95419704558
13430,99978.95419704558
13431,99978.95419704558
13432,99978.95419704558
13433,99978.95419704558
13434,99978.95419704558
13435,99978.95419704558
13436,99978.95419704558
13437,99978.95419704558
13438,99978.95419704558
13439,99978.95419704558
13440,99978.95419704558
13441,99978.95419704558
13442,99978.95419704558
13443,99978.95419704558
13444,99978.95419704558
13445,99978.95419704558
13446,99978.95419704558
13447,99978.95419704558
13448,99978.95419704558
13449,99978.95419704558
13450,99978.95419704558
13451,99978.95419704558
13452,99978.95419704558
13453,99978.95419704558
13454,99978.95419704558
13455,99978.95419704558
13456,99978.95419704558
13457,99978.95419704558
13458,99978.95419704558
13459,99978.95419704558
13460,99978.95419704558
13461,99978.95419704558
13462,99978.95419704558
13463,99978.95419704558
13464,99978.95419704558
13465,99978.95419704558
13466,99978.95419704558
13467,99978.95419704558
13468,99978.95419704558
13469,99978.95419704558
13470,99978.95419704558
13471,99978.95419704558
13472,99978.95419704558
13473,99978.95419704558
13474,99978.95419704558
13475,99978.95419704558
13476,99978.95419704558
13477,99978.95419704558
13478,99978.95419704558
13479,99978.95419704558
13480,99978.95419704558
13481,99978.95419704558
13482,99978.95419704558
13483,99978.95419704558
13484,99978.95419704558
13485,99978.95419704558
13486,99978.95419704558
13487,99978.95419704558
13488,99978.95419704558
13489,99978.95419704558
13490,99978.95419704558
13491,99978.95419704558
13492,99978.95419704558
13493,99978.95419704558
13494,99978.95419704558
13495,99978.95419704558
13496,99978.95419704558
13497,99978.95419704558
13498,99978.95419704558
13499,99978.95419704558
13500,99978.95419704558
13501,99978.95419704558
13502,99978.95419704558
13503,99978.95419704558
13504,99978.95419704558
13505,99978.95419704558
13506,99978.95419704558
13507,99978.95419704558
13508,99978.95419704558
13509,99978.95419704558
13510,99978.95419704558
13511,99978.95419704558
13512,99978.91971039542
13513,99978.17216606915
13514,99977.46033772056
13515,99977.46033772056
13516,99977.46033772056
13517,99977.46033772056
13518,99977.46033772056
13519,99977.46033772056
13520,99977.46033772056
13521,99977.46033772056
13522,99977.46033772056
13523,99977.46033772056
13524,99977.46033772056
13525,99977.46033772056
13526,99977.46033772056
13527,99977.46033772056
13528,99977.46033772056
13529,99977.46033772056
13530,99977.46033772056
13531,99977.46033772056
13532,99977.46033772056
13533,99977.46033772056
13534,99977.46033772056
13535,99977.46033772056
13536,99977.46033772056
13537,99977.46033772056
13538,99977.46033772056
13539,99977.46033772056
13540,99977.46033772056
13541,99977.46033772056
13542,99977.46033772056
13543,99977.46033772056
13544,99977.46033772056
13545,99977.46033772056
13546,99977.46033772056
13547,99977.46033772056
13548,99977.46033772056
13549,99977.46033772056
13550,99977.46033772056
13551,99977.46033772056
13552,99977.46033772056
13553,99977.46033772056
13554,99977.46033772056
13555,99977.46033772056
13556,99977.46033772056
13557,99977.46033772056
13558,99977.46033772056
13559,99977.46033772056
13560,99977.46033772056
13561,99977.46033772056
13562,99977.46033772056
13563,99977.46033772056
13564,99977.46033772056
13565,99977.46033772056
13566,99977.46033772056
13567,99977.46033772056
13568,99977.46033772056
13569,99977.46033772056
13570,99977.46033772056
13571,99977.46033772056
13572,99977.46033772056
13573,99977.46033772056
13574,99977.46033772056
13575,99977.46033772056
13576,99977.46033772056
13577,99977.46033772056
13578,99977.46033772056
13579,99977.46033772056
13580,99977.46033772056
13581,99977.46033772056
13582,99977.46033772056
13583,99977.46033772056
13584,99977.46033772056
13585,99977.46033772056
13586,99977.46033772056
13587,99977.46033772056
13588,99977.46033772056
13589,99977.46033772056
13590,99977.46033772056
13591,99977.46033772056
13592,99977.46033772056
13593,99977.46033772056
13594,99977.46033772056
13595,99977.46033772056
13596,99977.46033772056
13597,99977.46033772056
13598,99977.46033772056
13599,99977.46033772056
13600,99977.46033772056
13601,99977.46033772056
13602,99977.46033772056
13603,99977.46033772056
13604,99977.46033772056
13605,99977.46033772056
13606,99977.46033772056
13607,99977.46033772056
13608,99977.46033772056
13609,99977.46033772056
13610,99977.46033772056
13611,99977.46033772056
13612,99977.46033772056
13613,99977.46033772056
13614,99977.46033772056
13615,99977.46033772056
13616,99977.46033772056
13617,99977.46033772056
13618,99977.46033772056
13619,99977.46033772056
13620,99977.46033772056
13621,99977.46033772056
13622,99977.46033772056
13623,99977.46033772056
13624,99977.46033772056
13625,99977.46033772056
13626,99977.46033772056
13627,99977.46033772056
13628,99977.46033772056
13629,99977.46033772056
13630,99977.46033772056
13631,99977.46033772056
13632,99977.46033772056
13633,99977.46033772056
13634,99977.46033772056
13635,99977.46033772056
13636,99977.46033772056
13637,99977.46033772056
13638,99977.46033772056
13639,99977.46033772056
13640,99977.46033772056
13641,99977.46033772056
13642,99977.46033772056
13643,99977.46033772056
13644,99977.46033772056
13645,99977.46033772056
13646,99977.46033772056
13647,99977.46033772056
13648,99977.46033772056
13649,99977.46033772056
13650,99977.46033772056
13651,99977.46033772056
13652,99977.46033772056
13653,99977.46033772056
13654,99977.46033772056
13655,99977.46033772056
13656,99977.46033772056
13657,99977.46033772056
13658,99977.46033772056
13659,99977.46033772056
13660,99977.46033772056
13661,99977.46033772056
13662,99977.46033772056
13663,99977.46033772056
13664,99977.46033772056
13665,99977.46033772056
13666,99977.46033772056
13667,99977.46033772056
13668,99977.46033772056
13669,99977.46033772056
13670,99977.46033772056
13671,99977.46033772056
13672,99977.46033772056
13673,99977.46033772056
13674,99977.46033772056
13675,99977.46033772056
13676,99977.46033772056
13677,99977.46033772056
13678,99977.46033772056
13679,99977.46033772056
13680,99977.4200749628
13681,99977.70572045099
13682,99977.70572045099
13683,99977.70572045099
13684,99977.70572045099
13685,99977.70572045099
13686,99977.70572045099
13687,99977.70572045099
13688,99977.70572045099
13689,99977.70572045099
13690,99977.70572045099
13691,99977.70572045099
13692,99977.70572045099
13693,99977.70572045099
13694,99977.70572045099
13695,99977.70572045099
13696,99977.70572045099
13697,99977.70572045099
13698,99977.70572045099
13699,99977.70572045099
13700,99977.70572045099
13701,99977.70572045099
13702,99977.70572045099
13703,99977.70572045099
13704,99977.70572045099
13705,99977.70572045099
13706,99977.70572045099
13707,99977.70572045099
13708,99977.70572045099
13709,99977.70572045099
13710,99977.70572045099
13711,99977.70572045099
13712,99977.70572045099
13713,99977.70572045099
13714,99977.70572045099
13715,99977.70572045099
13716,99977.70572045099
13717,99977.70572045099
13718,99977.70572045099
13719,99977.70572045099
13720,99977.70572045099
13721,99977.70572045099
13722,99977.70572045099
13723,99977.70572045099
13724,99977.70572045099
13725,99977.70572045099
13726,99977.70572045099
13727,99977.70572045099
13728,99977.70572045099
13729,99977.70572045099
13730,99977.70572045099
13731,99977.70572045099
13732,99977.70572045099
13733,99977.70572045099
13734,99977.70572045099
13735,99977.70572045099
13736,99977.70572045099
13737,99977.70572045099
13738,99977.70572045099
13739,99977.70572045099
13740,99977.70572045099
13741,99977.70572045099
13742,99977.70572045099
13743,99977.70572045099
13744,99977.70572045099
13745,99977.70572045099
13746,99977.70572045099
13747,99977.70572045099
13748,99977.70572045099
13749,99977.70572045099
13750,99977.70572045099
13751,99977.70572045099
13752,99977.70572045099
13753,99977.70572045099
13754,99977.70572045099
13755,99977.70572045099
13756,99977.70572045099
13757,99977.70572045099
13758,99977.70572045099
13759,99977.70572045099
13760,99977.70572045099
13761,99977.70572045099
13762,99977.70572045099
13763,99977.70572045099
13764,99977.70572045099
13765,99977.70572045099
13766,99977.70572045099
13767,99977.70572045099
13768,99977.70572045099
13769,99977.70572045099
13770,99977.70572045099
13771,99977.70572045099
13772,99977.70572045099
13773,99977.70572045099
13774,99977.70572045099
13775,99977.70572045099
13776,99977.70572045099
13777,99977.70572045099
13778,99977.70572045099
13779,99977.70572045099
13780,99977.70572045099
13781,99977.70572045099
13782,99977.70572045099
13783,99977.70572045099
13784,99977.70572045099
13785,99977.70572045099
13786,99977.70572045099
13787,99977.70572045099
13788,99977.70572045099
13789,99977.70572045099
13790,99977.70572045099
13791,99977.70572045099
13792,99977.70572045099
13793,99977.70572045099
13794,99977.70572045099
13795,99977.70572045099
13796,99977.70572045099
13797,99977.70572045099
13798,99977.70572045099
13799,99977.70572045099
13800,99977.70572045099
13801,99977.70572045099
13802,99977.70572045099
13803,99977.70572045099
13804,99977.70572045099
13805,99977.70572045099
13806,99977.70572045099
13807,99977.70572045099
13808,99977.70572045099
13809,99977.70572045099
13810,99977.70572045099
13811,99977.70572045099
13812,99977.70572045099
13813,99977.70572045099
13814,99977.70572045099
13815,99977.70572045099
13816,99977.70572045099
13817,99977.70572045099
13818,99977.70572045099
13819,99977.70572045099
13820,99977.70572045099
13821,99977.70572045099
13822,99977.70572045099
13823,99977.70572045099
13824,99977.70572045099
13825,99977.70572045099
13826,99977.70572045099
13827,99977.70572045099
13828,99977.70572045099
13829,99977.70572045099
13830,99977.70572045099
13831,99977.70572045099
13832,99977.70572045099
13833,99977.70572045099
13834,99977.70572045099
13835,99977.70572045099
13836,99977.70572045099
13837,99977.70572045099
13838,99977.70572045099
13839,99977.70572045099
13840,99977.70572045099
13841,99977.70572045099
13842,99977.70572045099
13843,99977.70572045099
13844,99977.70572045099
13845,99977.70572045099
13846,99977.70572045099
13847,99977.70572045099
13848,99977.70572045099
13849,99977.70572045099
13850,99977.70572045099
13851,99977.70572045099
13852,99977.70572045099
13853,99977.70572045099
13854,99977.70572045099
13855,99977.70572045099
13856,99977.70572045099
13857,99977.70572045099
13858,99977.70572045099
13859,99977.70572045099
13860,99977.70572045099
13861,99977.70572045099
13862,99977.70572045099
13863,99977.70572045099
13864,99977.70572045099
13865,99977.70572045099
13866,99977.70572045099
13867,99977.70572045099
13868,99977.70572045099
13869,99977.70572045099
13870,99977.70572045099
13871,99977.70572045099
13872,99977.70572045099
13873,99977.70572045099
13874,99977.70572045099
13875,99977.70572045099
13876,99977.70572045099
13877,99977.70572045099
13878,99977.70572045099
13879,99977.70572045099
13880,99977.70572045099
13881,99977.70572045099
13882,99977.70572045099
13883,99977.70572045099
13884,99977.70572045099
13885,99977.70572045099
13886,99977.70572045099
13887,99977.70572045099
13888,99977.70572045099
13889,99977.70572045099
13890,99977.70572045099
13891,99977.70572045099
13892,99977.70572045099
13893,99977.70572045099
13894,99977.70572045099
13895,99977.70572045099
13896,99977.70572045099
13897,99977.70572045099
13898,99977.70572045099
13899,99977.70572045099
13900,99977.70572045099
13901,99977.70572045099
13902,99977.70572045099
13903,99977.70572045099
13904,99977.70572045099
13905,99977.70572045099
13906,99977.70572045099
13907,99977.70572045099
13908,99977.70572045099
13909,99977.70572045099
13910,99977.70572045099
13911,99977.70572045099
13912,99977.70572045099
13913,99977.70572045099
13914,99977.70572045099
13915,99977.70572045099
13916,99977.70572045099
13917,99977.70572045099
13918,99977.70572045099
13919,99977.70572045099
13920,99977.70572045099
13921,99977.70572045099
13922,99977.70572045099
13923,99977.70572045099
13924,99977.70572045099
13925,99977.70572045099
13926,99977.70572045099
13927,99977.70572045099
13928,99977.70572045099
13929,99977.70572045099
13930,99977.70572045099
13931,99977.70572045099
13932,99977.70572045099
13933,99977.70572045099
13934,99977.70572045099
13935,99977.70572045099
13936,99977.70572045099
13937,99977.70572045099
13938,99977.70572045099
13939,99977.70572045099
13940,99977.70572045099
13941,99977.70572045099
13942,99977.70572045099
13943,99977.70572045099
13944,99977.70572045099
13945,99977.70572045099
13946,99977.70572045099
13947,99977.70572045099
13948,99977.70572045099
13949,99977.70572045099
13950,99977.70572045099
13951,99977.70572045099
13952,99977.70572045099
13953,99977.70572045099
13954,99977.70572045099
13955,99977.70572045099
13956,99977.70572045099
13957,99977.70572045099
13958,99977.70572045099
13959,99977.70572045099
13960,99977.70572045099
13961,99977.70572045099
13962,99977.70572045099
13963,99977.70572045099
13964,99977.70572045099
13965,99977.70572045099
13966,99977.70572045099
13967,99977.70572045099
13968,99977.70572045099
13969,99977.70572045099
13970,99977.70572045099
13971,99977.70572045099
13972,99977.70572045099
13973,99977.70572045099
13974,99977.70572045099
13975,99977.70572045099
13976,99977.70572045099
13977,99977.70572045099
13978,99977.70572045099
13979,99977.70572045099
13980,99977.70572045099
13981,99977.70572045099
13982,99977.70572045099
13983,99977.70572045099
13984,99977.70572045099
13985,99977.70572045099
13986,99977.70572045099
13987,99977.70572045099
13988,99977.70572045099
13989,99977.70572045099
13990,99977.70572045099
13991,99977.70572045099
13992,99977.70572045099
13993,99977.70572045099
13994,99977.70572045099
13995,99977.70572045099
13996,99977.70572045099
13997,99977.70572045099
13998,99977.70572045099
13999,99977.70572045099
14000,99977.70572045099
14001,99977.70572045099
14002,99977.70572045099
14003,99977.70572045099
14004,99977.70572045099
14005,99977.70572045099
14006,99977.70572045099
14007,99977.70572045099
14008,99977.70572045099
14009,99977.70572045099
14010,99977.70572045099
14011,99977.70572045099
14012,99977.70572045099
14013,99977.70572045099
14014,99977.70572045099
14015,99977.70572045099
14016,99977.70572045099
14017,99977.70572045099
14018,99977.70572045099
14019,99977.70572045099
14020,99977.70572045099
14021,99977.70572045099
14022,99977.70572045099
14023,99977.70572045099
14024,99977.70572045099
14025,99977.70572045099
14026,99977.70572045099
14027,99977.70572045099
14028,99977.70572045099
14029,99977.70572045099
14030,99977.70572045099
14031,99977.70572045099
14032,99977.70572045099
14033,99977.70572045099
14034,99977.70572045099
14035,99977.70572045099
14036,99977.70572045099
14037,99977.70572045099
14038,99977.70572045099
14039,99977.70572045099
14040,99977.70572045099
14041,99977.70572045099
14042,99977.70572045099
14043,99977.70572045099
14044,99977.70572045099
14045,99977.70572045099
14046,99977.70572045099
14047,99977.70572045099
14048,99977.70572045099
14049,99977.70572045099
14050,99977.70572045099
14051,99977.70572045099
14052,99977.70572045099
14053,99977.70572045099
14054,99977.70572045099
14055,99977.70572045099
14056,99977.70572045099
14057,99977.70572045099
14058,99977.70572045099
14059,99977.70572045099
14060,99977.70572045099
14061,99977.70572045099
14062,99977.70572045099
14063,99977.70572045099
14064,99977.70572045099
14065,99977.70572045099
14066,99977.70572045099
14067,99977.70572045099
14068,99977.70572045099
14069,99977.70572045099
14070,99977.70572045099
14071,99977.70572045099
14072,99977.70572045099
14073,99977.70572045099
14074,99977.70572045099
14075,99977.70572045099
14076,99977.70572045099
14077,99977.70572045099
14078,99977.70572045099
14079,99977.70572045099
14080,99977.70572045099
14081,99977.70572045099
14082,99977.70572045099
14083,99977.70572045099
14084,99977.70572045099
14085,99977.70572045099
14086,99977.70572045099
14087,99977.70572045099
14088,99977.70572045099
14089,99977.70572045099
14090,99977.70572045099
14091,99977.70572045099
14092,99977.70572045099
14093,99977.70572045099
14094,99977.70572045099
14095,99977.70572045099
14096,99977.70572045099
14097,99977.70572045099
14098,99977.70572045099
14099,99977.70572045099
14100,99977.70572045099
14101,99977.70572045099
14102,99977.70572045099
14103,99977.70572045099
14104,99977.70572045099
14105,99977.70572045099
14106,99977.70572045099
14107,99977.70572045099
14108,99977.70572045099
14109,99977.70572045099
14110,99977.70572045099
14111,99977.70572045099
14112,99977.70572045099
14113,99977.70572045099
14114,99977.70572045099
14115,99977.70572045099
14116,99977.70572045099
14117,99977.70572045099
14118,99977.70572045099
14119,99977.70572045099
14120,99977.70572045099
14121,99977.70572045099
14122,99977.70572045099
14123,99977.70572045099
14124,99977.70572045099
14125,99977.70572045099
14126,99977.70572045099
14127,99977.70572045099
14128,99977.70572045099
14129,99977.70572045099
14130,99977.70572045099
14131,99977.70572045099
14132,99977.70572045099
14133,99977.70572045099
14134,99977.70572045099
14135,99977.70572045099
14136,99977.70572045099
14137,99977.70572045099
14138,99977.70572045099
14139,99977.70572045099
14140,99977.70572045099
14141,99977.70572045099
14142,99977.70572045099
14143,99977.70572045099
14144,99977.70572045099
14145,99977.70572045099
14146,99977.70572045099
14147,99977.70572045099
14148,99977.70572045099
14149,99977.70572045099
14150,99977.70572045099
14151,99977.70572045099
14152,99977.70572045099
14153,99977.70572045099
14154,99977.70572045099
14155,99977.70572045099
14156,99977.70572045099
14157,99977.70572045099
14158,99977.70572045099
14159,99977.70572045099
14160,99977.70572045099
14161,99977.70572045099
14162,99977.70572045099
14163,99977.70572045099
14164,99977.70572045099
14165,99977.70572045099
14166,99977.70572045099
14167,99977.70572045099
14168,99977.70572045099
14169,99977.70572045099
14170,99977.70572045099
14171,99977.70572045099
14172,99977.70572045099
14173,99977.70572045099
14174,99977.70572045099
14175,99977.70572045099
14176,99977.70572045099
14177,99977.70572045099
14178,99977.70572045099
14179,99977.70572045099
14180,99977.70572045099
14181,99977.70572045099
14182,99977.70572045099
14183,99977.70572045099
14184,99977.70572045099
14185,99977.70572045099
14186,99977.70572045099
14187,99977.70572045099
14188,99977.70572045099
14189,99977.70572045099
14190,99977.70572045099
14191,99977.70572045099
14192,99977.70572045099
14193,99977.70572045099
14194,99977.70572045099
14195,99977.70572045099
14196,99977.70572045099
14197,99977.70572045099
14198,99977.70572045099
14199,99977.70572045099
14200,99977.70572045099
14201,99977.70572045099
14202,99977.70572045099
14203,99977.70572045099
14204,99977.70572045099
14205,99977.70572045099
14206,99977.70572045099
14207,99977.70572045099
14208,99977.70572045099
14209,99977.70572045099
14210,99977.70572045099
14211,99977.70572045099
14212,99977.70572045099
14213,99977.70572045099
14214,99977.70572045099
14215,99977.70572045099
14216,99977.70572045099
14217,99977.70572045099
14218,99977.70572045099
14219,99977.70572045099
14220,99977.70572045099
14221,99977.70572045099
14222,99977.70572045099
14223,99977.70572045099
14224,99977.70572045099
14225,99977.70572045099
14226,99977.70572045099
14227,99977.70572045099
14228,99977.70572045099
14229,99977.70572045099
14230,99977.70572045099
14231,99977.70572045099
14232,99977.70572045099
14233,99977.70572045099
14234,99977.70572045099
14235,99977.70572045099
14236,99977.70572045099
14237,99977.70572045099
14238,99977.70572045099
14239,99977.70572045099
14240,99977.70572045099
14241,99977.70572045099
14242,99977.70572045099
14243,99977.70572045099
14244,99977.70572045099
14245,99977.70572045099
14246,99977.70572045099
14247,99977.70572045099
14248,99977.70572045099
14249,99977.70572045099
14250,99977.70572045099
14251,99977.70572045099
14252,99977.70572045099
14253,99977.70572045099
14254,99977.70572045099
14255,99977.70572045099
14256,99977.70572045099
14257,99977.70572045099
14258,99977.70572045099
14259,99977.70572045099
14260,99977.70572045099
14261,99977.70572045099
14262,99977.70572045099
14263,99977.70572045099
14264,99977.70572045099
14265,99977.70572045099
14266,99977.70572045099
14267,99977.70572045099
14268,99977.70572045099
14269,99977.70572045099
14270,99977.70572045099
14271,99977.70572045099
14272,99977.70572045099
14273,99977.70572045099
14274,99977.70572045099
14275,99977.70572045099
14276,99977.70572045099
14277,99977.70572045099
14278,99977.70572045099
14279,99977.70572045099
14280,99977.70572045099
14281,99977.70572045099
14282,99977.70572045099
14283,99977.70572045099
14284,99977.70572045099
14285,99977.70572045099
14286,99977.70572045099
14287,99977.70572045099
14288,99977.70572045099
14289,99977.70572045099
14290,99977.70572045099
14291,99977.70572045099
14292,99977.70572045099
14293,99977.70572045099
14294,99977.70572045099
14295,99977.70572045099
14296,99977.70572045099
14297,99977.70572045099
14298,99977.70572045099
14299,99977.70572045099
14300,99977.70572045099
14301,99977.70572045099
14302,99977.70572045099
14303,99977.70572045099
14304,99977.70572045099
14305,99977.70572045099
14306,99977.70572045099
14307,99977.70572045099
14308,99977.70572045099
14309,99977.70572045099
14310,99977.70572045099
14311,99977.70572045099
14312,99977.70572045099
14313,99977.70572045099
14314,99977.70572045099
14315,99977.70572045099
14316,99977.70572045099
14317,99977.70572045099
14318,99977.70572045099
14319,99977.70572045099
14320,99977.70572045099
14321,99977.70572045099
14322,99977.70572045099
14323,99977.70572045099
14324,99977.70572045099
14325,99977.70572045099
14326,99977.70572045099
14327,99977.70572045099
14328,99977.70572045099
14329,99977.70572045099
14330,99977.70572045099
14331,99977.70572045099
14332,99977.70572045099
14333,99977.70572045099
14334,99977.70572045099
14335,99977.70572045099
14336,99977.70572045099
14337,99977.70572045099
14338,99977.70572045099
14339,99977.70572045099
14340,99977.70572045099
14341,99977.70572045099
14342,99977.70572045099
14343,99977.70572045099
14344,99977.70572045099
14345,99977.70572045099
14346,99977.70572045099
14347,99977.70572045099
14348,99977.70572045099
14349,99977.70572045099
14350,99977.70572045099
14351,99977.70572045099
14352,99977.70572045099
14353,99977.70572045099
14354,99977.66584500749
14355,99977.24033977668
14356,99976.85859778598
14357,99976.85859778598
14358,99976.85859778598
14359,99976.85859778598
14360,99976.85859778598
14361,99976.85859778598
14362,99976.85859778598
14363,99976.85859778598
14364,99976.85859778598
14365,99976.85859778598
14366,99976.85859778598
14367,99976.85859778598
14368,99976.85859778598
14369,99976.85859778598
14370,99976.85859778598
14371,99976.85859778598
14372,99976.7809970885
14373,99976.7809970885
14374,99976.7809970885
14375,99976.7809970885
14376,99976.7809970885
14377,99976.7809970885
14378,99976.7809970885
14379,99975.8420353712
14380,99975.8420353712
14381,99975.8420353712
14382,99975.8420353712
14383,99975.8420353712
14384,99975.8420353712
14385,99975.8420353712
14386,99975.8420353712
14387,99975.8420353712
14388,99975.8420353712
14389,99975.8420353712
14390,99975.8420353712
14391,99975.8420353712
14392,99975.8420353712
14393,99975.8420353712
14394,99975.8420353712
14395,99975.8420353712
14396,99975.8420353712
14397,99975.8420353712
14398,99975.8420353712
14399,99975.8420353712
14400,99975.8420353712
14401,99975.8420353712
14402,99975.8420353712
14403,99975.8420353712
14404,99975.8420353712
14405,99975.8420353712
14406,99975.8420353712
14407,99975.8420353712
14408,99975.8420353712
14409,99975.8420353712
14410,99975.8420353712
14411,99975.8420353712
14412,99975.8420353712
14413,99975.8420353712
14414,99975.8420353712
14415,99975.8420353712
14416,99975.8420353712
14417,99975.8420353712
14418,99975.8420353712
14419,99975.8420353712
14420,99975.8420353712
14421,99975.8420353712
14422,99975.8420353712
14423,99975.8420353712
14424,99975.8420353712
14425,99975.8420353712
14426,99975.8420353712
14427,99975.8420353712
14428,99975.8420353712
14429,99975.8420353712
14430,99975.8420353712
14431,99975.8420353712
14432,99975.8420353712
14433,99975.8420353712
14434,99975.8420353712
14435,99975.8420353712
14436,99975.8420353712
14437,99975.8420353712
14438,99975.8420353712
14439,99975.8420353712
14440,99975.8420353712
14441,99975.8420353712
14442,99975.8420353712
14443,99975.8420353712
14444,99975.8420353712
14445,99975.8420353712
14446,99975.8420353712
14447,99975.8420353712
14448,99975.8420353712
14449,99975.8420353712
14450,99975.8420353712
14451,99975.8420353712
14452,99975.8420353712
14453,99975.8420353712
14454,99975.8420353712
14455,99975.8420353712
14456,99975.8420353712
14457,99975.8420353712
14458,99975.8420353712
14459,99975.8420353712
14460,99975.8420353712
14461,99975.8420353712
14462,99975.8420353712
14463,99975.8420353712
14464,99975.8420353712
14465,99975.8420353712
14466,99975.8420353712
14467,99975.8420353712
14468,99975.8420353712
14469,99975.8420353712
14470,99975.8420353712
14471,99975.8420353712
14472,99975.8420353712
14473,99975.8420353712
14474,99975.8420353712
14475,99975.8420353712
14476,99975.8420353712
14477,99975.8420353712
14478,99975.8420353712
14479,99975.8420353712
14480,99975.8420353712
14481,99975.8420353712
14482,99975.8420353712
14483,99975.8420353712
14484,99975.8420353712
14485,99975.8420353712
14486,99975.8420353712
14487,99975.8420353712
14488,99975.8420353712
14489,99975.8420353712
14490,99975.8420353712
14491,99975.8420353712
14492,99975.8420353712
14493,99975.8420353712
14494,99975.8420353712
14495,99975.8420353712
14496,99975.8420353712
14497,99975.8420353712
14498,99975.8420353712
14499,99975.8420353712
14500,99975.8420353712
14501,99975.8420353712
14502,99975.8420353712
14503,99975.8420353712
14504,99975.8420353712
14505,99975.8420353712
14506,99975.8420353712
14507,99975.8420353712
14508,99975.8420353712
14509,99975.8420353712
14510,99975.8420353712
14511,99975.8420353712
14512,99975.8420353712
14513,99975.8420353712
14514,99975.8420353712
14515,99975.8420353712
14516,99975.8420353712
14517,99975.8420353712
14518,99975.8420353712
14519,99975.8420353712
14520,99975.8420353712
14521,99975.8420353712
14522,99975.8420353712
14523,99975.8420353712
14524,99975.8420353712
14525,99975.8420353712
14526,99975.8420353712
14527,99975.8420353712
14528,99975.8420353712
14529,99975.8420353712
14530,99975.8420353712
14531,99975.8420353712
14532,99975.8420353712
14533,99975.8420353712
14534,99975.8420353712
14535,99975.8420353712
14536,99975.8420353712
14537,99975.8420353712
14538,99975.8420353712
14539,99975.8420353712
14540,99975.8420353712
14541,99975.8420353712
14542,99975.8420353712
14543,99975.8420353712
14544,99975.8420353712
14545,99975.8420353712
14546,99975.8420353712
14547,99975.8420353712
14548,99975.8420353712
14549,99975.8420353712
14550,99975.8420353712
14551,99975.8420353712
14552,99975.8420353712
14553,99975.8420353712
14554,99975.8420353712
14555,99975.8420353712
14556,99975.8420353712
14557,99975.8420353712
14558,99975.8420353712
14559,99975.8420353712
14560,99975.8420353712
14561,99975.8420353712
14562,99975.8420353712
14563,99975.8420353712
14564,99975.8420353712
14565,99975.8420353712
14566,99975.8420353712
14567,99975.8420353712
14568,99975.8420353712
14569,99975.8420353712
14570,99975.8420353712
14571,99975.8420353712
14572,99975.8420353712
14573,99975.8420353712
14574,99975.8420353712
14575,99975.8420353712
14576,99975.8420353712
14577,99975.8420353712
14578,99975.8420353712
14579,99975.8420353712
14580,99975.8420353712
14581,99975.8420353712
14582,99975.8420353712
14583,99975.8420353712
14584,99975.8420353712
14585,99975.8420353712
14586,99975.8420353712
14587,99975.8420353712
14588,99975.8420353712
14589,99975.8420353712
14590,99975.8420353712
14591,99975.8420353712
14592,99975.8420353712
14593,99975.8420353712
14594,99975.8420353712
14595,99975.8420353712
14596,99975.8420353712
14597,99975.8420353712
14598,99975.8420353712
14599,99975.8420353712
14600,99975.8420353712
14601,99975.8420353712
14602,99975.8420353712
14603,99975.8420353712
14604,99975.8420353712
14605,99975.8420353712
14606,99975.8420353712
14607,99975.8420353712
14608,99975.8420353712
14609,99975.8420353712
14610,99975.8420353712
14611,99975.8420353712
14612,99975.8420353712
14613,99975.8420353712
14614,99975.8420353712
14615,99975.8420353712
14616,99975.8420353712
14617,99975.8420353712
14618,99975.8420353712
14619,99975.8420353712
14620,99975.8420353712
14621,99975.8420353712
14622,99975.8420353712
14623,99975.8420353712
14624,99975.8420353712
14625,99975.8420353712
14626,99975.8420353712
14627,99975.8420353712
14628,99975.8420353712
14629,99975.8420353712
14630,99975.8420353712
14631,99975.8420353712
14632,99975.8420353712
14633,99975.8420353712
14634,99975.8420353712
14635,99975.8420353712
14636,99975.8420353712
14637,99975.8420353712
14638,99975.8420353712
14639,99975.8420353712
14640,99975.8420353712
14641,99975.8420353712
14642,99975.8420353712
14643,99975.8420353712
14644,99975.8420353712
14645,99975.8420353712
14646,99975.8420353712
14647,99975.8420353712
14648,99975.8420353712
14649,99975.8420353712
14650,99975.8420353712
14651,99975.8420353712
14652,99975.8420353712
14653,99975.8420353712
14654,99975.8420353712
14655,99975.8420353712
14656,99975.8420353712
14657,99975.8420353712
14658,99975.8420353712
14659,99975.8420353712
14660,99975.8420353712
14661,99975.8420353712
14662,99975.8420353712
14663,99975.8420353712
14664,99975.8420353712
14665,99975.8420353712
14666,99975.8420353712
14667,99975.8420353712
14668,99975.8420353712
14669,99975.8420353712
14670,99975.8420353712
14671,99975.8420353712
14672,99975.8420353712
14673,99975.8420353712
14674,99975.8420353712
14675,99975.8420353712
14676,99975.8420353712
14677,99975.8420353712
14678,99975.8420353712
14679,99975.8420353712
14680,99975.8420353712
14681,99975.8420353712
14682,99975.8420353712
14683,99975.8420353712
14684,99975.8420353712
14685,99975.8420353712
14686,99975.8420353712
14687,99975.8420353712
14688,99975.8420353712
14689,99975.8420353712
14690,99975.8420353712
14691,99975.8420353712
14692,99975.8420353712
14693,99975.8420353712
14694,99975.8420353712
14695,99975.8420353712
14696,99975.8420353712
14697,99975.8420353712
14698,99975.8420353712
14699,99975.8420353712
14700,99975.8420353712
14701,99975.8420353712
14702,99975.8420353712
14703,99975.8420353712
14704,99975.8420353712
14705,99975.8420353712
14706,99975.8420353712
14707,99975.8420353712
14708,99975.8420353712
14709,99975.8420353712
14710,99975.8420353712
14711,99975.8420353712
14712,99975.8420353712
14713,99975.8420353712
14714,99975.8420353712
14715,99975.8420353712
14716,99975.8420353712
14717,99975.8420353712
14718,99975.8420353712
14719,99975.8420353712
14720,99975.8420353712
14721,99975.8420353712
14722,99975.8420353712
14723,99975.8420353712
14724,99975.8420353712
14725,99975.8420353712
14726,99975.8420353712
14727,99975.8420353712
14728,99975.8420353712
14729,99975.8420353712
14730,99975.8420353712
14731,99975.8420353712
14732,99975.8420353712
14733,99975.8420353712
14734,99975.8420353712
14735,99975.8420353712
14736,99975.8420353712
14737,99975.8420353712
14738,99975.8420353712
14739,99975.8420353712
14740,99975.8420353712
14741,99975.8420353712
14742,99975.8420353712
14743,99975.8420353712
14744,99975.8420353712
14745,99975.8420353712
14746,99975.8420353712
14747,99975.8420353712
14748,99975.8420353712
14749,99975.8420353712
14750,99975.8420353712
14751,99975.8420353712
14752,99975.8420353712
14753,99975.8420353712
14754,99975.8420353712
14755,99975.8420353712
14756,99975.8420353712
14757,99975.8420353712
14758,99975.8420353712
14759,99975.8420353712
14760,99975.8420353712
14761,99975.8420353712
14762,99975.8420353712
14763,99975.8420353712
14764,99975.8420353712
14765,99975.8420353712
14766,99975.8420353712
14767,99975.8420353712
14768,99975.8420353712
14769,99975.8420353712
14770,99975.8420353712
14771,99975.8420353712
14772,99975.8420353712
14773,99975.8420353712
14774,99975.8420353712
14775,99975.8420353712
14776,99975.8420353712
14777,99975.77876285897
14778,99975.77876285897
14779,99975.18866028948
14780,99975.18866028948
14781,99975.18866028948
14782,99975.18866028948
14783,99975.18866028948
14784,99975.18866028948
14785,99975.18866028948
14786,99975.18866028948
14787,99975.18866028948
14788,99975.18866028948
14789,99975.18866028948
14790,99975.18866028948
14791,99975.18866028948
14792,99975.18866028948
14793,99975.18866028948
14794,99975.18866028948
14795,99975.18866028948
14796,99975.18866028948
14797,99975.18866028948
14798,99975.18866028948
14799,99975.18866028948
14800,99975.18866028948
14801,99975.18866028948
14802,99975.18866028948
14803,99975.18866028948
14804,99975.18866028948
14805,99975.18866028948
14806,99975.18866028948
14807,99975.18866028948
14808,99975.18866028948
14809,99975.18866028948
14810,99975.18866028948
14811,99975.18866028948
14812,99975.18866028948
14813,99975.18866028948
14814,99975.18866028948
14815,99975.18866028948
14816,99975.18866028948
14817,99975.18866028948
14818,99975.18866028948
14819,99975.18866028948
14820,99975.18866028948
14821,99975.18866028948
14822,99975.18866028948
14823,99975.18866028948
14824,99975.18866028948
14825,99975.18866028948
14826,99975.18866028948
14827,99975.18866028948
14828,99975.18866028948
14829,99975.18866028948
14830,99975.18866028948
14831,99975.18866028948
14832,99975.18866028948
14833,99975.18866028948
14834,99975.18866028948
14835,99975.18866028948
14836,99975.18866028948
14837,99975.18866028948
14838,99975.18866028948
14839,99975.18866028948
14840,99975.18866028948
14841,99975.18866028948
14842,99975.18866028948
14843,99975.18866028948
14844,99975.18866028948
14845,99975.18866028948
14846,99975.18866028948
14847,99975.18866028948
14848,99975.18866028948
14849,99975.18866028948
14850,99975.18866028948
14851,99975.18866028948
14852,99975.18866028948
14853,99975.18866028948
14854,99975.18866028948
14855,99975.18866028948
14856,99975.18866028948
14857,99975.18866028948
14858,99975.18866028948
14859,99975.18866028948
14860,99975.18866028948
14861,99975.18866028948
14862,99975.18866028948
14863,99975.18866028948
14864,99975.18866028948
14865,99975.18866028948
14866,99975.18866028948
14867,99975.18866028948
14868,99975.18866028948
14869,99975.18866028948
14870,99975.18866028948
14871,99975.18866028948
14872,99975.18866028948
14873,99975.18866028948
14874,99975.18866028948
14875,99975.18866028948
14876,99975.18866028948
14877,99975.18866028948
14878,99975.18866028948
14879,99975.18866028948
14880,99975.18866028948
14881,99975.18866028948
14882,99975.18866028948
14883,99975.18866028948
14884,99975.18866028948
14885,99975.18866028948
14886,99975.18866028948
14887,99975.18866028948
14888,99975.18866028948
14889,99975.18866028948
14890,99975.18866028948
14891,99975.18866028948
14892,99975.18866028948
14893,99975.18866028948
14894,99975.18866028948
14895,99975.18866028948
14896,99975.18866028948
14897,99975.18866028948
14898,99975.18866028948
14899,99975.18866028948
14900,99975.18866028948
14901,99975.18866028948
14902,99975.18866028948
14903,99975.18866028948
14904,99975.18866028948
14905,99975.18866028948
14906,99975.18866028948
14907,99975.18866028948
14908,99975.18866028948
14909,99975.18866028948
14910,99975.18866028948
14911,99975.18866028948
14912,99975.18866028948
14913,99975.18866028948
14914,99975.18866028948
14915,99975.18866028948
14916,99975.18866028948
14917,99975.18866028948
14918,99975.18866028948
14919,99975.18866028948
14920,99975.18866028948
14921,99975.18866028948
14922,99975.18866028948
14923,99975.18866028948
14924,99975.18866028948
14925,99975.18866028948
14926,99975.18866028948
14927,99975.18866028948
14928,99975.18866028948
14929,99975.18866028948
14930,99975.18866028948
14931,99975.18866028948
14932,99975.18866028948
14933,99975.18866028948
14934,99975.18866028948
14935,99975.18866028948
14936,99975.18866028948
14937,99975.18866028948
14938,99975.18866028948
14939,99975.18866028948
14940,99975.18866028948
14941,99975.18866028948
14942,99975.18866028948
14943,99975.18866028948
14944,99975.18866028948
14945,99975.18866028948
14946,99975.18866028948
14947,99975.18866028948
14948,99975.18866028948
14949,99975.18866028948
14950,99975.18866028948
14951,99975.18866028948
14952,99975.18866028948
14953,99975.18866028948
14954,99975.18866028948
14955,99975.18866028948
14956,99975.18866028948
14957,99975.18866028948
14958,99975.18866028948
14959,99975.12369915325
14960,99975.12369915325
14961,99975.12369915325
14962,99975.73375195047
14963,99975.73375195047
14964,99975.73375195047
14965,99975.73375195047
14966,99975.73375195047
14967,99975.73375195047
14968,99975.73375195047
14969,99975.73375195047
14970,99975.73375195047
14971,99975.73375195047
14972,99975.73375195047
14973,99975.73375195047
14974,99975.73375195047
14975,99975.73375195047
14976,99975.73375195047
14977,99975.73375195047
14978,99975.73375195047
14979,99975.73375195047
14980,99975.73375195047
14981,99975.73375195047
14982,99975.73375195047
14983,99975.73375195047
14984,99975.73375195047
14985,99975.73375195047
14986,99975.73375195047
14987,99975.73375195047
14988,99975.73375195047
14989,99975.73375195047
14990,99975.73375195047
14991,99975.73375195047
14992,99975.73375195047
14993,99975.73375195047
14994,99975.73375195047
14995,99975.73375195047
14996,99975.73375195047
14997,99975.73375195047
14998,99975.73375195047
14999,99975.73375195047
15000,99975.73375195047
15001,99975.73375195047
15002,99975.73375195047
15003,99975.73375195047
15004,99975.73375195047
15005,99975.73375195047
15006,99975.73375195047
15007,99975.73375195047
15008,99975.73375195047
15009,99975.73375195047
15010,99975.73375195047
15011,99975.73375195047
15012,99975.73375195047
15013,99975.73375195047
15014,99975.73375195047
15015,99975.73375195047
15016,99975.73375195047
15017,99975.73375195047
15018,99975.73375195047
15019,99975.73375195047
15020,99975.73375195047
15021,99975.73375195047
15022,99975.73375195047
15023,99975.73375195047
15024,99975.73375195047
15025,99975.73375195047
15026,99975.73375195047
15027,99975.73375195047
15028,99975.73375195047
15029,99975.73375195047
15030,99975.73375195047
15031,99975.73375195047
15032,99975.73375195047
15033,99975.73375195047
15034,99975.73375195047
15035,99975.73375195047
15036,99975.73375195047
15037,99975.73375195047
15038,99975.73375195047
15039,99975.73375195047
15040,99975.73375195047
15041,99975.73375195047
15042,99975.73375195047
15043,99975.73375195047
15044,99975.73375195047
15045,99975.73375195047
15046,99975.73375195047
15047,99975.73375195047
15048,99975.73375195047
15049,99975.73375195047
15050,99975.73375195047
15051,99975.73375195047
15052,99975.73375195047
15053,99975.73375195047
15054,99975.73375195047
15055,99975.73375195047
15056,99975.73375195047
15057,99975.73375195047
15058,99975.73375195047
15059,99975.73375195047
15060,99975.73375195047
15061,99975.73375195047
15062,99975.73375195047
15063,99975.73375195047
15064,99975.73375195047
15065,99975.73375195047
15066,99975.73375195047
15067,99975.73375195047
15068,99975.73375195047
15069,99975.73375195047
15070,99975.73375195047
15071,99975.73375195047
15072,99975.73375195047
15073,99975.73375195047
15074,99975.73375195047
15075,99975.73375195047
15076,99975.73375195047
15077,99975.73375195047
15078,99975.73375195047
15079,99975.73375195047
15080,99975.73375195047
15081,99975.73375195047
15082,99975.73375195047
15083,99975.73375195047
15084,99975.73375195047
15085,99975.73375195047
15086,99975.73375195047
15087,99975.73375195047
15088,99975.73375195047
15089,99975.73375195047
15090,99975.73375195047
15091,99975.73375195047
15092,99975.73375195047
15093,99975.73375195047
15094,99975.73375195047
15095,99975.73375195047
15096,99975.73375195047
15097,99975.73375195047
15098,99975.73375195047
15099,99975.73375195047
15100,99975.73375195047
15101,99975.73375195047
15102,99975.73375195047
15103,99975.73375195047
15104,99975.73375195047
15105,99975.73375195047
15106,99975.73375195047
15107,99975.73375195047
15108,99975.73375195047
15109,99975.73375195047
15110,99975.73375195047
15111,99975.73375195047
15112,99975.73375195047
15113,99975.73375195047
15114,99975.73375195047
15115,99975.73375195047
15116,99975.73375195047
15117,99975.73375195047
15118,99975.73375195047
15119,99975.73375195047
15120,99975.73375195047
15121,99975.73375195047
15122,99975.73375195047
15123,99975.73375195047
15124,99975.73375195047
15125,99975.73375195047
15126,99975.73375195047
15127,99975.73375195047
15128,99975.73375195047
15129,99975.73375195047
15130,99975.73375195047
15131,99975.73375195047
15132,99975.73375195047
15133,99975.73375195047
15134,99975.73375195047
15135,99975.73375195047
15136,99975.73375195047
15137,99975.73375195047
15138,99975.73375195047
15139,99975.73375195047
15140,99975.73375195047
15141,99975.73375195047
15142,99975.73375195047
15143,99975.73375195047
15144,99975.73375195047
15145,99975.73375195047
15146,99975.73375195047
15147,99975.73375195047
15148,99975.73375195047
15149,99975.73375195047
15150,99975.73375195047
15151,99975.73375195047
15152,99975.73375195047
15153,99975.73375195047
15154,99975.73375195047
15155,99975.73375195047
15156,99975.73375195047
15157,99975.73375195047
15158,99975.73375195047
15159,99975.73375195047
15160,99975.73375195047
15161,99975.73375195047
15162,99975.73375195047
15163,99975.73375195047
15164,99975.73375195047
15165,99975.73375195047
15166,99975.73375195047
15167,99975.73375195047
15168,99975.73375195047
15169,99975.73375195047
15170,99975.73375195047
15171,99975.73375195047
15172,99975.73375195047
15173,99975.73375195047
15174,99975.73375195047
15175,99975.73375195047
15176,99975.73375195047
15177,99975.73375195047
15178,99975.73375195047
15179,99975.73375195047
15180,99975.73375195047
15181,99975.73375195047
15182,99975.73375195047
15183,99975.73375195047
15184,99975.73375195047
15185,99975.73375195047
15186,99975.73375195047
15187,99975.73375195047
15188,99975.73375195047
15189,99975.73375195047
15190,99975.73375195047
15191,99975.73375195047
15192,99975.73375195047
15193,99975.73375195047
15194,99975.73375195047
15195,99975.73375195047
15196,99975.73375195047
15197,99975.73375195047
15198,99975.73375195047
15199,99975.73375195047
15200,99975.73375195047
15201,99975.73375195047
15202,99975.73375195047
15203,99975.73375195047
15204,99975.73375195047
15205,99975.73375195047
15206,99975.73375195047
15207,99975.73375195047
15208,99975.73375195047
15209,99975.73375195047
15210,99975.73375195047
15211,99975.73375195047
15212,99975.73375195047
15213,99975.73375195047
15214,99975.73375195047
15215,99975.73375195047
15216,99975.73375195047
15217,99975.73375195047
15218,99975.73375195047
15219,99975.73375195047
15220,99975.73375195047
15221,99975.73375195047
15222,99975.73375195047
15223,99975.73375195047
15224,99975.73375195047
15225,99975.73375195047
15226,99975.73375195047
15227,99975.73375195047
15228,99975.73375195047
15229,99975.73375195047
15230,99975.73375195047
15231,99975.73375195047
15232,99975.73375195047
15233,99975.73375195047
15234,99975.73375195047
15235,99975.73375195047
15236,99975.73375195047
15237,99975.73375195047
15238,99975.73375195047
15239,99975.73375195047
15240,99975.73375195047
15241,99975.73375195047
15242,99975.73375195047
15243,99975.73375195047
15244,99975.73375195047
15245,99975.73375195047
15246,99975.73375195047
15247,99975.73375195047
15248,99975.73375195047
15249,99975.73375195047
15250,99975.73375195047
15251,99975.73375195047
15252,99975.73375195047
15253,99975.73375195047
15254,99975.73375195047
15255,99975.73375195047
15256,99975.73375195047
15257,99975.73375195047
15258,99975.73375195047
15259,99975.73375195047
15260,99975.73375195047
15261,99975.73375195047
15262,99975.73375195047
15263,99975.73375195047
15264,99975.73375195047
15265,99975.73375195047
15266,99975.73375195047
15267,99975.73375195047
15268,99975.73375195047
15269,99975.73375195047
15270,99975.73375195047
15271,99975.73375195047
15272,99975.73375195047
15273,99975.73375195047
15274,99975.73375195047
15275,99975.73375195047
15276,99975.73375195047
15277,99975.73375195047
15278,99975.73375195047
15279,99975.73375195047
15280,99975.73375195047
15281,99975.73375195047
15282,99975.73375195047
15283,99975.73375195047
15284,99975.73375195047
15285,99975.73375195047
15286,99975.73375195047
15287,99975.73375195047
15288,99975.73375195047
15289,99975.73375195047
15290,99975.73375195047
15291,99975.73375195047
15292,99975.73375195047
15293,99975.73375195047
15294,99975.73375195047
15295,99975.73375195047
15296,99975.73375195047
15297,99975.73375195047
15298,99975.73375195047
15299,99975.73375195047
15300,99975.73375195047
15301,99975.73375195047
15302,99975.73375195047
15303,99975.73375195047
15304,99975.73375195047
15305,99975.73375195047
15306,99975.73375195047
15307,99975.73375195047
15308,99975.73375195047
15309,99975.73375195047
15310,99975.73375195047
15311,99975.73375195047
15312,99975.73375195047
15313,99975.73375195047
15314,99975.73375195047
15315,99975.73375195047
15316,99975.73375195047
15317,99975.73375195047
15318,99975.73375195047
15319,99975.73375195047
15320,99975.73375195047
15321,99975.73375195047
15322,99975.73375195047
15323,99975.73375195047
15324,99975.73375195047
15325,99975.73375195047
15326,99975.73375195047
15327,99975.73375195047
15328,99975.73375195047
15329,99975.73375195047
15330,99975.73375195047
15331,99975.73375195047
15332,99975.73375195047
15333,99975.73375195047
15334,99975.73375195047
15335,99975.73375195047
15336,99975.73375195047
15337,99975.73375195047
15338,99975.73375195047
15339,99975.73375195047
15340,99975.73375195047
15341,99975.73375195047
15342,99975.73375195047
15343,99975.73375195047
15344,99975.73375195047
15345,99975.73375195047
15346,99975.73375195047
15347,99975.73375195047
15348,99975.73375195047
15349,99975.73375195047
15350,99975.73375195047
15351,99975.73375195047
15352,99975.73375195047
15353,99975.73375195047
15354,99975.73375195047
15355,99975.73375195047
15356,99975.73375195047
15357,99975.73375195047
15358,99975.73375195047
15359,99975.73375195047
15360,99975.73375195047
15361,99975.73375195047
15362,99975.73375195047
15363,99975.73375195047
15364,99975.73375195047
15365,99975.73375195047
15366,99975.73375195047
15367,99975.73375195047
15368,99975.73375195047
15369,99975.73375195047
15370,99975.73375195047
15371,99975.73375195047
15372,99975.73375195047
15373,99975.73375195047
15374,99975.73375195047
15375,99975.73375195047
15376,99975.73375195047
15377,99975.73375195047
15378,99975.73375195047
15379,99975.73375195047
15380,99975.73375195047
15381,99975.73375195047
15382,99975.73375195047
15383,99975.73375195047
15384,99975.73375195047
15385,99975.73375195047
15386,99975.73375195047
15387,99975.73375195047
15388,99975.73375195047
15389,99975.73375195047
15390,99975.73375195047
15391,99975.73375195047
15392,99975.73375195047
15393,99975.73375195047
15394,99975.73375195047
15395,99975.73375195047
15396,99975.73375195047
15397,99975.73375195047
15398,99975.73375195047
15399,99975.73375195047
15400,99975.73375195047
15401,99975.73375195047
15402,99975.73375195047
15403,99975.73375195047
15404,99975.73375195047
15405,99975.73375195047
15406,99975.73375195047
15407,99975.73375195047
15408,99975.73375195047
15409,99975.73375195047
15410,99975.73375195047
15411,99975.73375195047
15412,99975.73375195047
15413,99975.73375195047
15414,99975.73375195047
15415,99975.73375195047
15416,99975.73375195047
15417,99975.73375195047
15418,99975.73375195047
15419,99975.73375195047
15420,99975.73375195047
15421,99975.73375195047
15422,99975.73375195047
15423,99975.73375195047
15424,99975.73375195047
15425,99975.73375195047
15426,99975.73375195047
15427,99975.73375195047
15428,99975.73375195047
15429,99975.73375195047
15430,99975.73375195047
15431,99975.73375195047
15432,99975.73375195047
15433,99975.73375195047
15434,99975.73375195047
15435,99975.73375195047
15436,99975.73375195047
15437,99975.73375195047
15438,99975.73375195047
15439,99975.73375195047
15440,99975.73375195047
15441,99975.73375195047
15442,99975.73375195047
15443,99975.73375195047
15444,99975.73375195047
15445,99975.73375195047
15446,99975.73375195047
15447,99975.73375195047
15448,99975.73375195047
15449,99975.73375195047
15450,99975.73375195047
15451,99975.73375195047
15452,99975.73375195047
15453,99975.73375195047
15454,99975.73375195047
15455,99975.73375195047
15456,99975.73375195047
15457,99975.73375195047
15458,99975.73375195047
15459,99975.73375195047
15460,99975.73375195047
15461,99975.73375195047
15462,99975.73375195047
15463,99975.73375195047
15464,99975.73375195047
15465,99975.73375195047
15466,99975.73375195047
15467,99975.73375195047
15468,99975.73375195047
15469,99975.73375195047
15470,99975.73375195047
15471,99975.73375195047
15472,99975.73375195047
15473,99975.73375195047
15474,99975.73375195047
15475,99975.73375195047
15476,99975.73375195047
15477,99975.73375195047
15478,99975.73375195047
15479,99975.73375195047
15480,99975.73375195047
15481,99975.73375195047
15482,99975.73375195047
15483,99975.73375195047
15484,99975.73375195047
15485,99975.73375195047
15486,99975.73375195047
15487,99975.73375195047
15488,99975.73375195047
15489,99975.73375195047
15490,99975.73375195047
15491,99975.73375195047
15492,99975.73375195047
15493,99975.73375195047
15494,99975.73375195047
15495,99975.73375195047
15496,99975.73375195047
15497,99975.73375195047
15498,99975.73375195047
15499,99975.73375195047
15500,99975.73375195047
15501,99975.73375195047
15502,99975.73375195047
15503,99975.73375195047
15504,99975.73375195047
15505,99975.73375195047
15506,99975.73375195047
15507,99975.73375195047
15508,99975.73375195047
15509,99975.73375195047
15510,99975.73375195047
15511,99975.73375195047
15512,99975.73375195047
15513,99975.73375195047
15514,99975.73375195047
15515,99975.73375195047
15516,99975.73375195047
15517,99975.73375195047
15518,99975.73375195047
15519,99975.73375195047
15520,99975.73375195047
15521,99975.73375195047
15522,99975.73375195047
15523,99975.73375195047
15524,99975.73375195047
15525,99975.73375195047
15526,99975.73375195047
15527,99975.73375195047
15528,99975.73375195047
15529,99975.73375195047
15530,99975.73375195047
15531,99975.73375195047
15532,99975.73375195047
15533,99975.73375195047
15534,99975.73375195047
15535,99975.73375195047
15536,99975.73375195047
15537,99975.73375195047
15538,99975.73375195047
15539,99975.73375195047
15540,99975.73375195047
15541,99975.73375195047
15542,99975.73375195047
15543,99975.73375195047
15544,99975.73375195047
15545,99975.73375195047
15546,99975.73375195047
15547,99975.73375195047
15548,99975.73375195047
15549,99975.73375195047
15550,99975.73375195047
15551,99975.73375195047
15552,99975.73375195047
15553,99975.73375195047
15554,99975.73375195047
15555,99975.73375195047
15556,99975.73375195047
15557,99975.73375195047
15558,99975.73375195047
15559,99975.73375195047
15560,99975.73375195047
15561,99975.73375195047
15562,99975.73375195047
15563,99975.73375195047
15564,99975.73375195047
15565,99975.73375195047
15566,99975.73375195047
15567,99975.73375195047
15568,99975.73375195047
15569,99975.73375195047
15570,99975.73375195047
15571,99975.73375195047
15572,99975.73375195047
15573,99975.73375195047
15574,99975.73375195047
15575,99975.73375195047
15576,99975.73375195047
15577,99975.73375195047
15578,99975.73375195047
15579,99975.73375195047
15580,99975.73375195047
15581,99975.73375195047
15582,99975.73375195047
15583,99975.73375195047
15584,99975.73375195047
15585,99975.73375195047
15586,99975.73375195047
15587,99975.73375195047
15588,99975.73375195047
15589,99975.73375195047
15590,99975.73375195047
15591,99975.73375195047
15592,99975.73375195047
15593,99975.73375195047
15594,99975.73375195047
15595,99975.73375195047
15596,99975.73375195047
15597,99975.73375195047
15598,99975.73375195047
15599,99975.73375195047
15600,99975.73375195047
15601,99975.73375195047
15602,99975.73375195047
15603,99975.73375195047
15604,99975.73375195047
15605,99975.73375195047
15606,99975.73375195047
15607,99975.73375195047
15608,99975.73375195047
15609,99975.73375195047
15610,99975.73375195047
15611,99975.73375195047
15612,99975.73375195047
15613,99975.73375195047
15614,99975.73375195047
15615,99975.73375195047
15616,99975.73375195047
15617,99975.73375195047
15618,99975.73375195047
15619,99975.73375195047
15620,99975.73375195047
15621,99975.73375195047
15622,99975.73375195047
15623,99975.73375195047
15624,99975.73375195047
15625,99975.73375195047
15626,99975.73375195047
15627,99975.73375195047
15628,99975.73375195047
15629,99975.73375195047
15630,99975.73375195047
15631,99975.73375195047
15632,99975.73375195047
15633,99975.66067695092
15634,99975.66067695092
15635,99975.66067695092
15636,99976.22398776322
15637,99976.22398776322
15638,99976.22398776322
15639,99976.22398776322
15640,99976.22398776322
15641,99976.22398776322
15642,99976.22398776322
15643,99976.22398776322
15644,99976.22398776322
15645,99976.22398776322
15646,99976.22398776322
15647,99976.22398776322
15648,99976.22398776322
15649,99976.22398776322
15650,99976.18786157189
15651,99976.18786157189
15652,99976.65256668879
15653,99976.65256668879
15654,99976.65256668879
15655,99976.65256668879
15656,99976.65256668879
15657,99976.65256668879
15658,99976.65256668879
15659,99976.65256668879
15660,99976.65256668879
15661,99976.65256668879
15662,99976.65256668879
15663,99976.65256668879
15664,99976.65256668879
15665,99976.65256668879
15666,99976.65256668879
15667,99976.65256668879
15668,99976.65256668879
15669,99976.65256668879
15670,99976.65256668879
15671,99976.65256668879
15672,99976.65256668879
15673,99976.65256668879
15674,99976.65256668879
15675,99976.65256668879
15676,99976.65256668879
15677,99976.65256668879
15678,99976.65256668879
15679,99976.65256668879
15680,99976.65256668879
15681,99976.65256668879
15682,99976.65256668879
15683,99976.65256668879
15684,99976.65256668879
15685,99976.65256668879
15686,99976.65256668879
15687,99976.65256668879
15688,99976.65256668879
15689,99976.65256668879
15690,99976.65256668879
15691,99976.65256668879
15692,99976.65256668879
15693,99976.65256668879
15694,99976.65256668879
15695,99976.65256668879
15696,99976.65256668879
15697,99976.65256668879
15698,99976.65256668879
15699,99976.65256668879
15700,99976.65256668879
15701,99976.65256668879
15702,99976.65256668879
15703,99976.65256668879
15704,99976.65256668879
15705,99976.65256668879
15706,99976.65256668879
15707,99976.65256668879
15708,99976.65256668879
15709,99976.65256668879
15710,99976.65256668879
15711,99976.65256668879
15712,99976.65256668879
15713,99976.65256668879
15714,99976.65256668879
15715,99976.65256668879
15716,99976.65256668879
15717,99976.65256668879
15718,99976.65256668879
15719,99976.65256668879
15720,99976.65256668879
15721,99976.65256668879
15722,99976.65256668879
15723,99976.65256668879
15724,99976.65256668879
15725,99976.65256668879
15726,99976.65256668879
15727,99976.65256668879
15728,99976.65256668879
15729,99976.65256668879
15730,99976.65256668879
15731,99976.65256668879
15732,99976.65256668879
15733,99976.65256668879
15734,99976.65256668879
15735,99976.65256668879
15736,99976.65256668879
15737,99976.65256668879
15738,99976.65256668879
15739,99976.65256668879
15740,99976.65256668879
15741,99976.65256668879
15742,99976.65256668879
15743,99976.65256668879
15744,99976.65256668879
15745,99976.65256668879
15746,99976.65256668879
15747,99976.65256668879
15748,99976.65256668879
15749,99976.65256668879
15750,99976.65256668879
15751,99976.65256668879
15752,99976.65256668879
15753,99976.65256668879
15754,99976.65256668879
15755,99976.65256668879
15756,99976.65256668879
15757,99976.65256668879
15758,99976.65256668879
15759,99976.65256668879
15760,99976.65256668879
15761,99976.65256668879
15762,99976.65256668879
15763,99976.65256668879
15764,99976.65256668879
15765,99976.65256668879
15766,99976.65256668879
15767,99976.65256668879
15768,99976.65256668879
15769,99976.65256668879
15770,99976.65256668879
15771,99976.65256668879
15772,99976.65256668879
15773,99976.65256668879
15774,99976.65256668879
15775,99976.65256668879
15776,99976.65256668879
15777,99976.65256668879
15778,99976.65256668879
15779,99976.65256668879
15780,99976.65256668879
15781,99976.65256668879
15782,99976.65256668879
15783,99976.65256668879
15784,99976.65256668879
15785,99976.65256668879
15786,99976.65256668879
15787,99976.65256668879
15788,99976.65256668879
15789,99976.65256668879
15790,99976.65256668879
15791,99976.65256668879
15792,99976.65256668879
15793,99976.65256668879
15794,99976.65256668879
15795,99976.65256668879
15796,99976.65256668879
15797,99976.65256668879
15798,99976.65256668879
15799,99976.65256668879
15800,99976.65256668879
15801,99976.65256668879
15802,99976.65256668879
15803,99976.65256668879
15804,99976.65256668879
15805,99976.65256668879
15806,99976.65256668879
15807,99976.65256668879
15808,99976.65256668879
15809,99976.65256668879
15810,99976.65256668879
15811,99976.65256668879
15812,99976.65256668879
15813,99976.65256668879
15814,99976.65256668879
15815,99976.65256668879
15816,99976.65256668879
15817,99976.65256668879
15818,99976.65256668879
15819,99976.65256668879
15820,99976.65256668879
15821,99976.65256668879
15822,99976.65256668879
15823,99976.65256668879
15824,99976.65256668879
15825,99976.65256668879
15826,99976.65256668879
15827,99976.65256668879
15828,99976.65256668879
15829,99976.65256668879
15830,99976.65256668879
15831,99976.65256668879
15832,99976.65256668879
15833,99976.65256668879
15834,99976.65256668879
15835,99976.65256668879
15836,99976.65256668879
15837,99976.65256668879
15838,99976.65256668879
15839,99976.65256668879
15840,99976.65256668879
15841,99976.65256668879
15842,99976.65256668879
15843,99976.65256668879
15844,99976.65256668879
15845,99976.65256668879
15846,99976.65256668879
15847,99976.65256668879
15848,99976.65256668879
15849,99976.65256668879
15850,99976.65256668879
15851,99976.65256668879
15852,99976.65256668879
15853,99976.65256668879
15854,99976.65256668879
15855,99976.65256668879
15856,99976.65256668879
15857,99976.65256668879
15858,99976.65256668879
15859,99976.65256668879
15860,99976.65256668879
15861,99976.65256668879
15862,99976.65256668879
15863,99976.65256668879
15864,99976.65256668879
15865,99976.65256668879
15866,99976.65256668879
15867,99976.65256668879
15868,99976.65256668879
15869,99976.65256668879
15870,99976.65256668879
15871,99976.65256668879
15872,99976.65256668879
15873,99976.65256668879
15874,99976.65256668879
15875,99976.65256668879
15876,99976.65256668879
15877,99976.65256668879
15878,99976.65256668879
15879,99976.65256668879
15880,99976.65256668879
15881,99976.65256668879
15882,99976.65256668879
15883,99976.65256668879
15884,99976.65256668879
15885,99976.65256668879
15886,99976.65256668879
15887,99976.65256668879
15888,99976.65256668879
15889,99976.65256668879
15890,99976.65256668879
15891,99976.65256668879
15892,99976.65256668879
15893,99976.65256668879
15894,99976.65256668879
15895,99976.65256668879
15896,99976.65256668879
15897,99976.65256668879
15898,99976.65256668879
15899,99976.65256668879
15900,99976.65256668879
15901,99976.65256668879
15902,99976.65256668879
15903,99976.65256668879
15904,99976.65256668879
15905,99976.65256668879
15906,99976.65256668879
15907,99976.65256668879
15908,99976.65256668879
15909,99976.65256668879
15910,99976.65256668879
15911,99976.65256668879
15912,99976.65256668879
15913,99976.65256668879
15914,99976.65256668879
15915,99976.65256668879
15916,99976.65256668879
15917,99976.65256668879
15918,99976.65256668879
15919,99976.65256668879
15920,99976.65256668879
15921,99976.65256668879
15922,99976.65256668879
15923,99976.65256668879
15924,99976.65256668879
15925,99976.65256668879
15926,99976.65256668879
15927,99976.65256668879
15928,99976.65256668879
15929,99976.65256668879
15930,99976.65256668879
15931,99976.65256668879
15932,99976.65256668879
15933,99976.65256668879
15934,99976.65256668879
15935,99976.65256668879
15936,99976.65256668879
15937,99976.65256668879
15938,99976.65256668879
15939,99976.65256668879
15940,99976.65256668879
15941,99976.65256668879
15942,99976.65256668879
15943,99976.65256668879
15944,99976.65256668879
15945,99976.65256668879
15946,99976.65256668879
15947,99976.65256668879
15948,99976.65256668879
15949,99976.65256668879
15950,99976.65256668879
15951,99976.65256668879
15952,99976.65256668879
15953,99976.65256668879
15954,99976.65256668879
15955,99976.65256668879
15956,99976.65256668879
15957,99976.65256668879
15958,99976.65256668879
15959,99976.65256668879
15960,99976.65256668879
15961,99976.65256668879
15962,99976.65256668879
15963,99976.65256668879
15964,99976.65256668879
15965,99976.65256668879
15966,99976.65256668879
15967,99976.65256668879
15968,99976.65256668879
15969,99976.65256668879
15970,99976.65256668879
15971,99976.65256668879
15972,99976.65256668879
15973,99976.65256668879
15974,99976.65256668879
15975,99976.65256668879
15976,99976.65256668879
15977,99976.65256668879
15978,99976.65256668879
15979,99976.65256668879
15980,99976.65256668879
15981,99976.65256668879
15982,99976.65256668879
15983,99976.65256668879
15984,99976.65256668879
15985,99976.65256668879
15986,99976.65256668879
15987,99976.65256668879
15988,99976.65256668879
15989,99976.65256668879
15990,99976.65256668879
15991,99976.65256668879
15992,99976.65256668879
15993,99976.65256668879
15994,99976.65256668879
15995,99976.65256668879
15996,99976.65256668879
15997,99976.65256668879
15998,99976.65256668879
15999,99976.65256668879
16000,99976.65256668879
16001,99976.65256668879
16002,99976.65256668879
16003,99976.65256668879
16004,99976.65256668879
16005,99976.65256668879
16006,99976.65256668879
16007,99976.65256668879
16008,99976.65256668879
16009,99976.65256668879
16010,99976.65256668879
16011,99976.65256668879
16012,99976.65256668879
16013,99976.65256668879
16014,99976.65256668879
16015,99976.65256668879
16016,99976.65256668879
16017,99976.65256668879
16018,99976.65256668879
16019,99976.65256668879
16020,99976.65256668879
16021,99976.65256668879
16022,99976.65256668879
16023,99976.65256668879
16024,99976.65256668879
16025,99976.65256668879
16026,99976.65256668879
16027,99976.65256668879
16028,99976.65256668879
16029,99976.65256668879
16030,99976.65256668879
16031,99976.65256668879
16032,99976.65256668879
16033,99976.65256668879
16034,99976.65256668879
16035,99976.65256668879
16036,99976.65256668879
16037,99976.65256668879
16038,99976.65256668879
16039,99976.65256668879
16040,99976.65256668879
16041,99976.65256668879
16042,99976.65256668879
16043,99976.65256668879
16044,99976.65256668879
16045,99976.65256668879
16046,99976.65256668879
16047,99976.65256668879
16048,99976.65256668879
16049,99976.65256668879
16050,99976.65256668879
16051,99976.65256668879
16052,99976.65256668879
16053,99976.65256668879
16054,99976.65256668879
16055,99976.65256668879
16056,99976.65256668879
16057,99976.65256668879
16058,99976.65256668879
16059,99976.65256668879
16060,99976.65256668879
16061,99976.65256668879
16062,99976.65256668879
16063,99976.65256668879
16064,99976.65256668879
16065,99976.65256668879
16066,99976.65256668879
16067,99976.65256668879
16068,99976.65256668879
16069,99976.65256668879
16070,99976.65256668879
16071,99976.65256668879
16072,99976.65256668879
16073,99976.65256668879
16074,99976.65256668879
16075,99976.65256668879
16076,99976.65256668879
16077,99976.65256668879
16078,99976.65256668879
16079,99976.65256668879
16080,99976.65256668879
16081,99976.65256668879
16082,99976.65256668879
16083,99976.65256668879
16084,99976.65256668879
16085,99976.65256668879
16086,99976.65256668879
16087,99976.65256668879
16088,99976.65256668879
16089,99976.65256668879
16090,99976.65256668879
16091,99976.65256668879
16092,99976.65256668879
16093,99976.54393183866
16094,99977.18613875542
16095,99977.9409007555
16096,99977.86017247345
16097,99977.86017247345
16098,99977.86017247345
16099,99977.86017247345
16100,99978.63652824733
16101,99978.63652824733
16102,99978.63652824733
16103,99978.63652824733
16104,99978.63652824733
16105,99978.63652824733
16106,99978.63652824733
16107,99978.63652824733
16108,99978.63652824733
16109,99978.63652824733
16110,99978.63652824733
16111,99978.63652824733
16112,99978.63652824733
16113,99978.63652824733
16114,99978.63652824733
16115,99978.63652824733
16116,99978.63652824733
16117,99978.63652824733
16118,99978.63652824733
16119,99978.63652824733
16120,99978.63652824733
16121,99978.63652824733
16122,99978.63652824733
16123,99978.63652824733
16124,99978.63652824733
16125,99978.63652824733
16126,99978.63652824733
16127,99978.63652824733
16128,99978.63652824733
16129,99978.63652824733
16130,99978.63652824733
16131,99978.63652824733
16132,99978.63652824733
16133,99978.63652824733
16134,99978.63652824733
16135,99978.63652824733
16136,99978.63652824733
16137,99978.63652824733
16138,99978.63652824733
16139,99978.63652824733
16140,99978.63652824733
16141,99978.63652824733
16142,99978.63652824733
16143,99978.63652824733
16144,99978.63652824733
16145,99978.63652824733
16146,99978.63652824733
16147,99978.63652824733
16148,99978.63652824733
16149,99978.63652824733
16150,99978.63652824733
16151,99978.63652824733
16152,99978.63652824733
16153,99978.63652824733
16154,99978.63652824733
16155,99978.63652824733
16156,99978.63652824733
16157,99978.63652824733
16158,99978.63652824733
16159,99978.63652824733
16160,99978.63652824733
16161,99978.63652824733
16162,99978.63652824733
16163,99978.63652824733
16164,99978.63652824733
16165,99978.63652824733
16166,99978.63652824733
16167,99978.63652824733
16168,99978.63652824733
16169,99978.63652824733
16170,99978.63652824733
16171,99978.63652824733
16172,99978.63652824733
16173,99978.63652824733
16174,99978.63652824733
16175,99978.63652824733
16176,99978.63652824733
16177,99978.63652824733
16178,99978.63652824733
16179,99978.63652824733
16180,99978.63652824733
16181,99978.63652824733
16182,99978.63652824733
16183,99978.63652824733
16184,99978.63652824733
16185,99978.63652824733
16186,99978.63652824733
16187,99978.63652824733
16188,99978.63652824733
16189,99978.63652824733
16190,99978.63652824733
16191,99978.63652824733
16192,99978.63652824733
16193,99978.63652824733
16194,99978.63652824733
16195,99978.63652824733
16196,99978.63652824733
16197,99978.63652824733
16198,99978.63652824733
16199,99978.63652824733
16200,99978.63652824733
16201,99978.63652824733
16202,99978.63652824733
16203,99978.63652824733
16204,99978.63652824733
16205,99978.63652824733
16206,99978.63652824733
16207,99978.63652824733
16208,99978.63652824733
16209,99978.63652824733
16210,99978.63652824733
16211,99978.63652824733
16212,99978.63652824733
16213,99978.63652824733
16214,99978.63652824733
16215,99978.63652824733
16216,99978.63652824733
16217,99978.63652824733
16218,99978.63652824733
16219,99978.63652824733
16220,99978.63652824733
16221,99978.63652824733
16222,99978.63652824733
16223,99978.63652824733
16224,99978.63652824733
16225,99978.63652824733
16226,99978.63652824733
16227,99978.63652824733
16228,99978.63652824733
16229,99978.63652824733
16230,99978.63652824733
16231,99978.63652824733
16232,99978.63652824733
16233,99978.63652824733
16234,99978.63652824733
16235,99978.63652824733
16236,99978.63652824733
16237,99978.63652824733
16238,99978.63652824733
16239,99978.63652824733
16240,99978.63652824733
16241,99978.63652824733
16242,99978.63652824733
16243,99978.63652824733
16244,99978.63652824733
16245,99978.63652824733
16246,99978.63652824733
16247,99978.63652824733
16248,99978.63652824733
16249,99978.63652824733
16250,99978.63652824733
16251,99978.63652824733
16252,99978.63652824733
16253,99978.63652824733
16254,99978.63652824733
16255,99978.63652824733
16256,99978.63652824733
16257,99978.63652824733
16258,99978.63652824733
16259,99978.63652824733
16260,99978.63652824733
16261,99978.63652824733
16262,99978.63652824733
16263,99978.63652824733
16264,99978.63652824733
16265,99978.63652824733
16266,99978.63652824733
16267,99978.63652824733
16268,99978.63652824733
16269,99978.63652824733
16270,99978.63652824733
16271,99978.63652824733
16272,99978.63652824733
16273,99978.63652824733
16274,99978.63652824733
16275,99978.63652824733
16276,99978.63652824733
16277,99978.63652824733
16278,99978.63652824733
16279,99978.63652824733
16280,99978.63652824733
16281,99978.63652824733
16282,99978.63652824733
16283,99978.63652824733
16284,99978.63652824733
16285,99978.63652824733
16286,99978.63652824733
16287,99978.63652824733
16288,99978.63652824733
16289,99978.63652824733
16290,99978.63652824733
16291,99978.63652824733
16292,99978.63652824733
16293,99978.63652824733
16294,99978.63652824733
16295,99978.63652824733
16296,99978.63652824733
16297,99978.63652824733
16298,99978.63652824733
16299,99978.63652824733
16300,99978.63652824733
16301,99978.63652824733
16302,99978.63652824733
16303,99978.63652824733
16304,99978.63652824733
16305,99978.63652824733
16306,99978.63652824733
16307,99978.63652824733
16308,99978.63652824733
16309,99978.63652824733
16310,99978.63652824733
16311,99978.63652824733
16312,99978.63652824733
16313,99978.63652824733
16314,99978.63652824733
16315,99978.63652824733
16316,99978.63652824733
16317,99978.63652824733
16318,99978.63652824733
16319,99978.63652824733
16320,99978.63652824733
16321,99978.63652824733
16322,99978.63652824733
16323,99978.63652824733
16324,99978.63652824733
16325,99978.63652824733
16326,99978.63652824733
16327,99978.63652824733
16328,99978.63652824733
16329,99978.63652824733
16330,99978.63652824733
16331,99978.63652824733
16332,99978.63652824733
16333,99978.63652824733
16334,99978.63652824733
16335,99978.63652824733
16336,99978.63652824733
16337,99978.63652824733
16338,99978.63652824733
16339,99978.63652824733
16340,99978.63652824733
16341,99978.63652824733
16342,99978.63652824733
16343,99978.63652824733
16344,99978.63652824733
16345,99978.63652824733
16346,99978.63652824733
16347,99978.63652824733
16348,99978.63652824733
16349,99978.63652824733
16350,99978.63652824733
16351,99978.63652824733
16352,99978.63652824733
16353,99978.63652824733
16354,99978.63652824733
16355,99978.63652824733
16356,99978.63652824733
16357,99978.63652824733
16358,99978.63652824733
16359,99978.63652824733
16360,99978.63652824733
16361,99978.63652824733
16362,99978.63652824733
16363,99978.63652824733
16364,99978.63652824733
16365,99978.63652824733
16366,99978.63652824733
16367,99978.63652824733
16368,99978.63652824733
16369,99978.63652824733
16370,99978.63652824733
16371,99978.63652824733
16372,99978.63652824733
16373,99978.63652824733
16374,99978.63652824733
16375,99978.63652824733
16376,99978.63652824733
16377,99978.63652824733
16378,99978.63652824733
16379,99978.63652824733
16380,99978.63652824733
16381,99978.63652824733
16382,99978.63652824733
16383,99978.63652824733
16384,99978.63652824733
16385,99978.63652824733
16386,99978.63652824733
16387,99978.63652824733
16388,99978.63652824733
16389,99978.63652824733
16390,99978.63652824733
16391,99978.63652824733
16392,99978.63652824733
16393,99978.63652824733
16394,99978.63652824733
16395,99978.63652824733
16396,99978.63652824733
16397,99978.63652824733
16398,99978.63652824733
16399,99978.63652824733
16400,99978.63652824733
16401,99978.63652824733
16402,99978.63652824733
16403,99978.63652824733
16404,99978.63652824733
16405,99978.63652824733
16406,99978.63652824733
16407,99978.63652824733
16408,99978.63652824733
16409,99978.63652824733
16410,99978.63652824733
16411,99978.63652824733
16412,99978.63652824733
16413,99978.63652824733
16414,99978.63652824733
16415,99978.63652824733
16416,99978.63652824733
16417,99978.63652824733
16418,99978.63652824733
16419,99978.63652824733
16420,99978.63652824733
16421,99978.63652824733
16422,99978.63652824733
16423,99978.63652824733
16424,99978.63652824733
16425,99978.63652824733
16426,99978.63652824733
16427,99978.63652824733
16428,99978.63652824733
16429,99978.63652824733
16430,99978.63652824733
16431,99978.63652824733
16432,99978.63652824733
16433,99978.63652824733
16434,99978.63652824733
16435,99978.63652824733
16436,99978.63652824733
16437,99978.63652824733
16438,99978.63652824733
16439,99978.63652824733
16440,99978.63652824733
16441,99978.63652824733
16442,99978.63652824733
16443,99978.63652824733
16444,99978.63652824733
16445,99978.63652824733
16446,99978.63652824733
16447,99978.63652824733
16448,99978.63652824733
16449,99978.63652824733
16450,99978.63652824733
16451,99978.63652824733
16452,99978.63652824733
16453,99978.63652824733
16454,99978.63652824733
16455,99978.63652824733
16456,99978.63652824733
16457,99978.63652824733
16458,99978.63652824733
16459,99978.63652824733
16460,99978.63652824733
16461,99978.63652824733
16462,99978.63652824733
16463,99978.63652824733
16464,99978.63652824733
16465,99978.63652824733
16466,99978.63652824733
16467,99978.63652824733
16468,99978.63652824733
16469,99978.63652824733
16470,99978.63652824733
16471,99978.63652824733
16472,99978.63652824733
16473,99978.63652824733
16474,99978.63652824733
16475,99978.63652824733
16476,99978.63652824733
16477,99978.63652824733
16478,99978.63652824733
16479,99978.63652824733
16480,99978.63652824733
16481,99978.63652824733
16482,99978.63652824733
16483,99978.63652824733
16484,99978.63652824733
16485,99978.63652824733
16486,99978.63652824733
16487,99978.63652824733
16488,99978.63652824733
16489,99978.63652824733
16490,99978.63652824733
16491,99978.63652824733
16492,99978.63652824733
16493,99978.63652824733
16494,99978.63652824733
16495,99978.63652824733
16496,99978.63652824733
16497,99978.63652824733
16498,99978.63652824733
16499,99978.63652824733
16500,99978.63652824733
16501,99978.63652824733
16502,99978.63652824733
16503,99978.63652824733
16504,99978.63652824733
16505,99978.63652824733
16506,99978.63652824733
16507,99978.63652824733
16508,99978.63652824733
16509,99978.63652824733
16510,99978.63652824733
16511,99978.63652824733
16512,99978.63652824733
16513,99978.63652824733
16514,99978.63652824733
16515,99978.63652824733
16516,99978.63652824733
16517,99978.63652824733
16518,99978.63652824733
16519,99978.63652824733
16520,99978.63652824733
16521,99978.63652824733
16522,99978.63652824733
16523,99978.63652824733
16524,99978.63652824733
16525,99978.63652824733
16526,99978.63652824733
16527,99978.63652824733
16528,99978.63652824733
16529,99978.63652824733
16530,99978.63652824733
16531,99978.63652824733
16532,99978.63652824733
16533,99978.63652824733
16534,99978.63652824733
16535,99978.63652824733
16536,99978.63652824733
16537,99978.63652824733
16538,99978.63652824733
16539,99978.63652824733
16540,99978.63652824733
16541,99978.63652824733
16542,99978.63652824733
16543,99978.63652824733
16544,99978.63652824733
16545,99978.63652824733
16546,99978.63652824733
16547,99978.63652824733
16548,99978.63652824733
16549,99978.63652824733
16550,99978.63652824733
16551,99978.63652824733
16552,99978.63652824733
16553,99978.63652824733
16554,99978.63652824733
16555,99978.63652824733
16556,99978.63652824733
16557,99978.63652824733
16558,99978.63652824733
16559,99978.63652824733
16560,99978.63652824733
16561,99978.63652824733
16562,99978.63652824733
16563,99978.63652824733
16564,99978.63652824733
16565,99978.63652824733
16566,99978.63652824733
16567,99978.63652824733
16568,99978.63652824733
16569,99978.63652824733
16570,99978.63652824733
16571,99978.63652824733
16572,99978.63652824733
16573,99978.63652824733
16574,99978.63652824733
16575,99978.63652824733
16576,99978.63652824733
16577,99978.63652824733
16578,99978.63652824733
16579,99978.63652824733
16580,99978.63652824733
16581,99978.63652824733
16582,99978.63652824733
16583,99978.63652824733
16584,99978.63652824733
16585,99978.63652824733
16586,99978.63652824733
16587,99978.63652824733
16588,99978.63652824733
16589,99978.63652824733
16590,99978.63652824733
16591,99978.63652824733
16592,99978.63652824733
16593,99978.63652824733
16594,99978.63652824733
16595,99978.63652824733
16596,99978.63652824733
16597,99978.63652824733
16598,99978.63652824733
16599,99978.63652824733
16600,99978.63652824733
16601,99978.63652824733
16602,99978.63652824733
16603,99978.63652824733
16604,99978.63652824733
16605,99978.63652824733
16606,99978.63652824733
16607,99978.63652824733
16608,99978.63652824733
16609,99978.63652824733
16610,99978.63652824733
16611,99978.63652824733
16612,99978.63652824733
16613,99978.63652824733
16614,99978.63652824733
16615,99978.63652824733
16616,99978.63652824733
16617,99978.63652824733
16618,99978.63652824733
16619,99978.63652824733
16620,99978.63652824733
16621,99978.63652824733
16622,99978.63652824733
16623,99978.63652824733
16624,99978.63652824733
16625,99978.63652824733
16626,99978.63652824733
16627,99978.63652824733
16628,99978.63652824733
16629,99978.63652824733
16630,99978.63652824733
16631,99978.63652824733
16632,99978.63652824733
16633,99978.63652824733
16634,99978.63652824733
16635,99978.63652824733
16636,99978.63652824733
16637,99978.63652824733
16638,99978.63652824733
16639,99978.63652824733
16640,99978.63652824733
16641,99978.63652824733
16642,99978.63652824733
16643,99978.63652824733
16644,99978.63652824733
16645,99978.63652824733
16646,99978.63652824733
16647,99978.63652824733
16648,99978.63652824733
16649,99978.63652824733
16650,99978.63652824733
16651,99978.63652824733
16652,99978.63652824733
16653,99978.63652824733
16654,99978.63652824733
16655,99978.63652824733
16656,99978.63652824733
16657,99978.63652824733
16658,99978.63652824733
16659,99978.63652824733
16660,99978.63652824733
16661,99978.63652824733
16662,99978.63652824733
16663,99978.63652824733
16664,99978.63652824733
16665,99978.63652824733
16666,99978.63652824733
16667,99978.63652824733
16668,99978.63652824733
16669,99978.63652824733
16670,99978.63652824733
16671,99978.63652824733
16672,99978.63652824733
16673,99978.63652824733
16674,99978.63652824733
16675,99978.57571584106
16676,99977.5491964348
16677,99977.5491964348
16678,99977.5491964348
16679,99977.5491964348
16680,99977.5491964348
16681,99977.5491964348
16682,99977.5491964348
16683,99977.5491964348
16684,99977.5491964348
16685,99977.5491964348
16686,99977.5491964348
16687,99977.5491964348
16688,99977.5491964348
16689,99977.5491964348
16690,99977.5491964348
16691,99977.5491964348
16692,99977.5491964348
16693,99977.5491964348
16694,99977.5491964348
16695,99977.5491964348
16696,99977.5491964348
16697,99977.5491964348
16698,99977.5491964348
16699,99977.5491964348
16700,99977.5491964348
16701,99977.5491964348
16702,99977.5491964348
16703,99977.5491964348
16704,99977.5491964348
16705,99977.5491964348
16706,99977.5491964348
16707,99977.5491964348
16708,99977.5491964348
16709,99977.5491964348
16710,99977.5491964348
16711,99977.5491964348
16712,99977.5491964348
16713,99977.5491964348
16714,99977.5491964348
16715,99977.5491964348
16716,99977.5491964348
16717,99977.5491964348
16718,99977.5491964348
16719,99977.5491964348
16720,99977.5491964348
16721,99977.5491964348
16722,99977.5491964348
16723,99977.5491964348
16724,99977.5491964348
16725,99977.5491964348
16726,99977.5491964348
16727,99977.5491964348
16728,99977.5491964348
16729,99977.5491964348
16730,99977.5491964348
16731,99977.5491964348
16732,99977.5491964348
16733,99977.5491964348
16734,99977.5491964348
16735,99977.5491964348
16736,99977.5491964348
16737,99977.5491964348
16738,99977.5491964348
16739,99977.5491964348
16740,99977.5491964348
16741,99977.5491964348
16742,99977.5491964348
16743,99977.5491964348
16744,99977.5491964348
16745,99977.5491964348
16746,99977.5491964348
16747,99977.5491964348
16748,99977.5491964348
16749,99977.5491964348
16750,99977.5491964348
16751,99977.5491964348
16752,99977.5491964348
16753,99977.5491964348
16754,99977.5491964348
16755,99977.5491964348
16756,99977.5491964348
16757,99977.5491964348
16758,99977.5491964348
16759,99977.5491964348
16760,99977.5491964348
16761,99977.5491964348
16762,99977.5491964348
16763,99977.5491964348
16764,99977.5491964348
16765,99977.5491964348
16766,99977.5491964348
16767,99977.5491964348
16768,99977.5491964348
16769,99977.5491964348
16770,99977.5491964348
16771,99977.5491964348
16772,99977.5491964348
16773,99977.5491964348
16774,99977.5491964348
16775,99977.5491964348
16776,99977.5491964348
16777,99977.5491964348
16778,99977.5491964348
16779,99977.5491964348
16780,99977.5491964348
16781,99977.5491964348
16782,99977.5491964348
16783,99977.5491964348
16784,99977.5491964348
16785,99977.5491964348
16786,99977.5491964348
16787,99977.5491964348
16788,99977.5491964348
16789,99977.5491964348
16790,99977.5491964348
16791,99977.5491964348
16792,99977.5491964348
16793,99977.5491964348
16794,99977.5491964348
16795,99977.5491964348
16796,99977.5491964348
16797,99977.5491964348
16798,99977.5491964348
16799,99977.5491964348
16800,99977.5491964348
16801,99977.5491964348
16802,99977.5491964348
16803,99977.5491964348
16804,99977.5491964348
16805,99977.5491964348
16806,99977.5491964348
16807,99977.5491964348
16808,99977.5491964348
16809,99977.5491964348
16810,99977.5491964348
16811,99977.5491964348
16812,99977.5491964348
16813,99977.5491964348
16814,99977.5491964348
16815,99977.5491964348
16816,99977.5491964348
16817,99977.5491964348
16818,99977.5491964348
16819,99977.5491964348
16820,99977.5491964348
16821,99977.5491964348
16822,99977.5491964348
16823,99977.5491964348
16824,99977.5491964348
16825,99977.5491964348
16826,99977.5491964348
16827,99977.5491964348
16828,99977.5491964348
16829,99977.5491964348
16830,99977.5491964348
16831,99977.5491964348
16832,99977.5491964348
16833,99977.5491964348
16834,99977.5491964348
16835,99977.5491964348
16836,99977.5491964348
16837,99977.5491964348
16838,99977.5491964348
16839,99977.5491964348
16840,99977.5491964348
16841,99977.5491964348
16842,99977.5491964348
16843,99977.5491964348
16844,99977.5491964348
16845,99977.5491964348
16846,99977.5491964348
16847,99977.5491964348
16848,99977.5491964348
16849,99977.5491964348
16850,99977.5491964348
16851,99977.5491964348
16852,99977.5491964348
16853,99977.5491964348
16854,99977.5491964348
16855,99977.5491964348
16856,99977.5491964348
16857,99977.5491964348
16858,99977.5491964348
16859,99977.44705345442
16860,99976.41095907557
16861,99976.41095907557
16862,99976.41095907557
16863,99976.41095907557
16864,99976.41095907557
16865,99976.41095907557
16866,99976.41095907557
16867,99976.41095907557
16868,99976.41095907557
16869,99976.41095907557
16870,99976.41095907557
16871,99976.41095907557
16872,99976.41095907557
16873,99976.41095907557
16874,99976.41095907557
16875,99976.41095907557
16876,99976.41095907557
16877,99976.41095907557
16878,99976.41095907557
16879,99976.41095907557
16880,99976.41095907557
16881,99976.41095907557
16882,99976.41095907557
16883,99976.41095907557
16884,99976.41095907557
16885,99976.41095907557
16886,99976.41095907557
16887,99976.41095907557
16888,99976.41095907557
16889,99976.41095907557
16890,99976.41095907557
16891,99976.41095907557
16892,99976.41095907557
16893,99976.41095907557
16894,99976.41095907557
16895,99976.41095907557
16896,99976.41095907557
16897,99976.41095907557
16898,99976.41095907557
16899,99976.41095907557
16900,99976.41095907557
16901,99976.41095907557
16902,99976.41095907557
16903,99976.41095907557
16904,99976.41095907557
16905,99976.41095907557
16906,99976.41095907557
16907,99976.41095907557
16908,99976.41095907557
16909,99976.41095907557
16910,99976.41095907557
16911,99976.41095907557
16912,99976.41095907557
16913,99976.41095907557
16914,99976.41095907557
16915,99976.41095907557
16916,99976.41095907557
16917,99976.41095907557
16918,99976.41095907557
16919,99976.41095907557
16920,99976.41095907557
16921,99976.41095907557
16922,99976.41095907557
16923,99976.41095907557
16924,99976.41095907557
16925,99976.41095907557
16926,99976.41095907557
16927,99976.41095907557
16928,99976.41095907557
16929,99976.41095907557
16930,99976.41095907557
16931,99976.41095907557
16932,99976.41095907557
16933,99976.41095907557
16934,99976.41095907557
16935,99976.41095907557
16936,99976.41095907557
16937,99976.41095907557
16938,99976.41095907557
16939,99976.41095907557
16940,99976.41095907557
16941,99976.41095907557
16942,99976.41095907557
16943,99976.41095907557
16944,99976.41095907557
16945,99976.41095907557
16946,99976.41095907557
16947,99976.41095907557
16948,99976.41095907557
16949,99976.41095907557
16950,99976.41095907557
16951,99976.41095907557
16952,99976.41095907557
16953,99976.41095907557
16954,99976.41095907557
16955,99976.41095907557
16956,99976.41095907557
16957,99976.41095907557
16958,99976.41095907557
16959,99976.32101583328
16960,99975.31359568326
16961,99975.31359568326
16962,99975.31359568326
16963,99975.31359568326
16964,99975.31359568326
16965,99975.31359568326
16966,99975.31359568326
16967,99975.31359568326
16968,99975.31359568326
16969,99975.31359568326
16970,99975.31359568326
16971,99975.31359568326
16972,99975.31359568326
16973,99975.31359568326
16974,99975.31359568326
16975,99975.31359568326
16976,99975.31359568326
16977,99975.31359568326
16978,99975.31359568326
16979,99975.31359568326
16980,99975.31359568326
16981,99975.31359568326
16982,99975.31359568326
16983,99975.31359568326
16984,99975.25227367533
16985,99975.25227367533
16986,99974.63162062537
16987,99974.63162062537
16988,99974.63162062537
16989,99974.63162062537
16990,99974.63162062537
16991,99974.63162062537
16992,99974.63162062537
16993,99974.63162062537
16994,99974.63162062537
16995,99974.63162062537
16996,99974.63162062537
16997,99974.63162062537
16998,99974.63162062537
16999,99974.63162062537
17000,99974.63162062537
17001,99974.63162062537
17002,99974.63162062537
17003,99974.63162062537
17004,99974.63162062537
17005,99974.63162062537
17006,99974.63162062537
17007,99974.63162062537
17008,99974.63162062537
17009,99974.63162062537
17010,99974.63162062537
17011,99974.63162062537
17012,99974.63162062537
17013,99974.63162062537
17014,99974.63162062537
17015,99974.63162062537
17016,99974.63162062537
17017,99974.63162062537
17018,99974.63162062537
17019,99974.63162062537
17020,99974.63162062537
17021,99974.63162062537
17022,99974.63162062537
17023,99974.63162062537
17024,99974.63162062537
17025,99974.63162062537
17026,99974.63162062537
17027,99974.63162062537
17028,99974.63162062537
17029,99974.63162062537
17030,99974.63162062537
17031,99974.63162062537
17032,99974.63162062537
17033,99974.63162062537
17034,99974.63162062537
17035,99974.63162062537
17036,99974.63162062537
17037,99974.63162062537
17038,99974.63162062537
17039,99974.63162062537
17040,99974.63162062537
17041,99974.63162062537
17042,99974.63162062537
17043,99974.63162062537
17044,99974.63162062537
17045,99974.63162062537
17046,99974.63162062537
17047,99974.63162062537
17048,99974.63162062537
17049,99974.63162062537
17050,99974.63162062537
17051,99974.63162062537
17052,99974.63162062537
17053,99974.63162062537
17054,99974.63162062537
17055,99974.63162062537
17056,99974.63162062537
17057,99974.63162062537
17058,99974.63162062537
17059,99974.63162062537
17060,99974.63162062537
17061,99974.63162062537
17062,99974.63162062537
17063,99974.63162062537
17064,99974.63162062537
17065,99974.63162062537
17066,99974.63162062537
17067,99974.63162062537
17068,99974.63162062537
17069,99974.63162062537
17070,99974.63162062537
17071,99974.63162062537
17072,99974.63162062537
17073,99974.63162062537
17074,99974.63162062537
17075,99974.63162062537
17076,99974.63162062537
17077,99974.63162062537
17078,99974.63162062537
17079,99974.63162062537
17080,99974.63162062537
17081,99974.63162062537
17082,99974.63162062537
17083,99974.63162062537
17084,99974.63162062537
17085,99974.63162062537
17086,99974.63162062537
17087,99974.63162062537
17088,99974.63162062537
17089,99974.63162062537
17090,99974.63162062537
17091,99974.63162062537
17092,99974.63162062537
17093,99974.63162062537
17094,99974.63162062537
17095,99974.63162062537
17096,99974.63162062537
17097,99974.63162062537
17098,99974.63162062537
17099,99974.63162062537
17100,99974.63162062537
17101,99974.63162062537
17102,99974.63162062537
17103,99974.63162062537
17104,99974.63162062537
17105,99974.63162062537
17106,99974.63162062537
17107,99974.63162062537
17108,99974.63162062537
17109,99974.63162062537
17110,99974.63162062537
17111,99974.63162062537
17112,99974.63162062537
17113,99974.63162062537
17114,99974.63162062537
17115,99974.63162062537
17116,99974.63162062537
17117,99974.63162062537
17118,99974.63162062537
17119,99974.63162062537
17120,99974.63162062537
17121,99974.63162062537
17122,99974.63162062537
17123,99974.63162062537
17124,99974.63162062537
17125,99974.63162062537
17126,99974.63162062537
17127,99974.63162062537
17128,99974.63162062537
17129,99974.63162062537
17130,99974.63162062537
17131,99974.63162062537
17132,99974.63162062537
17133,99974.63162062537
17134,99974.63162062537
17135,99974.63162062537
17136,99974.63162062537
17137,99974.63162062537
17138,99974.63162062537
17139,99974.63162062537
17140,99974.63162062537
17141,99974.63162062537
17142,99974.63162062537
17143,99974.63162062537
17144,99974.63162062537
17145,99974.63162062537
17146,99974.63162062537
17147,99974.63162062537
17148,99974.63162062537
17149,99974.63162062537
17150,99974.63162062537
17151,99974.63162062537
17152,99974.63162062537
17153,99974.63162062537
17154,99974.63162062537
17155,99974.63162062537
17156,99974.63162062537
17157,99974.63162062537
17158,99974.63162062537
17159,99974.63162062537
17160,99974.63162062537
17161,99974.63162062537
17162,99974.63162062537
17163,99974.63162062537
17164,99974.63162062537
17165,99974.63162062537
17166,99974.63162062537
17167,99974.63162062537
17168,99974.63162062537
17169,99974.63162062537
17170,99974.63162062537
17171,99974.63162062537
17172,99974.63162062537
17173,99974.63162062537
17174,99974.63162062537
17175,99974.63162062537
17176,99974.63162062537
17177,99974.63162062537
17178,99974.63162062537
17179,99974.63162062537
17180,99974.63162062537
17181,99974.63162062537
17182,99974.63162062537
17183,99974.63162062537
17184,99974.63162062537
17185,99974.63162062537
17186,99974.63162062537
17187,99974.63162062537
17188,99974.63162062537
17189,99974.63162062537
17190,99974.63162062537
17191,99974.63162062537
17192,99974.63162062537
17193,99974.63162062537
17194,99974.63162062537
17195,99974.63162062537
17196,99974.63162062537
17197,99974.63162062537
17198,99974.63162062537
17199,99974.63162062537
17200,99974.63162062537
17201,99974.63162062537
17202,99974.63162062537
17203,99974.63162062537
17204,99974.63162062537
17205,99974.63162062537
17206,99974.63162062537
17207,99974.63162062537
17208,99974.63162062537
17209,99974.63162062537
17210,99974.63162062537
17211,99974.63162062537
17212,99974.63162062537
17213,99974.63162062537
17214,99974.63162062537
17215,99974.63162062537
17216,99974.63162062537
17217,99974.63162062537
17218,99974.63162062537
17219,99974.63162062537
17220,99974.63162062537
17221,99974.63162062537
17222,99974.63162062537
17223,99974.63162062537
17224,99974.63162062537
17225,99974.63162062537
17226,99974.63162062537
17227,99974.63162062537
17228,99974.63162062537
17229,99974.63162062537
17230,99974.63162062537
17231,99974.63162062537
17232,99974.63162062537
17233,99974.63162062537
17234,99974.63162062537
17235,99974.63162062537
17236,99974.63162062537
17237,99974.63162062537
17238,99974.63162062537
17239,99974.63162062537
17240,99974.63162062537
17241,99974.63162062537
17242,99974.63162062537
17243,99974.63162062537
17244,99974.63162062537
17245,99974.63162062537
17246,99974.63162062537
17247,99974.63162062537
17248,99974.63162062537
17249,99974.63162062537
17250,99974.63162062537
17251,99974.63162062537
17252,99974.63162062537
17253,99974.63162062537
17254,99974.63162062537
17255,99974.63162062537
17256,99974.63162062537
17257,99974.63162062537
17258,99974.63162062537
17259,99974.63162062537
17260,99974.63162062537
17261,99974.63162062537
17262,99974.63162062537
17263,99974.63162062537
17264,99974.63162062537
17265,99974.63162062537
17266,99974.63162062537
17267,99974.63162062537
17268,99974.63162062537
17269,99974.63162062537
17270,99974.63162062537
17271,99974.63162062537
17272,99974.63162062537
17273,99974.63162062537
17274,99974.63162062537
17275,99974.63162062537
17276,99974.63162062537
17277,99974.63162062537
17278,99974.63162062537
17279,99974.63162062537
17280,99974.63162062537
17281,99974.63162062537
17282,99974.63162062537
17283,99974.63162062537
17284,99974.63162062537
17285,99974.63162062537
17286,99974.63162062537
17287,99974.63162062537
17288,99974.63162062537
17289,99974.63162062537
17290,99974.63162062537
17291,99974.63162062537
17292,99974.63162062537
17293,99974.63162062537
17294,99974.63162062537
17295,99974.63162062537
17296,99974.63162062537
17297,99974.63162062537
17298,99974.63162062537
17299,99974.63162062537
17300,99974.63162062537
17301,99974.63162062537
17302,99974.63162062537
17303,99974.63162062537
17304,99974.63162062537
17305,99974.63162062537
17306,99974.63162062537
17307,99974.63162062537
17308,99974.63162062537
17309,99974.63162062537
17310,99974.63162062537
17311,99974.63162062537
17312,99974.63162062537
17313,99974.63162062537
17314,99974.63162062537
17315,99974.63162062537
17316,99974.63162062537
17317,99974.63162062537
17318,99974.63162062537
17319,99974.63162062537
17320,99974.63162062537
17321,99974.63162062537
17322,99974.63162062537
17323,99974.63162062537
17324,99974.63162062537
17325,99974.63162062537
17326,99974.63162062537
17327,99974.63162062537
17328,99974.63162062537
17329,99974.63162062537
17330,99974.63162062537
17331,99974.63162062537
17332,99974.63162062537
17333,99974.63162062537
17334,99974.63162062537
17335,99974.63162062537
17336,99974.63162062537
17337,99974.63162062537
17338,99974.63162062537
17339,99974.63162062537
17340,99974.63162062537
17341,99974.63162062537
17342,99974.63162062537
17343,99974.63162062537
17344,99974.63162062537
17345,99974.63162062537
17346,99974.63162062537
17347,99974.63162062537
17348,99974.63162062537
17349,99974.63162062537
17350,99974.63162062537
17351,99974.63162062537
17352,99974.63162062537
17353,99974.63162062537
17354,99974.63162062537
17355,99974.63162062537
17356,99974.63162062537
17357,99974.63162062537
17358,99974.63162062537
17359,99974.63162062537
17360,99974.63162062537
17361,99974.63162062537
17362,99974.63162062537
17363,99974.63162062537
17364,99974.63162062537
17365,99974.63162062537
17366,99974.63162062537
17367,99974.63162062537
17368,99974.63162062537
17369,99974.63162062537
17370,99974.63162062537
17371,99974.63162062537
17372,99974.63162062537
17373,99974.63162062537
17374,99974.63162062537
17375,99974.63162062537
17376,99974.63162062537
17377,99974.63162062537
17378,99974.63162062537
17379,99974.63162062537
17380,99974.63162062537
17381,99974.63162062537
17382,99974.63162062537
17383,99974.63162062537
17384,99974.63162062537
17385,99974.63162062537
17386,99974.63162062537
17387,99974.63162062537
17388,99974.63162062537
17389,99974.63162062537
17390,99974.63162062537
17391,99974.63162062537
17392,99974.63162062537
17393,99974.63162062537
17394,99974.63162062537
17395,99974.63162062537
17396,99974.63162062537
17397,99974.63162062537
17398,99974.63162062537
17399,99974.63162062537
17400,99974.63162062537
17401,99974.63162062537
17402,99974.63162062537
17403,99974.63162062537
17404,99974.63162062537
17405,99974.63162062537
17406,99974.63162062537
17407,99974.63162062537
17408,99974.63162062537
17409,99974.63162062537
17410,99974.63162062537
17411,99974.63162062537
17412,99974.63162062537
17413,99974.63162062537
17414,99974.63162062537
17415,99974.63162062537
17416,99974.63162062537
17417,99974.63162062537
17418,99974.63162062537
17419,99974.63162062537
17420,99974.63162062537
17421,99974.63162062537
17422,99974.63162062537
17423,99974.63162062537
17424,99974.63162062537
17425,99974.63162062537
17426,99974.63162062537
17427,99974.63162062537
17428,99974.63162062537
17429,99974.63162062537
17430,99974.63162062537
17431,99974.63162062537
17432,99974.63162062537
17433,99974.63162062537
17434,99974.63162062537
17435,99974.63162062537
17436,99974.51684577706
17437,99974.40774497841
17438,99973.35053932946
17439,99973.35053932946
17440,99972.30560328206
17441,99972.30560328206
17442,99972.30560328206
17443,99972.30560328206
17444,99972.30560328206
17445,99972.30560328206
17446,99972.30560328206
17447,99972.30560328206
17448,99972.30560328206
17449,99972.30560328206
17450,99972.30560328206
17451,99972.30560328206
17452,99972.30560328206
17453,99972.30560328206
17454,99972.30560328206
17455,99972.30560328206
17456,99972.30560328206
17457,99972.30560328206
17458,99972.30560328206
17459,99972.30560328206
17460,99972.30560328206
17461,99972.30560328206
17462,99972.30560328206
17463,99972.30560328206
17464,99972.30560328206
17465,99972.30560328206
17466,99972.30560328206
17467,99972.30560328206
17468,99972.30560328206
17469,99972.30560328206
17470,99972.30560328206
17471,99972.30560328206
17472,99972.30560328206
17473,99972.30560328206
17474,99972.30560328206
17475,99972.30560328206
17476,99972.30560328206
17477,99972.30560328206
17478,99972.30560328206
17479,99972.30560328206
17480,99972.30560328206
17481,99972.30560328206
17482,99972.30560328206
17483,99972.30560328206
17484,99972.30560328206
17485,99972.30560328206
17486,99972.30560328206
17487,99972.30560328206
17488,99972.30560328206
17489,99972.30560328206
17490,99972.30560328206
17491,99972.30560328206
17492,99972.30560328206
17493,99972.30560328206
17494,99972.30560328206
17495,99972.30560328206
17496,99972.30560328206
17497,99972.30560328206
17498,99972.30560328206
17499,99972.30560328206
17500,99972.30560328206
17501,99972.30560328206
17502,99972.30560328206
17503,99972.30560328206
17504,99972.30560328206
17505,99972.30560328206
17506,99972.30560328206
17507,99972.30560328206
17508,99972.30560328206
17509,99972.30560328206
17510,99972.30560328206
17511,99972.30560328206
17512,99972.30560328206
17513,99972.30560328206
17514,99972.30560328206
17515,99972.30560328206
17516,99972.30560328206
17517,99972.30560328206
17518,99972.30560328206
17519,99972.30560328206
17520,99972.30560328206
17521,99972.30560328206
17522,99972.30560328206
17523,99972.30560328206
17524,99972.30560328206
17525,99972.30560328206
17526,99972.30560328206
17527,99972.30560328206
17528,99972.30560328206
17529,99972.30560328206
17530,99972.30560328206
17531,99972.30560328206
17532,99972.30560328206
17533,99972.30560328206
17534,99972.30560328206
17535,99972.30560328206
17536,99972.30560328206
17537,99972.30560328206
17538,99972.30560328206
17539,99972.30560328206
17540,99972.30560328206
17541,99972.30560328206
17542,99972.30560328206
17543,99972.30560328206
17544,99972.30560328206
17545,99972.30560328206
17546,99972.30560328206
17547,99972.30560328206
17548,99972.30560328206
17549,99972.30560328206
17550,99972.30560328206
17551,99972.30560328206
17552,99972.30560328206
17553,99972.30560328206
17554,99972.30560328206
17555,99972.30560328206
17556,99972.30560328206
17557,99972.30560328206
17558,99972.30560328206
17559,99972.30560328206
17560,99972.30560328206
17561,99972.30560328206
17562,99972.30560328206
17563,99972.30560328206
17564,99972.30560328206
17565,99972.30560328206
17566,99972.30560328206
17567,99972.30560328206
17568,99972.30560328206
17569,99972.30560328206
17570,99972.30560328206
17571,99972.30560328206
17572,99972.30560328206
17573,99972.30560328206
17574,99972.30560328206
17575,99972.30560328206
17576,99972.30560328206
17577,99972.30560328206
17578,99972.30560328206
17579,99972.30560328206
17580,99972.30560328206
17581,99972.30560328206
17582,99972.30560328206
17583,99972.30560328206
17584,99972.30560328206
17585,99972.30560328206
17586,99972.30560328206
17587,99972.30560328206
17588,99972.30560328206
17589,99972.30560328206
17590,99972.30560328206
17591,99972.30560328206
17592,99972.30560328206
17593,99972.30560328206
17594,99972.30560328206
17595,99972.30560328206
17596,99972.30560328206
17597,99972.30560328206
17598,99972.30560328206
17599,99972.30560328206
17600,99972.30560328206
17601,99972.30560328206
17602,99972.30560328206
17603,99972.30560328206
17604,99972.30560328206
17605,99972.30560328206
17606,99972.30560328206
17607,99972.30560328206
17608,99972.30560328206
17609,99972.30560328206
17610,99972.30560328206
17611,99972.30560328206
17612,99972.30560328206
17613,99972.30560328206
17614,99972.30560328206
17615,99972.30560328206
17616,99972.30560328206
17617,99972.30560328206
17618,99972.30560328206
17619,99972.30560328206
17620,99972.30560328206
17621,99972.30560328206
17622,99972.30560328206
17623,99972.30560328206
17624,99972.30560328206
17625,99972.30560328206
17626,99972.30560328206
17627,99972.30560328206
17628,99972.30560328206
17629,99972.30560328206
17630,99972.30560328206
17631,99972.30560328206
17632,99972.30560328206
17633,99972.30560328206
17634,99972.30560328206
17635,99972.30560328206
17636,99972.30560328206
17637,99972.30560328206
17638,99972.30560328206
17639,99972.30560328206
17640,99972.30560328206
17641,99972.30560328206
17642,99972.30560328206
17643,99972.30560328206
17644,99972.30560328206
17645,99972.30560328206
17646,99972.30560328206
17647,99972.30560328206
17648,99972.30560328206
17649,99972.30560328206
17650,99972.30560328206
17651,99972.30560328206
17652,99972.30560328206
17653,99972.30560328206
17654,99972.30560328206
17655,99972.30560328206
17656,99972.30560328206
17657,99972.30560328206
17658,99972.30560328206
17659,99972.30560328206
17660,99972.30560328206
17661,99972.30560328206
17662,99972.30560328206
17663,99972.30560328206
17664,99972.30560328206
17665,99972.30560328206
17666,99972.30560328206
17667,99972.30560328206
17668,99972.30560328206
17669,99972.30560328206
17670,99972.30560328206
17671,99972.30560328206
17672,99972.30560328206
17673,99972.30560328206
17674,99972.30560328206
17675,99972.30560328206
17676,99972.30560328206
17677,99972.30560328206
17678,99972.30560328206
17679,99972.30560328206
17680,99972.30560328206
17681,99972.30560328206
17682,99972.30560328206
17683,99972.30560328206
17684,99972.30560328206
17685,99972.30560328206
17686,99972.30560328206
17687,99972.30560328206
17688,99972.30560328206
17689,99972.30560328206
17690,99972.30560328206
17691,99972.30560328206
17692,99972.30560328206
17693,99972.30560328206
17694,99972.30560328206
17695,99972.30560328206
17696,99972.30560328206
17697,99972.30560328206
17698,99972.30560328206
17699,99972.30560328206
17700,99972.30560328206
17701,99972.30560328206
17702,99972.30560328206
17703,99972.30560328206
17704,99972.30560328206
17705,99972.30560328206
17706,99972.30560328206
17707,99972.30560328206
17708,99972.30560328206
17709,99972.30560328206
17710,99972.30560328206
17711,99972.30560328206
17712,99972.30560328206
17713,99972.30560328206
17714,99972.30560328206
17715,99972.30560328206
17716,99972.30560328206
17717,99972.30560328206
17718,99972.30560328206
17719,99972.30560328206
17720,99972.30560328206
17721,99972.30560328206
17722,99972.30560328206
17723,99972.30560328206
17724,99972.30560328206
17725,99972.30560328206
17726,99972.30560328206
17727,99972.30560328206
17728,99972.30560328206
17729,99972.30560328206
17730,99972.30560328206
17731,99972.30560328206
17732,99972.30560328206
17733,99972.30560328206
17734,99972.30560328206
17735,99972.30560328206
17736,99972.30560328206
17737,99972.30560328206
17738,99972.30560328206
17739,99972.30560328206
17740,99972.30560328206
17741,99972.30560328206
17742,99972.30560328206
17743,99972.30560328206
17744,99972.30560328206
17745,99972.30560328206
17746,99972.30560328206
17747,99972.30560328206
17748,99972.30560328206
17749,99972.30560328206
17750,99972.30560328206
17751,99972.30560328206
17752,99972.30560328206
17753,99972.30560328206
17754,99972.30560328206
17755,99972.30560328206
17756,99972.30560328206
17757,99972.30560328206
17758,99972.30560328206
17759,99972.30560328206
17760,99972.30560328206
17761,99972.30560328206
17762,99972.30560328206
17763,99972.30560328206
17764,99972.30560328206
17765,99972.30560328206
17766,99972.30560328206
17767,99972.30560328206
17768,99972.30560328206
17769,99972.30560328206
17770,99972.30560328206
17771,99972.30560328206
17772,99972.30560328206
17773,99972.30560328206
17774,99972.30560328206
17775,99972.30560328206
17776,99972.30560328206
17777,99972.30560328206
17778,99972.30560328206
17779,99972.30560328206
17780,99972.30560328206
17781,99972.30560328206
17782,99972.30560328206
17783,99972.30560328206
17784,99972.30560328206
17785,99972.30560328206
17786,99972.30560328206
17787,99972.30560328206
17788,99972.30560328206
17789,99972.30560328206
17790,99972.30560328206
17791,99972.30560328206
17792,99972.30560328206
17793,99972.30560328206
17794,99972.30560328206
17795,99972.30560328206
17796,99972.30560328206
17797,99972.30560328206
17798,99972.30560328206
17799,99972.30560328206
17800,99972.30560328206
17801,99972.30560328206
17802,99972.30560328206
17803,99972.30560328206
17804,99972.30560328206
17805,99972.30560328206
17806,99972.30560328206
17807,99972.30560328206
17808,99972.30560328206
17809,99972.30560328206
17810,99972.30560328206
17811,99972.30560328206
17812,99972.30560328206
17813,99972.30560328206
17814,99972.30560328206
17815,99972.30560328206
17816,99972.30560328206
17817,99972.30560328206
17818,99972.30560328206
17819,99972.30560328206
17820,99972.30560328206
17821,99972.30560328206
17822,99972.30560328206
17823,99972.30560328206
17824,99972.30560328206
17825,99972.30560328206
17826,99972.30560328206
17827,99972.30560328206
17828,99972.30560328206
17829,99972.30560328206
17830,99972.30560328206
17831,99972.30560328206
17832,99972.30560328206
17833,99972.30560328206
17834,99972.30560328206
17835,99972.30560328206
17836,99972.30560328206
17837,99972.30560328206
17838,99972.30560328206
17839,99972.30560328206
17840,99972.30560328206
17841,99972.30560328206
17842,99972.30560328206
17843,99972.30560328206
17844,99972.30560328206
17845,99972.30560328206
17846,99972.30560328206
17847,99972.30560328206
17848,99972.30560328206
17849,99972.30560328206
17850,99972.30560328206
17851,99972.30560328206
17852,99972.30560328206
17853,99972.30560328206
17854,99972.30560328206
17855,99972.30560328206
17856,99972.30560328206
17857,99972.30560328206
17858,99972.30560328206
17859,99972.30560328206
17860,99972.30560328206
17861,99972.30560328206
17862,99972.30560328206
17863,99972.30560328206
17864,99972.30560328206
17865,99972.30560328206
17866,99972.30560328206
17867,99972.30560328206
17868,99972.30560328206
17869,99972.30560328206
17870,99972.30560328206
17871,99972.30560328206
17872,99972.30560328206
17873,99972.30560328206
17874,99972.30560328206
17875,99972.30560328206
17876,99972.30560328206
17877,99972.30560328206
17878,99972.30560328206
17879,99972.30560328206
17880,99972.30560328206
17881,99972.30560328206
17882,99972.30560328206
17883,99972.30560328206
17884,99972.30560328206
17885,99972.30560328206
17886,99972.30560328206
17887,99972.30560328206
17888,99972.30560328206
17889,99972.30560328206
17890,99972.30560328206
17891,99972.30560328206
17892,99972.30560328206
17893,99972.30560328206
17894,99972.30560328206
17895,99972.30560328206
17896,99972.30560328206
17897,99972.30560328206
17898,99972.30560328206
17899,99972.30560328206
17900,99972.30560328206
17901,99972.30560328206
17902,99972.30560328206
17903,99972.30560328206
17904,99972.30560328206
17905,99972.30560328206
17906,99972.30560328206
17907,99972.30560328206
17908,99972.30560328206
17909,99972.30560328206
17910,99972.30560328206
17911,99972.30560328206
17912,99972.30560328206
17913,99972.30560328206
17914,99972.30560328206
17915,99972.30560328206
17916,99972.30560328206
17917,99972.30560328206
17918,99972.30560328206
17919,99972.30560328206
17920,99972.30560328206
17921,99972.30560328206
17922,99972.30560328206
17923,99972.30560328206
17924,99972.30560328206
17925,99972.30560328206
17926,99972.30560328206
17927,99972.30560328206
17928,99972.30560328206
17929,99972.30560328206
17930,99972.30560328206
17931,99972.30560328206
17932,99972.30560328206
17933,99972.30560328206
17934,99972.30560328206
17935,99972.30560328206
17936,99972.30560328206
17937,99972.30560328206
17938,99972.30560328206
17939,99972.30560328206
17940,99972.30560328206
17941,99972.30560328206
17942,99972.30560328206
17943,99972.30560328206
17944,99972.30560328206
17945,99972.30560328206
17946,99972.30560328206
17947,99972.30560328206
17948,99972.30560328206
17949,99972.30560328206
17950,99972.30560328206
17951,99972.30560328206
17952,99972.30560328206
17953,99972.30560328206
17954,99972.30560328206
17955,99972.30560328206
17956,99972.30560328206
17957,99972.30560328206
17958,99972.30560328206
17959,99972.30560328206
17960,99972.30560328206
17961,99972.30560328206
17962,99972.30560328206
17963,99972.30560328206
17964,99972.30560328206
17965,99972.30560328206
17966,99972.30560328206
17967,99972.30560328206
17968,99972.30560328206
17969,99972.30560328206
17970,99972.30560328206
17971,99972.30560328206
17972,99972.30560328206
17973,99972.30560328206
17974,99972.30560328206
17975,99972.30560328206
17976,99972.30560328206
17977,99972.30560328206
17978,99972.30560328206
17979,99972.30560328206
17980,99972.30560328206
17981,99972.30560328206
17982,99972.30560328206
17983,99972.30560328206
17984,99972.30560328206
17985,99972.30560328206
17986,99972.30560328206
17987,99972.30560328206
17988,99972.30560328206
17989,99972.30560328206
17990,99972.30560328206
17991,99972.30560328206
17992,99972.30560328206
17993,99972.30560328206
17994,99972.30560328206
17995,99972.30560328206
17996,99972.30560328206
17997,99972.30560328206
17998,99972.30560328206
17999,99972.30560328206
18000,99972.30560328206
18001,99972.30560328206
18002,99972.30560328206
18003,99972.30560328206
18004,99972.30560328206
18005,99972.30560328206
18006,99972.30560328206
18007,99972.30560328206
18008,99972.30560328206
18009,99972.30560328206
18010,99972.30560328206
18011,99972.30560328206
18012,99972.30560328206
18013,99972.30560328206
18014,99972.30560328206
18015,99972.30560328206
18016,99972.30560328206
18017,99972.30560328206
18018,99972.30560328206
18019,99972.30560328206
18020,99972.30560328206
18021,99972.30560328206
18022,99972.30560328206
18023,99972.30560328206
18024,99972.30560328206
18025,99972.30560328206
18026,99972.30560328206
18027,99972.30560328206
18028,99972.30560328206
18029,99972.30560328206
18030,99972.30560328206
18031,99972.30560328206
18032,99972.30560328206
18033,99972.30560328206
18034,99972.30560328206
18035,99972.30560328206
18036,99972.30560328206
18037,99972.30560328206
18038,99972.30560328206
18039,99972.30560328206
18040,99972.30560328206
18041,99972.30560328206
18042,99972.30560328206
18043,99972.30560328206
18044,99972.30560328206
18045,99972.30560328206
18046,99972.30560328206
18047,99972.30560328206
18048,99972.30560328206
18049,99972.30560328206
18050,99972.30560328206
18051,99972.30560328206
18052,99972.30560328206
18053,99972.30560328206
18054,99972.30560328206
18055,99972.30560328206
18056,99972.30560328206
18057,99972.30560328206
18058,99972.30560328206
18059,99972.30560328206
18060,99972.30560328206
18061,99972.30560328206
18062,99972.30560328206
18063,99972.30560328206
18064,99972.30560328206
18065,99972.30560328206
18066,99972.30560328206
18067,99972.30560328206
18068,99972.30560328206
18069,99972.30560328206
18070,99972.30560328206
18071,99972.30560328206
18072,99972.30560328206
18073,99972.30560328206
18074,99972.30560328206
18075,99972.30560328206
18076,99972.30560328206
18077,99972.30560328206
18078,99972.30560328206
18079,99972.30560328206
18080,99972.30560328206
18081,99972.30560328206
18082,99972.30560328206
18083,99972.30560328206
18084,99972.30560328206
18085,99972.30560328206
18086,99972.30560328206
18087,99972.30560328206
18088,99972.30560328206
18089,99972.30560328206
18090,99972.30560328206
18091,99972.30560328206
18092,99972.30560328206
18093,99972.30560328206
18094,99972.30560328206
18095,99972.30560328206
18096,99972.30560328206
18097,99972.30560328206
18098,99972.30560328206
18099,99972.30560328206
18100,99972.30560328206
18101,99972.30560328206
18102,99972.30560328206
18103,99972.30560328206
18104,99972.30560328206
18105,99972.30560328206
18106,99972.30560328206
18107,99972.30560328206
18108,99972.30560328206
18109,99972.30560328206
18110,99972.30560328206
18111,99972.30560328206
18112,99972.30560328206
18113,99972.30560328206
18114,99972.30560328206
18115,99972.30560328206
18116,99972.30560328206
18117,99972.30560328206
18118,99972.30560328206
18119,99972.30560328206
18120,99972.30560328206
18121,99972.30560328206
18122,99972.30560328206
18123,99972.30560328206
18124,99972.30560328206
18125,99972.30560328206
18126,99972.30560328206
18127,99972.30560328206
18128,99972.30560328206
18129,99972.30560328206
18130,99972.30560328206
18131,99972.30560328206
18132,99972.30560328206
18133,99972.30560328206
18134,99972.30560328206
18135,99972.30560328206
18136,99972.30560328206
18137,99972.30560328206
18138,99972.30560328206
18139,99972.30560328206
18140,99972.30560328206
18141,99972.30560328206
18142,99972.30560328206
18143,99972.30560328206
18144,99972.30560328206
18145,99972.30560328206
18146,99972.30560328206
18147,99972.30560328206
18148,99972.30560328206
18149,99972.30560328206
18150,99972.30560328206
18151,99972.30560328206
18152,99972.30560328206
18153,99972.30560328206
18154,99972.30560328206
18155,99972.30560328206
18156,99972.30560328206
18157,99972.30560328206
18158,99972.30560328206
18159,99972.30560328206
18160,99972.30560328206
18161,99972.30560328206
18162,99972.30560328206
18163,99972.30560328206
18164,99972.30560328206
18165,99972.30560328206
18166,99972.30560328206
18167,99972.30560328206
18168,99972.30560328206
18169,99972.30560328206
18170,99972.30560328206
18171,99972.30560328206
18172,99972.30560328206
18173,99972.30560328206
18174,99972.30560328206
18175,99972.30560328206
18176,99972.30560328206
18177,99972.30560328206
18178,99972.30560328206
18179,99972.30560328206
18180,99972.30560328206
18181,99972.30560328206
18182,99972.30560328206
18183,99972.30560328206
18184,99972.30560328206
18185,99972.30560328206
18186,99972.30560328206
18187,99972.30560328206
18188,99972.30560328206
18189,99972.30560328206
18190,99972.30560328206
18191,99972.30560328206
18192,99972.30560328206
18193,99972.30560328206
18194,99972.30560328206
18195,99972.30560328206
18196,99972.30560328206
18197,99972.30560328206
18198,99972.30560328206
18199,99972.30560328206
18200,99972.30560328206
18201,99972.30560328206
18202,99972.30560328206
18203,99972.30560328206
18204,99972.30560328206
18205,99972.30560328206
18206,99972.30560328206
18207,99972.30560328206
18208,99972.30560328206
18209,99972.30560328206
18210,99972.30560328206
18211,99972.30560328206
18212,99972.30560328206
18213,99972.30560328206
18214,99972.30560328206
18215,99972.30560328206
18216,99972.30560328206
18217,99972.30560328206
18218,99972.30560328206
18219,99972.30560328206
18220,99972.30560328206
18221,99972.30560328206
18222,99972.30560328206
18223,99972.30560328206
18224,99972.30560328206
18225,99972.30560328206
18226,99972.30560328206
18227,99972.30560328206
18228,99972.30560328206
18229,99972.30560328206
18230,99972.30560328206
18231,99972.30560328206
18232,99972.30560328206
18233,99972.30560328206
18234,99972.30560328206
18235,99972.30560328206
18236,99972.30560328206
18237,99972.30560328206
18238,99972.30560328206
18239,99972.30560328206
18240,99972.30560328206
18241,99972.30560328206
18242,99972.30560328206
18243,99972.30560328206
18244,99972.30560328206
18245,99972.30560328206
18246,99972.30560328206
18247,99972.30560328206
18248,99972.30560328206
18249,99972.30560328206
18250,99972.30560328206
18251,99972.30560328206
18252,99972.30560328206
18253,99972.30560328206
18254,99972.30560328206
18255,99972.30560328206
18256,99972.30560328206
18257,99972.30560328206
18258,99972.30560328206
18259,99972.30560328206
18260,99972.30560328206
18261,99972.30560328206
18262,99972.30560328206
18263,99972.30560328206
18264,99972.30560328206
18265,99972.30560328206
18266,99972.30560328206
18267,99972.30560328206
18268,99972.30560328206
18269,99972.30560328206
18270,99972.30560328206
18271,99972.30560328206
18272,99972.30560328206
18273,99972.30560328206
18274,99972.30560328206
18275,99972.30560328206
18276,99972.30560328206
18277,99972.30560328206
18278,99972.30560328206
18279,99972.30560328206
18280,99972.30560328206
18281,99972.30560328206
18282,99972.30560328206
18283,99972.30560328206
18284,99972.30560328206
18285,99972.30560328206
18286,99972.30560328206
18287,99972.30560328206
18288,99972.30560328206
18289,99972.30560328206
18290,99972.30560328206
18291,99972.30560328206
18292,99972.30560328206
18293,99972.30560328206
18294,99972.30560328206
18295,99972.30560328206
18296,99972.30560328206
18297,99972.30560328206
18298,99972.30560328206
18299,99972.30560328206
18300,99972.30560328206
18301,99972.30560328206
18302,99972.30560328206
18303,99972.30560328206
18304,99972.30560328206
18305,99972.30560328206
18306,99972.30560328206
18307,99972.30560328206
18308,99972.30560328206
18309,99972.30560328206
18310,99972.30560328206
18311,99972.30560328206
18312,99972.30560328206
18313,99972.30560328206
18314,99972.30560328206
18315,99972.30560328206
18316,99972.30560328206
18317,99972.30560328206
18318,99972.30560328206
18319,99972.30560328206
18320,99972.30560328206
18321,99972.30560328206
18322,99972.30560328206
18323,99972.30560328206
18324,99972.30560328206
18325,99972.30560328206
18326,99972.30560328206
18327,99972.30560328206
18328,99972.30560328206
18329,99972.30560328206
18330,99972.30560328206
18331,99972.30560328206
18332,99972.30560328206
18333,99972.30560328206
18334,99972.30560328206
18335,99972.30560328206
18336,99972.30560328206
18337,99972.30560328206
18338,99972.30560328206
18339,99972.30560328206
18340,99972.30560328206
18341,99972.30560328206
18342,99972.30560328206
18343,99972.30560328206
18344,99972.30560328206
18345,99972.30560328206
18346,99972.30560328206
18347,99972.30560328206
18348,99972.30560328206
18349,99972.30560328206
18350,99972.30560328206
18351,99972.30560328206
18352,99972.30560328206
18353,99972.30560328206
18354,99972.30560328206
18355,99972.30560328206
18356,99972.30560328206
18357,99972.30560328206
18358,99972.30560328206
18359,99972.30560328206
18360,99972.30560328206
18361,99972.30560328206
18362,99972.30560328206
18363,99972.30560328206
18364,99972.30560328206
18365,99972.30560328206
18366,99972.30560328206
18367,99972.30560328206
18368,99972.30560328206
18369,99972.30560328206
18370,99972.30560328206
18371,99972.30560328206
18372,99972.30560328206
18373,99972.30560328206
18374,99972.30560328206
18375,99972.30560328206
18376,99972.30560328206
18377,99972.30560328206
18378,99972.30560328206
18379,99972.30560328206
18380,99972.30560328206
18381,99972.30560328206
18382,99972.30560328206
18383,99972.30560328206
18384,99972.30560328206
18385,99972.30560328206
18386,99972.30560328206
18387,99972.30560328206
18388,99972.30560328206
18389,99972.30560328206
18390,99972.30560328206
18391,99972.30560328206
18392,99972.30560328206
18393,99972.30560328206
18394,99972.30560328206
18395,99972.30560328206
18396,99972.30560328206
18397,99972.30560328206
18398,99972.30560328206
18399,99972.30560328206
18400,99972.30560328206
18401,99972.23908589585
18402,99971.42837615451
18403,99971.42837615451
18404,99971.42837615451
18405,99971.42837615451
18406,99971.42837615451
18407,99971.42837615451
18408,99971.42837615451
18409,99971.42837615451
18410,99971.42837615451
18411,99971.42837615451
18412,99971.42837615451
18413,99971.42837615451
18414,99971.42837615451
18415,99971.42837615451
18416,99971.42837615451
18417,99971.42837615451
18418,99971.42837615451
18419,99971.42837615451
18420,99971.42837615451
18421,99971.42837615451
18422,99971.42837615451
18423,99971.42837615451
18424,99971.42837615451
18425,99971.42837615451
18426,99971.42837615451
18427,99971.42837615451
18428,99971.42837615451
18429,99971.42837615451
18430,99971.42837615451
18431,99971.42837615451
18432,99971.42837615451
18433,99971.42837615451
18434,99971.42837615451
18435,99971.42837615451
18436,99971.42837615451
18437,99971.42837615451
18438,99971.42837615451
18439,99971.42837615451
18440,99971.42837615451
18441,99971.42837615451
18442,99971.42837615451
18443,99971.42837615451
18444,99971.42837615451
18445,99971.42837615451
18446,99971.42837615451
18447,99971.42837615451
18448,99971.42837615451
18449,99971.42837615451
18450,99971.42837615451
18451,99971.42837615451
18452,99971.42837615451
18453,99971.42837615451
18454,99971.42837615451
18455,99971.42837615451
18456,99971.42837615451
18457,99971.42837615451
18458,99971.42837615451
18459,99971.42837615451
18460,99971.42837615451
18461,99971.42837615451
18462,99971.42837615451
18463,99971.42837615451
18464,99971.42837615451
18465,99971.42837615451
18466,99971.42837615451
18467,99971.42837615451
18468,99971.42837615451
18469,99971.42837615451
18470,99971.42837615451
18471,99971.42837615451
18472,99971.42837615451
18473,99971.42837615451
18474,99971.42837615451
18475,99971.42837615451
18476,99971.42837615451
18477,99971.42837615451
18478,99971.42837615451
18479,99971.42837615451
18480,99971.42837615451
18481,99971.42837615451
18482,99971.42837615451
18483,99971.42837615451
18484,99971.42837615451
18485,99971.42837615451
18486,99971.42837615451
18487,99971.42837615451
18488,99971.42837615451
18489,99971.42837615451
18490,99971.42837615451
18491,99971.42837615451
18492,99971.42837615451
18493,99971.42837615451
18494,99971.42837615451
18495,99971.42837615451
18496,99971.42837615451
18497,99971.42837615451
18498,99971.42837615451
18499,99971.42837615451
18500,99971.42837615451
18501,99971.42837615451
18502,99971.42837615451
18503,99971.42837615451
18504,99971.42837615451
18505,99971.42837615451
18506,99971.42837615451
18507,99971.42837615451
18508,99971.42837615451
18509,99971.42837615451
18510,99971.42837615451
18511,99971.42837615451
18512,99971.42837615451
18513,99971.42837615451
18514,99971.42837615451
18515,99971.42837615451
18516,99971.42837615451
18517,99971.42837615451
18518,99971.42837615451
18519,99971.42837615451
18520,99971.42837615451
18521,99971.42837615451
18522,99971.42837615451
18523,99971.42837615451
18524,99971.42837615451
18525,99971.42837615451
18526,99971.42837615451
18527,99971.42837615451
18528,99971.42837615451
18529,99971.42837615451
18530,99971.42837615451
18531,99971.42837615451
18532,99971.42837615451
18533,99971.42837615451
18534,99971.42837615451
18535,99971.42837615451
18536,99971.42837615451
18537,99971.42837615451
18538,99971.42837615451
18539,99971.42837615451
18540,99971.42837615451
18541,99971.42837615451
18542,99971.42837615451
18543,99971.42837615451
18544,99971.42837615451
18545,99971.42837615451
18546,99971.42837615451
18547,99971.42837615451
18548,99971.42837615451
18549,99971.42837615451
18550,99971.42837615451
18551,99971.42837615451
18552,99971.42837615451
18553,99971.42837615451
18554,99971.42837615451
18555,99971.42837615451
18556,99971.42837615451
18557,99971.42837615451
18558,99971.42837615451
18559,99971.42837615451
18560,99971.42837615451
18561,99971.42837615451
18562,99971.42837615451
18563,99971.42837615451
18564,99971.42837615451
18565,99971.42837615451
18566,99971.42837615451
18567,99971.42837615451
18568,99971.42837615451
18569,99971.42837615451
18570,99971.42837615451
18571,99971.42837615451
18572,99971.42837615451
18573,99971.42837615451
18574,99971.42837615451
18575,99971.42837615451
18576,99971.42837615451
18577,99971.42837615451
18578,99971.42837615451
18579,99971.42837615451
18580,99971.42837615451
18581,99971.42837615451
18582,99971.42837615451
18583,99971.42837615451
18584,99971.42837615451
18585,99971.42837615451
18586,99971.42837615451
18587,99971.42837615451
18588,99971.42837615451
18589,99971.42837615451
18590,99971.42837615451
18591,99971.42837615451
18592,99971.42837615451
18593,99971.42837615451
18594,99971.42837615451
18595,99971.42837615451
18596,99971.42837615451
18597,99971.42837615451
18598,99971.42837615451
18599,99971.42837615451
18600,99971.42837615451
18601,99971.42837615451
18602,99971.42837615451
18603,99971.42837615451
18604,99971.42837615451
18605,99971.42837615451
18606,99971.42837615451
18607,99971.42837615451
18608,99971.42837615451
18609,99971.42837615451
18610,99971.42837615451
18611,99971.42837615451
18612,99971.42837615451
18613,99971.42837615451
18614,99971.42837615451
18615,99971.42837615451
18616,99971.42837615451
18617,99971.42837615451
18618,99971.42837615451
18619,99971.42837615451
18620,99971.42837615451
18621,99971.42837615451
18622,99971.42837615451
18623,99971.42837615451
18624,99971.42837615451
18625,99971.42837615451
18626,99971.42837615451
18627,99971.42837615451
18628,99971.42837615451
18629,99971.42837615451
18630,99971.42837615451
18631,99971.42837615451
18632,99971.42837615451
18633,99971.42837615451
18634,99971.42837615451
18635,99971.42837615451
18636,99971.42837615451
18637,99971.42837615451
18638,99971.42837615451
18639,99971.42837615451
18640,99971.42837615451
18641,99971.42837615451
18642,99971.42837615451
18643,99971.42837615451
18644,99971.42837615451
18645,99971.42837615451
18646,99971.42837615451
18647,99971.42837615451
18648,99971.42837615451
18649,99971.42837615451
18650,99971.42837615451
18651,99971.42837615451
18652,99971.42837615451
18653,99971.42837615451
18654,99971.42837615451
18655,99971.42837615451
18656,99971.42837615451
18657,99971.42837615451
18658,99971.42837615451
18659,99971.42837615451
18660,99971.42837615451
18661,99971.42837615451
18662,99971.42837615451
18663,99971.42837615451
18664,99971.42837615451
18665,99971.42837615451
18666,99971.42837615451
18667,99971.42837615451
18668,99971.42837615451
18669,99971.42837615451
18670,99971.42837615451
18671,99971.42837615451
18672,99971.42837615451
18673,99971.42837615451
18674,99971.42837615451
18675,99971.42837615451
18676,99971.42837615451
18677,99971.42837615451
18678,99971.42837615451
18679,99971.42837615451
18680,99971.42837615451
18681,99971.42837615451
18682,99971.42837615451
18683,99971.42837615451
18684,99971.42837615451
18685,99971.42837615451
18686,99971.42837615451
18687,99971.42837615451
18688,99971.42837615451
18689,99971.42837615451
18690,99971.42837615451
18691,99971.42837615451
18692,99971.42837615451
18693,99971.42837615451
18694,99971.42837615451
18695,99971.42837615451
18696,99971.42837615451
18697,99971.42837615451
18698,99971.42837615451
18699,99971.42837615451
18700,99971.42837615451
18701,99971.42837615451
18702,99971.42837615451
18703,99971.42837615451
18704,99971.42837615451
18705,99971.42837615451
18706,99971.42837615451
18707,99971.42837615451
18708,99971.42837615451
18709,99971.42837615451
18710,99971.42837615451
18711,99971.42837615451
18712,99971.42837615451
18713,99971.42837615451
18714,99971.42837615451
18715,99971.42837615451
18716,99971.42837615451
18717,99971.42837615451
18718,99971.42837615451
18719,99971.42837615451
18720,99971.42837615451
18721,99971.42837615451
18722,99971.42837615451
18723,99971.42837615451
18724,99971.42837615451
18725,99971.42837615451
18726,99971.42837615451
18727,99971.42837615451
18728,99971.42837615451
18729,99971.42837615451
18730,99971.42837615451
18731,99971.39350645505
18732,99971.05373365457
18733,99971.05373365457
18734,99971.02448738711
18735,99971.02448738711
18736,99971.02448738711
18737,99971.02448738711
18738,99971.02448738711
18739,99970.69446719254
18740,99970.69446719254
18741,99970.69446719254
18742,99970.69446719254
18743,99970.69446719254
18744,99970.69446719254
18745,99970.69446719254
18746,99970.69446719254
18747,99970.69446719254
18748,99970.69446719254
18749,99970.69446719254
18750,99970.69446719254
18751,99970.69446719254
18752,99970.69446719254
18753,99970.69446719254
18754,99970.69446719254
18755,99970.69446719254
18756,99970.69446719254
18757,99970.69446719254
18758,99970.69446719254
18759,99970.69446719254
18760,99970.69446719254
18761,99970.69446719254
18762,99970.69446719254
18763,99970.69446719254
18764,99970.69446719254
18765,99970.69446719254
18766,99970.69446719254
18767,99970.69446719254
18768,99970.69446719254
18769,99970.69446719254
18770,99970.69446719254
18771,99970.69446719254
18772,99970.69446719254
18773,99970.69446719254
18774,99970.69446719254
18775,99970.69446719254
18776,99970.69446719254
18777,99970.69446719254
18778,99970.69446719254
18779,99970.69446719254
18780,99970.69446719254
18781,99970.69446719254
18782,99970.69446719254
18783,99970.69446719254
18784,99970.69446719254
18785,99970.69446719254
18786,99970.69446719254
18787,99970.69446719254
18788,99970.69446719254
18789,99970.69446719254
18790,99970.69446719254
18791,99970.69446719254
18792,99970.69446719254
18793,99970.69446719254
18794,99970.69446719254
18795,99970.69446719254
18796,99970.69446719254
18797,99970.69446719254
18798,99970.69446719254
18799,99970.69446719254
18800,99970.69446719254
18801,99970.69446719254
18802,99970.69446719254
18803,99970.69446719254
18804,99970.69446719254
18805,99970.69446719254
18806,99970.69446719254
18807,99970.69446719254
18808,99970.69446719254
18809,99970.69446719254
18810,99970.69446719254
18811,99970.69446719254
18812,99970.69446719254
18813,99970.69446719254
18814,99970.69446719254
18815,99970.69446719254
18816,99970.69446719254
18817,99970.69446719254
18818,99970.69446719254
18819,99970.69446719254
18820,99970.69446719254
18821,99970.69446719254
18822,99970.69446719254
18823,99970.69446719254
18824,99970.69446719254
18825,99970.69446719254
18826,99970.69446719254
18827,99970.69446719254
18828,99970.69446719254
18829,99970.69446719254
18830,99970.69446719254
18831,99970.69446719254
18832,99970.69446719254
18833,99970.69446719254
18834,99970.69446719254
18835,99970.69446719254
18836,99970.69446719254
18837,99970.69446719254
18838,99970.69446719254
18839,99970.69446719254
18840,99970.69446719254
18841,99970.69446719254
18842,99970.69446719254
18843,99970.69446719254
18844,99970.69446719254
18845,99970.69446719254
18846,99970.69446719254
18847,99970.69446719254
18848,99970.69446719254
18849,99970.69446719254
18850,99970.69446719254
18851,99970.69446719254
18852,99970.69446719254
18853,99970.69446719254
18854,99970.69446719254
18855,99970.69446719254
18856,99970.69446719254
18857,99970.69446719254
18858,99970.69446719254
18859,99970.69446719254
18860,99970.69446719254
18861,99970.69446719254
18862,99970.69446719254
18863,99970.69446719254
18864,99970.69446719254
18865,99970.69446719254
18866,99970.69446719254
18867,99970.69446719254
18868,99970.69446719254
18869,99970.69446719254
18870,99970.69446719254
18871,99970.69446719254
18872,99970.69446719254
18873,99970.69446719254
18874,99970.69446719254
18875,99970.69446719254
18876,99970.69446719254
18877,99970.69446719254
18878,99970.69446719254
18879,99970.69446719254
18880,99970.69446719254
18881,99970.69446719254
18882,99970.69446719254
18883,99970.69446719254
18884,99970.69446719254
18885,99970.69446719254
18886,99970.69446719254
18887,99970.69446719254
18888,99970.69446719254
18889,99970.69446719254
18890,99970.69446719254
18891,99970.69446719254
18892,99970.69446719254
18893,99970.69446719254
18894,99970.69446719254
18895,99970.69446719254
18896,99970.69446719254
18897,99970.69446719254
18898,99970.69446719254
18899,99970.69446719254
18900,99970.69446719254
18901,99970.69446719254
18902,99970.69446719254
18903,99970.69446719254
18904,99970.69446719254
18905,99970.69446719254
18906,99970.69446719254
18907,99970.69446719254
18908,99970.69446719254
18909,99970.69446719254
18910,99970.69446719254
18911,99970.69446719254
18912,99970.69446719254
18913,99970.69446719254
18914,99970.69446719254
18915,99970.69446719254
18916,99970.69446719254
18917,99970.69446719254
18918,99970.69446719254
18919,99970.69446719254
18920,99970.69446719254
18921,99970.69446719254
18922,99970.69446719254
18923,99970.69446719254
18924,99970.69446719254
18925,99970.69446719254
18926,99970.69446719254
18927,99970.69446719254
18928,99970.69446719254
18929,99970.69446719254
18930,99970.69446719254
18931,99970.69446719254
18932,99970.69446719254
18933,99970.69446719254
18934,99970.69446719254
18935,99970.69446719254
18936,99970.69446719254
18937,99970.69446719254
18938,99970.69446719254
18939,99970.69446719254
18940,99970.69446719254
18941,99970.69446719254
18942,99970.69446719254
18943,99970.69446719254
18944,99970.69446719254
18945,99970.69446719254
18946,99970.69446719254
18947,99970.69446719254
18948,99970.69446719254
18949,99970.69446719254
18950,99970.69446719254
18951,99970.69446719254
18952,99970.69446719254
18953,99970.69446719254
18954,99970.69446719254
18955,99970.69446719254
18956,99970.69446719254
18957,99970.69446719254
18958,99970.69446719254
18959,99970.69446719254
18960,99970.69446719254
18961,99970.69446719254
18962,99970.69446719254
18963,99970.69446719254
18964,99970.69446719254
18965,99970.69446719254
18966,99970.69446719254
18967,99970.69446719254
18968,99970.69446719254
18969,99970.69446719254
18970,99970.69446719254
18971,99970.69446719254
18972,99970.69446719254
18973,99970.69446719254
18974,99970.69446719254
18975,99970.69446719254
18976,99970.69446719254
18977,99970.69446719254
18978,99970.69446719254
18979,99970.69446719254
18980,99970.69446719254
18981,99970.69446719254
18982,99970.69446719254
18983,99970.69446719254
18984,99970.69446719254
18985,99970.69446719254
18986,99970.69446719254
18987,99970.69446719254
18988,99970.69446719254
18989,99970.69446719254
18990,99970.69446719254
18991,99970.69446719254
18992,99970.69446719254
18993,99970.69446719254
18994,99970.69446719254
18995,99970.69446719254
18996,99970.69446719254
18997,99970.69446719254
18998,99970.69446719254
18999,99970.69446719254
19000,99970.69446719254
19001,99970.69446719254
19002,99970.69446719254
19003,99970.69446719254
19004,99970.69446719254
19005,99970.69446719254
19006,99970.69446719254
19007,99970.69446719254
19008,99970.69446719254
19009,99970.69446719254
19010,99970.69446719254
19011,99970.69446719254
19012,99970.69446719254
19013,99970.69446719254
19014,99970.69446719254
19015,99970.69446719254
19016,99970.69446719254
19017,99970.69446719254
19018,99970.69446719254
19019,99970.69446719254
19020,99970.69446719254
19021,99970.69446719254
19022,99970.69446719254
19023,99970.69446719254
19024,99970.69446719254
19025,99970.69446719254
19026,99970.69446719254
19027,99970.69446719254
19028,99970.69446719254
19029,99970.69446719254
19030,99970.69446719254
19031,99970.69446719254
19032,99970.69446719254
19033,99970.69446719254
19034,99970.69446719254
19035,99970.69446719254
19036,99970.69446719254
19037,99970.69446719254
19038,99970.69446719254
19039,99970.69446719254
19040,99970.69446719254
19041,99970.69446719254
19042,99970.69446719254
19043,99970.69446719254
19044,99970.69446719254
19045,99970.69446719254
19046,99970.69446719254
19047,99970.69446719254
19048,99970.69446719254
19049,99970.69446719254
19050,99970.69446719254
19051,99970.69446719254
19052,99970.69446719254
19053,99970.69446719254
19054,99970.69446719254
19055,99970.69446719254
19056,99970.69446719254
19057,99970.69446719254
19058,99970.69446719254
19059,99970.69446719254
19060,99970.69446719254
19061,99970.69446719254
19062,99970.69446719254
19063,99970.69446719254
19064,99970.69446719254
19065,99970.69446719254
19066,99970.69446719254
19067,99970.69446719254
19068,99970.69446719254
19069,99970.69446719254
19070,99970.69446719254
19071,99970.65293560081
19072,99970.65293560081
19073,99970.00578488779
19074,99970.00578488779
19075,99970.00578488779
19076,99970.00578488779
19077,99970.00578488779
19078,99970.00578488779
19079,99970.00578488779
19080,99970.00578488779
19081,99970.00578488779
19082,99970.00578488779
19083,99970.00578488779
19084,99970.00578488779
19085,99970.00578488779
19086,99970.00578488779
19087,99970.00578488779
19088,99970.00578488779
19089,99970.00578488779
19090,99970.00578488779
19091,99970.00578488779
19092,99970.00578488779
19093,99970.00578488779
19094,99970.00578488779
19095,99970.00578488779
19096,99970.00578488779
19097,99970.00578488779
19098,99970.00578488779
19099,99970.00578488779
19100,99970.00578488779
19101,99970.00578488779
19102,99970.00578488779
19103,99970.00578488779
19104,99970.00578488779
19105,99970.00578488779
19106,99970.00578488779
19107,99970.00578488779
19108,99970.00578488779
19109,99970.00578488779
19110,99970.00578488779
19111,99970.00578488779
19112,99970.00578488779
19113,99970.00578488779
19114,99970.00578488779
19115,99970.00578488779
19116,99970.00578488779
19117,99970.00578488779
19118,99970.00578488779
19119,99970.00578488779
19120,99970.00578488779
19121,99970.00578488779
19122,99970.00578488779
19123,99970.00578488779
19124,99970.00578488779
19125,99970.00578488779
19126,99970.00578488779
19127,99970.00578488779
19128,99970.00578488779
19129,99970.00578488779
19130,99970.00578488779
19131,99970.00578488779
19132,99970.00578488779
19133,99970.00578488779
19134,99970.00578488779
19135,99970.00578488779
19136,99970.00578488779
19137,99970.00578488779
19138,99970.00578488779
19139,99970.00578488779
19140,99970.00578488779
19141,99970.00578488779
19142,99970.00578488779
19143,99970.00578488779
19144,99970.00578488779
19145,99970.00578488779
19146,99970.00578488779
19147,99970.00578488779
19148,99970.00578488779
19149,99970.00578488779
19150,99970.00578488779
19151,99970.00578488779
19152,99970.00578488779
19153,99970.00578488779
19154,99970.00578488779
19155,99970.00578488779
19156,99970.00578488779
19157,99970.00578488779
19158,99970.00578488779
19159,99970.00578488779
19160,99970.00578488779
19161,99970.00578488779
19162,99970.00578488779
19163,99970.00578488779
19164,99970.00578488779
19165,99970.00578488779
19166,99970.00578488779
19167,99970.00578488779
19168,99970.00578488779
19169,99970.00578488779
19170,99970.00578488779
19171,99970.00578488779
19172,99970.00578488779
19173,99970.00578488779
19174,99970.00578488779
19175,99970.00578488779
19176,99970.00578488779
19177,99970.00578488779
19178,99970.00578488779
19179,99970.00578488779
19180,99970.00578488779
19181,99970.00578488779
19182,99970.00578488779
19183,99970.00578488779
19184,99970.00578488779
19185,99970.00578488779
19186,99970.00578488779
19187,99970.00578488779
19188,99970.00578488779
19189,99970.00578488779
19190,99970.00578488779
19191,99970.00578488779
19192,99970.00578488779
19193,99970.00578488779
19194,99970.00578488779
19195,99970.00578488779
19196,99970.00578488779
19197,99970.00578488779
19198,99970.00578488779
19199,99970.00578488779
19200,99970.00578488779
19201,99970.00578488779
19202,99970.00578488779
19203,99970.00578488779
19204,99970.00578488779
19205,99970.00578488779
19206,99970.00578488779
19207,99970.00578488779
19208,99970.00578488779
19209,99970.00578488779
19210,99970.00578488779
19211,99970.00578488779
19212,99970.00578488779
19213,99970.00578488779
19214,99970.00578488779
19215,99970.00578488779
19216,99970.00578488779
19217,99970.00578488779
19218,99970.00578488779
19219,99970.00578488779
19220,99970.00578488779
19221,99970.00578488779
19222,99970.00578488779
19223,99970.00578488779
19224,99970.00578488779
19225,99970.00578488779
19226,99970.00578488779
19227,99970.00578488779
19228,99970.00578488779
19229,99970.00578488779
19230,99970.00578488779
19231,99970.00578488779
19232,99970.00578488779
19233,99970.00578488779
19234,99970.00578488779
19235,99970.00578488779
19236,99970.00578488779
19237,99970.00578488779
19238,99970.00578488779
19239,99970.00578488779
19240,99970.00578488779
19241,99970.00578488779
19242,99970.00578488779
19243,99970.00578488779
19244,99970.00578488779
19245,99970.00578488779
19246,99970.00578488779
19247,99970.00578488779
19248,99970.00578488779
19249,99970.00578488779
19250,99970.00578488779
19251,99970.00578488779
19252,99970.00578488779
19253,99970.00578488779
19254,99970.00578488779
19255,99970.00578488779
19256,99970.00578488779
19257,99970.00578488779
19258,99970.00578488779
19259,99970.00578488779
19260,99970.00578488779
19261,99970.00578488779
19262,99970.00578488779
19263,99970.00578488779
19264,99970.00578488779
19265,99970.00578488779
19266,99970.00578488779
19267,99970.00578488779
19268,99970.00578488779
19269,99970.00578488779
19270,99970.00578488779
19271,99970.00578488779
19272,99970.00578488779
19273,99970.00578488779
19274,99970.00578488779
19275,99970.00578488779
19276,99970.00578488779
19277,99970.00578488779
19278,99970.00578488779
19279,99970.00578488779
19280,99970.00578488779
19281,99970.00578488779
19282,99970.00578488779
19283,99970.00578488779
19284,99970.00578488779
19285,99970.00578488779
19286,99970.00578488779
19287,99970.00578488779
19288,99970.00578488779
19289,99970.00578488779
19290,99970.00578488779
19291,99970.00578488779
19292,99970.00578488779
19293,99970.00578488779
19294,99970.00578488779
19295,99970.00578488779
19296,99970.00578488779
19297,99970.00578488779
19298,99970.00578488779
19299,99970.00578488779
19300,99970.00578488779
19301,99970.00578488779
19302,99970.00578488779
19303,99970.00578488779
19304,99970.00578488779
19305,99970.00578488779
19306,99970.00578488779
19307,99970.00578488779
19308,99970.00578488779
19309,99970.00578488779
19310,99970.00578488779
19311,99970.00578488779
19312,99970.00578488779
19313,99970.00578488779
19314,99970.00578488779
19315,99970.00578488779
19316,99970.00578488779
19317,99970.00578488779
19318,99970.00578488779
19319,99970.00578488779
19320,99970.00578488779
19321,99970.00578488779
19322,99970.00578488779
19323,99970.00578488779
19324,99970.00578488779
19325,99970.00578488779
19326,99970.00578488779
19327,99970.00578488779
19328,99970.00578488779
19329,99970.00578488779
19330,99970.00578488779
19331,99970.00578488779
19332,99970.00578488779
19333,99970.00578488779
19334,99970.00578488779
19335,99970.00578488779
19336,99970.00578488779
19337,99970.00578488779
19338,99970.00578488779
19339,99970.00578488779
19340,99970.00578488779
19341,99970.00578488779
19342,99970.00578488779
19343,99970.00578488779
19344,99970.00578488779
19345,99970.00578488779
19346,99970.00578488779
19347,99970.00578488779
19348,99970.00578488779
19349,99970.00578488779
19350,99970.00578488779
19351,99970.00578488779
19352,99970.00578488779
19353,99970.00578488779
19354,99970.00578488779
19355,99970.00578488779
19356,99970.00578488779
19357,99970.00578488779
19358,99970.00578488779
19359,99970.00578488779
19360,99970.00578488779
19361,99970.00578488779
19362,99970.00578488779
19363,99970.00578488779
19364,99970.00578488779
19365,99970.00578488779
19366,99970.00578488779
19367,99970.00578488779
19368,99970.00578488779
19369,99970.00578488779
19370,99970.00578488779
19371,99970.00578488779
19372,99970.00578488779
19373,99970.00578488779
19374,99970.00578488779
19375,99970.00578488779
19376,99970.00578488779
19377,99970.00578488779
19378,99970.00578488779
19379,99970.00578488779
19380,99970.00578488779
19381,99970.00578488779
19382,99970.00578488779
19383,99970.00578488779
19384,99970.00578488779
19385,99970.00578488779
19386,99970.00578488779
19387,99970.00578488779
19388,99970.00578488779
19389,99970.00578488779
19390,99970.00578488779
19391,99970.00578488779
19392,99970.00578488779
19393,99970.00578488779
19394,99970.00578488779
19395,99970.00578488779
19396,99970.00578488779
19397,99970.00578488779
19398,99970.00578488779
19399,99970.00578488779
19400,99970.00578488779
19401,99970.00578488779
19402,99970.00578488779
19403,99970.00578488779
19404,99970.00578488779
19405,99970.00578488779
19406,99970.00578488779
19407,99970.00578488779
19408,99970.00578488779
19409,99970.00578488779
19410,99970.00578488779
19411,99970.00578488779
19412,99970.00578488779
19413,99969.98437000945
19414,99969.72271148943
19415,99969.72271148943
19416,99969.72271148943
19417,99969.72271148943
19418,99969.72271148943
19419,99969.72271148943
19420,99969.72271148943
19421,99969.72271148943
19422,99969.72271148943
19423,99969.72271148943
19424,99969.72271148943
19425,99969.72271148943
19426,99969.6652625783
19427,99969.60565748335
19428,99968.93551971686
19429,99968.93551971686
19430,99968.93551971686
19431,99968.93551971686
19432,99968.27121846522
19433,99968.27121846522
19434,99968.27121846522
19435,99968.27121846522
19436,99968.27121846522
19437,99968.27121846522
19438,99968.27121846522
19439,99968.27121846522
19440,99968.27121846522
19441,99968.27121846522
19442,99968.27121846522
19443,99968.27121846522
19444,99968.27121846522
19445,99968.27121846522
19446,99968.27121846522
19447,99968.27121846522
19448,99968.27121846522
19449,99968.19812621457
19450,99967.50393614804
19451,99967.50393614804
19452,99967.50393614804
19453,99967.50393614804
19454,99967.50393614804
19455,99967.50393614804
19456,99967.50393614804
19457,99967.50393614804
19458,99967.50393614804
19459,99967.50393614804
19460,99967.50393614804
19461,99967.50393614804
19462,99967.50393614804
19463,99967.50393614804
19464,99967.50393614804
19465,99967.50393614804
19466,99967.50393614804
19467,99967.50393614804
19468,99967.50393614804
19469,99967.50393614804
19470,99967.50393614804
19471,99967.50393614804
19472,99967.50393614804
19473,99967.50393614804
19474,99967.50393614804
19475,99967.50393614804
19476,99967.50393614804
19477,99967.50393614804
19478,99967.50393614804
19479,99967.50393614804
19480,99967.50393614804
19481,99967.50393614804
19482,99967.50393614804
19483,99967.50393614804
19484,99967.50393614804
19485,99967.50393614804
19486,99967.50393614804
19487,99967.50393614804
19488,99967.50393614804
19489,99967.50393614804
19490,99967.50393614804
19491,99967.50393614804
19492,99967.50393614804
19493,99967.50393614804
19494,99967.50393614804
19495,99967.50393614804
19496,99967.50393614804
19497,99967.50393614804
19498,99967.50393614804
19499,99967.50393614804
19500,99967.50393614804
19501,99967.50393614804
19502,99967.50393614804
19503,99967.50393614804
19504,99967.50393614804
19505,99967.50393614804
19506,99967.50393614804
19507,99967.50393614804
19508,99967.50393614804
19509,99967.50393614804
19510,99967.50393614804
19511,99967.50393614804
19512,99967.50393614804
19513,99967.50393614804
19514,99967.50393614804
19515,99967.50393614804
19516,99967.50393614804
19517,99967.50393614804
19518,99967.50393614804
19519,99967.50393614804
19520,99967.50393614804
19521,99967.50393614804
19522,99967.50393614804
19523,99967.50393614804
19524,99967.50393614804
19525,99967.50393614804
19526,99967.50393614804
19527,99967.50393614804
19528,99967.50393614804
19529,99967.50393614804
19530,99967.50393614804
19531,99967.50393614804
19532,99967.50393614804
19533,99967.50393614804
19534,99967.50393614804
19535,99967.50393614804
19536,99967.50393614804
19537,99967.50393614804
19538,99967.50393614804
19539,99967.50393614804
19540,99967.50393614804
19541,99967.50393614804
19542,99967.50393614804
19543,99967.50393614804
19544,99967.4377368871
19545,99967.90107861916
19546,99967.157092913
19547,99966.47940410787
19548,99966.47940410787
19549,99966.47940410787
19550,99966.47940410787
19551,99966.47940410787
19552,99966.47940410787
19553,99966.47940410787
19554,99966.47940410787
19555,99966.47940410787
19556,99966.47940410787
19557,99966.47940410787
19558,99966.47940410787
19559,99966.47940410787
19560,99966.47940410787
19561,99966.47940410787
19562,99966.47940410787
19563,99966.47940410787
19564,99966.47940410787
19565,99966.47940410787
19566,99966.47940410787
19567,99966.47940410787
19568,99966.47940410787
19569,99966.47940410787
19570,99966.47940410787
19571,99966.47940410787
19572,99966.47940410787
19573,99966.47940410787
19574,99966.47940410787
19575,99966.47940410787
19576,99966.47940410787
19577,99966.47940410787
19578,99966.47940410787
19579,99966.47940410787
19580,99966.47940410787
19581,99966.47940410787
19582,99966.47940410787
19583,99966.47940410787
19584,99966.47940410787
19585,99966.47940410787
19586,99966.47940410787
19587,99966.47940410787
19588,99966.47940410787
19589,99966.47940410787
19590,99966.47940410787
19591,99966.47940410787
19592,99966.47940410787
19593,99966.47940410787
19594,99966.47940410787
19595,99966.47940410787
19596,99966.47940410787
19597,99966.47940410787
19598,99966.47940410787
19599,99966.47940410787
19600,99966.47940410787
19601,99966.47940410787
19602,99966.47940410787
19603,99966.47940410787
19604,99966.47940410787
19605,99966.47940410787
19606,99966.47940410787
19607,99966.47940410787
19608,99966.47940410787
19609,99966.47940410787
19610,99966.47940410787
19611,99966.47940410787
19612,99966.47940410787
19613,99966.47940410787
19614,99966.47940410787
19615,99966.47940410787
19616,99966.47940410787
19617,99966.47940410787
19618,99966.47940410787
19619,99966.47940410787
19620,99966.47940410787
19621,99966.47940410787
19622,99966.47940410787
19623,99966.47940410787
19624,99966.47940410787
19625,99966.47940410787
19626,99966.47940410787
19627,99966.47940410787
19628,99966.47940410787
19629,99966.47940410787
19630,99966.47940410787
19631,99966.47940410787
19632,99966.47940410787
19633,99966.47940410787
19634,99966.47940410787
19635,99966.47940410787
19636,99966.47940410787
19637,99966.47940410787
19638,99966.47940410787
19639,99966.47940410787
19640,99966.47940410787
19641,99966.47940410787
19642,99966.47940410787
19643,99966.47940410787
19644,99966.47940410787
19645,99966.47940410787
19646,99966.47940410787
19647,99966.47940410787
19648,99966.47940410787
19649,99966.47940410787
19650,99966.47940410787
19651,99966.47940410787
19652,99966.47940410787
19653,99966.47940410787
19654,99966.47940410787
19655,99966.47940410787
19656,99966.47940410787
19657,99966.47940410787
19658,99966.47940410787
19659,99966.47940410787
19660,99966.47940410787
19661,99966.47940410787
19662,99966.47940410787
19663,99966.47940410787
19664,99966.47940410787
19665,99966.47940410787
19666,99966.47940410787
19667,99966.47940410787
19668,99966.47940410787
19669,99966.47940410787
19670,99966.47940410787
19671,99966.47940410787
19672,99966.47940410787
19673,99966.47940410787
19674,99966.47940410787
19675,99966.47940410787
19676,99966.47940410787
19677,99966.47940410787
19678,99966.47940410787
19679,99966.47940410787
19680,99966.47940410787
19681,99966.47940410787
19682,99966.47940410787
19683,99966.47940410787
19684,99966.43825717253
19685,99966.43825717253
19686,99966.43825717253
19687,99966.43825717253
19688,99966.02873721295
19689,99966.02873721295
19690,99966.02873721295
19691,99966.02873721295
19692,99966.02873721295
19693,99966.02873721295
19694,99966.02873721295
19695,99966.02873721295
19696,99966.02873721295
19697,99966.02873721295
19698,99966.02873721295
19699,99966.02873721295
19700,99966.02873721295
19701,99966.02873721295
19702,99966.02873721295
19703,99966.02873721295
19704,99966.02873721295
19705,99966.02873721295
19706,99966.02873721295
19707,99966.02873721295
19708,99966.02873721295
19709,99966.02873721295
19710,99966.02873721295
19711,99966.02873721295
19712,99966.02873721295
19713,99966.02873721295
19714,99966.02873721295
19715,99966.02873721295
19716,99966.02873721295
19717,99966.02873721295
19718,99966.02873721295
19719,99966.02873721295
19720,99966.02873721295
19721,99966.02873721295
19722,99966.02873721295
19723,99966.02873721295
19724,99966.02873721295
19725,99966.02873721295
19726,99966.02873721295
19727,99966.02873721295
19728,99966.02873721295
19729,99966.02873721295
19730,99966.02873721295
19731,99966.02873721295
19732,99966.02873721295
19733,99966.02873721295
19734,99966.02873721295
19735,99966.02873721295
19736,99966.02873721295
19737,99966.02873721295
19738,99966.02873721295
19739,99966.02873721295
19740,99966.02873721295
19741,99966.02873721295
19742,99966.02873721295
19743,99966.02873721295
19744,99966.02873721295
19745,99966.02873721295
19746,99966.02873721295
19747,99966.02873721295
19748,99966.02873721295
19749,99966.02873721295
19750,99966.02873721295
19751,99966.02873721295
19752,99966.02873721295
19753,99966.02873721295
19754,99966.02873721295
19755,99966.02873721295
19756,99966.02873721295
19757,99966.02873721295
19758,99966.02873721295
19759,99966.02873721295
19760,99966.02873721295
19761,99966.02873721295
19762,99966.02873721295
19763,99966.02873721295
19764,99966.02873721295
19765,99966.02873721295
19766,99966.02873721295
19767,99966.02873721295
19768,99966.02873721295
19769,99966.02873721295
19770,99966.02873721295
19771,99966.02873721295
19772,99966.02873721295
19773,99966.02873721295
19774,99966.02873721295
19775,99966.02873721295
19776,99966.02873721295
19777,99966.02873721295
19778,99966.02873721295
19779,99966.02873721295
19780,99966.02873721295
19781,99966.02873721295
19782,99966.02873721295
19783,99966.02873721295
19784,99966.02873721295
19785,99966.02873721295
19786,99966.02873721295
19787,99966.02873721295
19788,99966.02873721295
19789,99966.02873721295
19790,99966.02873721295
19791,99966.02873721295
19792,99966.02873721295
19793,99966.02873721295
19794,99966.02873721295
19795,99966.02873721295
19796,99966.02873721295
19797,99966.02873721295
19798,99966.02873721295
19799,99966.02873721295
19800,99966.02873721295
19801,99966.02873721295
19802,99966.02873721295
19803,99966.02873721295
19804,99966.02873721295
19805,99966.02873721295
19806,99966.02873721295
19807,99966.02873721295
19808,99966.02873721295
19809,99966.02873721295
19810,99966.02873721295
19811,99966.02873721295
19812,99966.02873721295
19813,99966.02873721295
19814,99966.02873721295
19815,99966.02873721295
19816,99966.02873721295
19817,99966.02873721295
19818,99966.02873721295
19819,99966.02873721295
19820,99966.02873721295
19821,99966.02873721295
19822,99966.02873721295
19823,99966.02873721295
19824,99966.02873721295
19825,99966.02873721295
19826,99966.02873721295
19827,99966.02873721295
19828,99966.02873721295
19829,99966.02873721295
19830,99966.02873721295
19831,99966.02873721295
19832,99966.02873721295
19833,99966.02873721295
19834,99966.02873721295
19835,99966.02873721295
19836,99966.02873721295
19837,99966.02873721295
19838,99966.02873721295
19839,99966.02873721295
19840,99966.02873721295
19841,99966.02873721295
19842,99966.02873721295
19843,99966.02873721295
19844,99966.02873721295
19845,99966.02873721295
19846,99966.02873721295
19847,99966.02873721295
19848,99966.02873721295
19849,99966.02873721295
19850,99966.02873721295
19851,99966.02873721295
19852,99966.02873721295
19853,99966.02873721295
19854,99966.02873721295
19855,99966.02873721295
19856,99966.02873721295
19857,99966.02873721295
19858,99966.02873721295
19859,99966.02873721295
19860,99966.02873721295
19861,99966.02873721295
19862,99966.02873721295
19863,99966.02873721295
19864,99966.02873721295
19865,99966.02873721295
19866,99966.02873721295
19867,99966.02873721295
19868,99966.02873721295
19869,99966.02873721295
19870,99966.02873721295
19871,99966.02873721295
19872,99966.02873721295
19873,99966.02873721295
19874,99966.02873721295
19875,99966.02873721295
19876,99966.02873721295
19877,99966.02873721295
19878,99966.02873721295
19879,99966.02873721295
19880,99966.02873721295
19881,99966.02873721295
19882,99966.02873721295
19883,99966.02873721295
19884,99966.02873721295
19885,99966.02873721295
19886,99966.02873721295
19887,99966.02873721295
19888,99966.02873721295
19889,99966.02873721295
19890,99966.02873721295
19891,99966.02873721295
19892,99966.02873721295
19893,99966.02873721295
19894,99966.02873721295
19895,99966.02873721295
19896,99966.02873721295
19897,99966.02873721295
19898,99966.02873721295
19899,99966.02873721295
19900,99966.02873721295
19901,99966.02873721295
19902,99966.02873721295
19903,99966.02873721295
19904,99966.02873721295
19905,99966.02873721295
19906,99966.02873721295
19907,99966.02873721295
19908,99966.02873721295
19909,99966.02873721295
19910,99966.02873721295
19911,99966.02873721295
19912,99966.02873721295
19913,99966.02873721295
19914,99966.02873721295
19915,99966.02873721295
19916,99966.02873721295
19917,99966.02873721295
19918,99966.02873721295
19919,99966.02873721295
19920,99966.02873721295
19921,99966.02873721295
19922,99966.02873721295
19923,99966.02873721295
19924,99966.02873721295
19925,99966.02873721295
19926,99966.02873721295
19927,99966.02873721295
19928,99966.02873721295
19929,99966.02873721295
19930,99966.02873721295
19931,99966.02873721295
19932,99966.02873721295
19933,99966.02873721295
19934,99966.02873721295
19935,99966.02873721295
19936,99966.02873721295
19937,99966.02873721295
19938,99966.02873721295
19939,99966.02873721295
19940,99966.02873721295
19941,99966.02873721295
19942,99966.02873721295
19943,99966.02873721295
19944,99966.02873721295
19945,99966.02873721295
19946,99966.02873721295
19947,99966.02873721295
19948,99966.02873721295
19949,99966.02873721295
19950,99966.02873721295
19951,99966.02873721295
19952,99966.02873721295
19953,99966.02873721295
19954,99966.02873721295
19955,99966.02873721295
19956,99966.02873721295
19957,99966.02873721295
19958,99966.02873721295
19959,99966.02873721295
19960,99966.02873721295
19961,99966.02873721295
19962,99966.02873721295
19963,99966.02873721295
19964,99966.02873721295
19965,99966.02873721295
19966,99966.02873721295
19967,99966.02873721295
19968,99966.02873721295
19969,99966.02873721295
19970,99966.02873721295
19971,99966.02873721295
19972,99966.02873721295
19973,99966.02873721295
19974,99966.02873721295
19975,99966.02873721295
19976,99966.02873721295
19977,99966.02873721295
19978,99966.02873721295
19979,99966.02873721295
19980,99966.02873721295
19981,99966.02873721295
19982,99966.02873721295
19983,99966.02873721295
19984,99966.02873721295
19985,99966.02873721295
19986,99966.02873721295
19987,99966.02873721295
19988,99966.02873721295
19989,99966.02873721295
19990,99966.02873721295
19991,99966.02873721295
19992,99966.02873721295
19993,99966.02873721295
19994,99966.02873721295
19995,99966.02873721295
19996,99966.02873721295
19997,99966.02873721295
19998,99966.02873721295
19999,99966.02873721295
20000,99966.02873721295
20001,99966.02873721295
20002,99966.02873721295
20003,99966.02873721295
20004,99966.02873721295
20005,99966.02873721295
20006,99966.02873721295
20007,99966.02873721295
20008,99966.02873721295
20009,99966.02873721295
20010,99966.02873721295
20011,99966.02873721295
20012,99966.02873721295
20013,99966.02873721295
20014,99966.02873721295
20015,99966.02873721295
20016,99966.02873721295
20017,99966.02873721295
20018,99966.02873721295
20019,99966.02873721295
20020,99966.02873721295
20021,99966.02873721295
20022,99966.02873721295
20023,99966.02873721295
20024,99966.02873721295
20025,99966.02873721295
20026,99966.02873721295
20027,99966.02873721295
20028,99966.02873721295
20029,99966.02873721295
20030,99966.02873721295
20031,99966.02873721295
20032,99966.02873721295
20033,99966.02873721295
20034,99966.02873721295
20035,99966.02873721295
20036,99966.02873721295
20037,99966.02873721295
20038,99966.02873721295
20039,99966.02873721295
20040,99966.02873721295
20041,99966.02873721295
20042,99966.02873721295
20043,99966.02873721295
20044,99966.02873721295
20045,99966.02873721295
20046,99966.02873721295
20047,99966.02873721295
20048,99966.02873721295
20049,99966.02873721295
20050,99966.02873721295
20051,99966.02873721295
20052,99966.02873721295
20053,99966.02873721295
20054,99966.02873721295
20055,99966.02873721295
20056,99966.02873721295
20057,99966.02873721295
20058,99966.02873721295
20059,99966.02873721295
20060,99966.02873721295
20061,99966.02873721295
20062,99966.02873721295
20063,99966.02873721295
20064,99966.02873721295
20065,99966.02873721295
20066,99966.02873721295
20067,99966.02873721295
20068,99965.99226768008
20069,99965.59970665714
20070,99965.59970665714
20071,99965.59970665714
20072,99965.59970665714
20073,99965.59970665714
20074,99965.59970665714
20075,99965.59970665714
20076,99965.59970665714
20077,99965.59970665714
20078,99965.59970665714
20079,99965.59970665714
20080,99965.59970665714
20081,99965.59970665714
20082,99965.59970665714
20083,99965.59970665714
20084,99965.59970665714
20085,99965.59970665714
20086,99965.59970665714
20087,99965.59970665714
20088,99965.59970665714
20089,99965.59970665714
20090,99965.59970665714
20091,99965.59970665714
20092,99965.59970665714
20093,99965.59970665714
20094,99965.59970665714
20095,99965.59970665714
20096,99965.59970665714
20097,99965.59970665714
20098,99965.59970665714
20099,99965.59970665714
20100,99965.59970665714
20101,99965.59970665714
20102,99965.59970665714
20103,99965.59970665714
20104,99965.59970665714
20105,99965.59970665714
20106,99965.59970665714
20107,99965.59970665714
20108,99965.59970665714
20109,99965.59970665714
20110,99965.59970665714
20111,99965.59970665714
20112,99965.59970665714
20113,99965.59970665714
20114,99965.59970665714
20115,99965.59970665714
20116,99965.59970665714
20117,99965.59970665714
20118,99965.59970665714
20119,99965.59970665714
20120,99965.59970665714
20121,99965.59970665714
20122,99965.59970665714
20123,99965.59970665714
20124,99965.59970665714
20125,99965.54462008653
20126,99965.54462008653
20127,99965.54462008653
20128,99965.54462008653
20129,99965.54462008653
20130,99965.54462008653
20131,99966.05614049037
20132,99966.05614049037
20133,99966.05614049037
20134,99966.05614049037
20135,99966.05614049037
20136,99966.05614049037
20137,99966.05614049037
20138,99966.05614049037
20139,99966.05614049037
20140,99966.05614049037
20141,99966.05614049037
20142,99966.05614049037
20143,99966.05614049037
20144,99966.05614049037
20145,99966.05614049037
20146,99966.05614049037
20147,99966.05614049037
20148,99966.05614049037
20149,99966.05614049037
20150,99966.05614049037
20151,99966.05614049037
20152,99966.05614049037
20153,99966.05614049037
20154,99966.05614049037
20155,99966.05614049037
20156,99966.05614049037
20157,99966.05614049037
20158,99966.05614049037
20159,99966.05614049037
20160,99966.05614049037
20161,99966.05614049037
20162,99966.05614049037
20163,99966.05614049037
20164,99966.05614049037
20165,99966.05614049037
20166,99966.05614049037
20167,99966.05614049037
20168,99966.05614049037
20169,99966.05614049037
20170,99966.05614049037
20171,99966.05614049037
20172,99966.05614049037
20173,99966.05614049037
20174,99966.05614049037
20175,99966.05614049037
20176,99966.05614049037
20177,99966.05614049037
20178,99966.05614049037
20179,99966.05614049037
20180,99966.05614049037
20181,99966.05614049037
20182,99966.05614049037
20183,99966.05614049037
20184,99966.05614049037
20185,99966.05614049037
20186,99966.05614049037
20187,99966.05614049037
20188,99966.05614049037
20189,99966.05614049037
20190,99966.05614049037
20191,99966.05614049037
20192,99966.05614049037
20193,99966.05614049037
20194,99966.05614049037
20195,99966.05614049037
20196,99966.05614049037
20197,99966.05614049037
20198,99966.05614049037
20199,99966.05614049037
20200,99966.05614049037
20201,99966.05614049037
20202,99966.05614049037
20203,99966.05614049037
20204,99966.05614049037
20205,99966.05614049037
20206,99966.05614049037
20207,99966.02580292923
20208,99966.02580292923
20209,99966.02580292923
20210,99966.02580292923
20211,99965.75203906289
20212,99965.75203906289
20213,99965.75203906289
20214,99965.75203906289
20215,99965.75203906289
20216,99965.75203906289
20217,99965.75203906289
20218,99965.75203906289
20219,99965.75203906289
20220,99965.75203906289
20221,99965.75203906289
20222,99965.75203906289
20223,99965.75203906289
20224,99965.75203906289
20225,99965.75203906289
20226,99965.75203906289
20227,99965.75203906289
20228,99965.75203906289
20229,99965.75203906289
20230,99965.75203906289
20231,99965.75203906289
20232,99965.75203906289
20233,99965.75203906289
20234,99965.75203906289
20235,99965.75203906289
20236,99965.75203906289
20237,99965.70402188989
20238,99966.11465438138
20239,99966.11465438138
20240,99966.11465438138
20241,99966.11465438138
20242,99966.11465438138
20243,99966.11465438138
20244,99966.11465438138
20245,99966.11465438138
20246,99966.11465438138
20247,99966.11465438138
20248,99966.11465438138
20249,99966.11465438138
20250,99966.11465438138
20251,99966.11465438138
20252,99966.11465438138
20253,99966.11465438138
20254,99966.11465438138
20255,99966.11465438138
20256,99966.11465438138
20257,99966.11465438138
20258,99966.11465438138
20259,99966.11465438138
20260,99966.11465438138
20261,99966.11465438138
20262,99966.11465438138
20263,99966.11465438138
20264,99966.11465438138
20265,99966.11465438138
20266,99966.11465438138
20267,99966.11465438138
20268,99966.11465438138
20269,99966.11465438138
20270,99966.11465438138
20271,99966.11465438138
20272,99966.11465438138
20273,99966.11465438138
20274,99966.11465438138
20275,99966.11465438138
20276,99966.11465438138
20277,99966.11465438138
20278,99966.11465438138
20279,99966.11465438138
20280,99966.11465438138
20281,99966.11465438138
20282,99966.11465438138
20283,99966.11465438138
20284,99966.11465438138
20285,99966.11465438138
20286,99966.11465438138
20287,99966.11465438138
20288,99966.11465438138
20289,99966.11465438138
20290,99966.11465438138
20291,99966.11465438138
20292,99966.11465438138
20293,99966.11465438138
20294,99966.11465438138
20295,99966.11465438138
20296,99966.11465438138
20297,99966.11465438138
20298,99966.11465438138
20299,99966.11465438138
20300,99966.11465438138
20301,99966.11465438138
20302,99966.11465438138
20303,99966.11465438138
20304,99966.11465438138
20305,99966.11465438138
20306,99966.11465438138
20307,99966.11465438138
20308,99966.11465438138
20309,99966.11465438138
20310,99966.11465438138
20311,99966.11465438138
20312,99966.11465438138
20313,99966.11465438138
20314,99966.11465438138
20315,99966.11465438138
20316,99966.11465438138
20317,99966.11465438138
20318,99966.11465438138
20319,99966.11465438138
20320,99966.11465438138
20321,99966.11465438138
20322,99966.11465438138
20323,99966.11465438138
20324,99966.11465438138
20325,99966.11465438138
20326,99966.11465438138
20327,99966.11465438138
20328,99966.11465438138
20329,99966.11465438138
20330,99966.11465438138
20331,99966.11465438138
20332,99966.11465438138
20333,99966.11465438138
20334,99966.11465438138
20335,99966.11465438138
20336,99966.11465438138
20337,99966.11465438138
20338,99966.11465438138
20339,99966.11465438138
20340,99966.11465438138
20341,99966.11465438138
20342,99966.11465438138
20343,99966.11465438138
20344,99966.11465438138
20345,99966.11465438138
20346,99966.11465438138
20347,99966.11465438138
20348,99966.11465438138
20349,99966.11465438138
20350,99966.11465438138
20351,99966.11465438138
20352,99966.11465438138
20353,99966.11465438138
20354,99966.11465438138
20355,99966.11465438138
20356,99966.11465438138
20357,99966.11465438138
20358,99966.11465438138
20359,99966.11465438138
20360,99966.11465438138
20361,99966.11465438138
20362,99966.11465438138
20363,99966.11465438138
20364,99966.11465438138
20365,99966.11465438138
20366,99966.11465438138
20367,99966.11465438138
20368,99966.11465438138
20369,99966.11465438138
20370,99966.11465438138
20371,99966.11465438138
20372,99966.11465438138
20373,99966.11465438138
20374,99966.11465438138
20375,99966.11465438138
20376,99966.11465438138
20377,99966.11465438138
20378,99966.11465438138
20379,99966.11465438138
20380,99966.11465438138
20381,99966.11465438138
20382,99966.11465438138
20383,99966.11465438138
20384,99966.11465438138
20385,99966.11465438138
20386,99966.11465438138
20387,99966.11465438138
20388,99966.11465438138
20389,99966.11465438138
20390,99966.11465438138
20391,99966.11465438138
20392,99966.11465438138
20393,99966.11465438138
20394,99966.11465438138
20395,99966.11465438138
20396,99966.11465438138
20397,99966.11465438138
20398,99966.11465438138
20399,99966.11465438138
20400,99966.11465438138
20401,99966.11465438138
20402,99966.11465438138
20403,99966.11465438138
20404,99966.11465438138
20405,99966.11465438138
20406,99966.11465438138
20407,99966.11465438138
20408,99966.11465438138
20409,99966.05224382128
20410,99965.37178220751
20411,99965.37178220751
20412,99965.37178220751
20413,99965.37178220751
20414,99965.37178220751
20415,99965.37178220751
20416,99965.37178220751
20417,99965.37178220751
20418,99965.37178220751
20419,99965.37178220751
20420,99965.37178220751
20421,99965.37178220751
20422,99965.37178220751
20423,99965.37178220751
20424,99965.37178220751
20425,99965.37178220751
20426,99965.37178220751
20427,99965.37178220751
20428,99965.37178220751
20429,99965.37178220751
20430,99965.37178220751
20431,99965.37178220751
20432,99965.37178220751
20433,99965.37178220751
20434,99965.37178220751
20435,99965.37178220751
20436,99965.37178220751
20437,99965.37178220751
20438,99965.37178220751
20439,99965.37178220751
20440,99965.37178220751
20441,99965.37178220751
20442,99965.37178220751
20443,99965.37178220751
20444,99965.37178220751
20445,99965.37178220751
20446,99965.37178220751
20447,99965.37178220751
20448,99965.37178220751
20449,99965.37178220751
20450,99965.37178220751
20451,99965.37178220751
20452,99965.37178220751
20453,99965.37178220751
20454,99965.37178220751
20455,99965.37178220751
20456,99965.37178220751
20457,99965.37178220751
20458,99965.37178220751
20459,99965.37178220751
20460,99965.37178220751
20461,99965.37178220751
20462,99965.37178220751
20463,99965.37178220751
20464,99965.37178220751
20465,99965.37178220751
20466,99965.37178220751
20467,99965.37178220751
20468,99965.37178220751
20469,99965.37178220751
20470,99965.37178220751
20471,99965.37178220751
20472,99965.37178220751
20473,99965.37178220751
20474,99965.37178220751
20475,99965.37178220751
20476,99965.37178220751
20477,99965.37178220751
20478,99965.37178220751
20479,99965.37178220751
20480,99965.37178220751
20481,99965.37178220751
20482,99965.37178220751
20483,99965.37178220751
20484,99965.37178220751
20485,99965.37178220751
20486,99965.37178220751
20487,99965.37178220751
20488,99965.37178220751
20489,99965.37178220751
20490,99965.37178220751
20491,99965.37178220751
20492,99965.37178220751
20493,99965.37178220751
20494,99965.37178220751
20495,99965.37178220751
20496,99965.37178220751
20497,99965.37178220751
20498,99965.37178220751
20499,99965.37178220751
20500,99965.37178220751
20501,99965.37178220751
20502,99965.37178220751
20503,99965.37178220751
20504,99965.37178220751
20505,99965.37178220751
20506,99965.37178220751
20507,99965.37178220751
20508,99965.37178220751
20509,99965.37178220751
20510,99965.37178220751
20511,99965.37178220751
20512,99965.37178220751
20513,99965.37178220751
20514,99965.37178220751
20515,99965.37178220751
20516,99965.37178220751
20517,99965.37178220751
20518,99965.37178220751
20519,99965.37178220751
20520,99965.37178220751
20521,99965.37178220751
20522,99965.37178220751
20523,99965.37178220751
20524,99965.37178220751
20525,99965.37178220751
20526,99965.37178220751
20527,99965.37178220751
20528,99965.37178220751
20529,99965.37178220751
20530,99965.37178220751
20531,99965.37178220751
20532,99965.37178220751
20533,99965.37178220751
20534,99965.37178220751
20535,99965.37178220751
20536,99965.37178220751
20537,99965.37178220751
20538,99965.37178220751
20539,99965.37178220751
20540,99965.37178220751
20541,99965.37178220751
20542,99965.37178220751
20543,99965.37178220751
20544,99965.37178220751
20545,99965.37178220751
20546,99965.37178220751
20547,99965.37178220751
20548,99965.37178220751
20549,99965.37178220751
20550,99965.37178220751
20551,99965.37178220751
20552,99965.37178220751
20553,99965.37178220751
20554,99965.37178220751
20555,99965.37178220751
20556,99965.37178220751
20557,99965.37178220751
20558,99965.37178220751
20559,99965.37178220751
20560,99965.37178220751
20561,99965.37178220751
20562,99965.37178220751
20563,99965.37178220751
20564,99965.37178220751
20565,99965.37178220751
20566,99965.37178220751
20567,99965.37178220751
20568,99965.37178220751
20569,99965.37178220751
20570,99965.37178220751
20571,99965.37178220751
20572,99965.37178220751
20573,99965.37178220751
20574,99965.37178220751
20575,99965.37178220751
20576,99965.37178220751
20577,99965.37178220751
20578,99965.37178220751
20579,99965.37178220751
20580,99965.37178220751
20581,99965.37178220751
20582,99965.37178220751
20583,99965.37178220751
20584,99965.37178220751
20585,99965.37178220751
20586,99965.37178220751
20587,99965.37178220751
20588,99965.37178220751
20589,99965.37178220751
20590,99965.37178220751
20591,99965.37178220751
20592,99965.37178220751
20593,99965.37178220751
20594,99965.37178220751
20595,99965.37178220751
20596,99965.37178220751
20597,99965.37178220751
20598,99965.37178220751
20599,99965.37178220751
20600,99965.37178220751
20601,99965.37178220751
20602,99965.37178220751
20603,99965.37178220751
20604,99965.37178220751
20605,99965.37178220751
20606,99965.37178220751
20607,99965.37178220751
20608,99965.37178220751
20609,99965.37178220751
20610,99965.37178220751
20611,99965.37178220751
20612,99965.37178220751
20613,99965.37178220751
20614,99965.37178220751
20615,99965.37178220751
20616,99965.37178220751
20617,99965.37178220751
20618,99965.37178220751
20619,99965.37178220751
20620,99965.37178220751
20621,99965.37178220751
20622,99965.37178220751
20623,99965.37178220751
20624,99965.37178220751
20625,99965.37178220751
20626,99965.37178220751
20627,99965.37178220751
20628,99965.37178220751
20629,99965.37178220751
20630,99965.37178220751
20631,99965.37178220751
20632,99965.37178220751
20633,99965.37178220751
20634,99965.37178220751
20635,99965.37178220751
20636,99965.37178220751
20637,99965.37178220751
20638,99965.37178220751
20639,99965.37178220751
20640,99965.37178220751
20641,99965.37178220751
20642,99965.37178220751
20643,99965.37178220751
20644,99965.37178220751
20645,99965.37178220751
20646,99965.37178220751
20647,99965.37178220751
20648,99965.37178220751
20649,99965.37178220751
20650,99965.37178220751
20651,99965.37178220751
20652,99965.37178220751
20653,99965.37178220751
20654,99965.37178220751
20655,99965.37178220751
20656,99965.37178220751
20657,99965.37178220751
20658,99965.37178220751
20659,99965.37178220751
20660,99965.37178220751
20661,99965.37178220751
20662,99965.37178220751
20663,99965.37178220751
20664,99965.37178220751
20665,99965.37178220751
20666,99965.37178220751
20667,99965.37178220751
20668,99965.37178220751
20669,99965.37178220751
20670,99965.37178220751
20671,99965.37178220751
20672,99965.37178220751
20673,99965.37178220751
20674,99965.37178220751
20675,99965.37178220751
20676,99965.37178220751
20677,99965.37178220751
20678,99965.37178220751
20679,99965.37178220751
20680,99965.37178220751
20681,99965.37178220751
20682,99965.37178220751
20683,99965.37178220751
20684,99965.37178220751
20685,99965.37178220751
20686,99965.37178220751
20687,99965.37178220751
20688,99965.37178220751
20689,99965.37178220751
20690,99965.37178220751
20691,99965.37178220751
20692,99965.37178220751
20693,99965.37178220751
20694,99965.37178220751
20695,99965.37178220751
20696,99965.37178220751
20697,99965.37178220751
20698,99965.37178220751
20699,99965.37178220751
20700,99965.37178220751
20701,99965.37178220751
20702,99965.37178220751
20703,99965.37178220751
20704,99965.37178220751
20705,99965.37178220751
20706,99965.37178220751
20707,99965.37178220751
20708,99965.37178220751
20709,99965.37178220751
20710,99965.37178220751
20711,99965.37178220751
20712,99965.37178220751
20713,99965.37178220751
20714,99965.37178220751
20715,99965.37178220751
20716,99965.37178220751
20717,99965.37178220751
20718,99965.37178220751
20719,99965.37178220751
20720,99965.37178220751
20721,99965.37178220751
20722,99965.37178220751
20723,99965.37178220751
20724,99965.37178220751
20725,99965.37178220751
20726,99965.37178220751
20727,99965.37178220751
20728,99965.37178220751
20729,99965.37178220751
20730,99965.37178220751
20731,99965.37178220751
20732,99965.37178220751
20733,99965.37178220751
20734,99965.37178220751
20735,99965.37178220751
20736,99965.37178220751
20737,99965.37178220751
20738,99965.37178220751
20739,99965.37178220751
20740,99965.37178220751
20741,99965.37178220751
20742,99965.37178220751
20743,99965.37178220751
20744,99965.37178220751
20745,99965.37178220751
20746,99965.37178220751
20747,99965.37178220751
20748,99965.37178220751
20749,99965.37178220751
20750,99965.37178220751
20751,99965.37178220751
20752,99965.37178220751
20753,99965.37178220751
20754,99965.37178220751
20755,99965.37178220751
20756,99965.37178220751
20757,99965.37178220751
20758,99965.37178220751
20759,99965.37178220751
20760,99965.37178220751
20761,99965.37178220751
20762,99965.37178220751
20763,99965.37178220751
20764,99965.37178220751
20765,99965.37178220751
20766,99965.37178220751
20767,99965.37178220751
20768,99965.37178220751
20769,99965.37178220751
20770,99965.37178220751
20771,99965.37178220751
20772,99965.37178220751
20773,99965.37178220751
20774,99965.37178220751
20775,99965.37178220751
20776,99965.37178220751
20777,99965.37178220751
20778,99965.37178220751
20779,99965.37178220751
20780,99965.37178220751
20781,99965.37178220751
20782,99965.37178220751
20783,99965.37178220751
20784,99965.37178220751
20785,99965.37178220751
20786,99965.37178220751
20787,99965.37178220751
20788,99965.37178220751
20789,99965.37178220751
20790,99965.37178220751
20791,99965.37178220751
20792,99965.37178220751
20793,99965.37178220751
20794,99965.37178220751
20795,99965.37178220751
20796,99965.37178220751
20797,99965.37178220751
20798,99965.37178220751
20799,99965.37178220751
20800,99965.37178220751
20801,99965.37178220751
20802,99965.37178220751
20803,99965.37178220751
20804,99965.37178220751
20805,99965.37178220751
20806,99965.37178220751
20807,99965.37178220751
20808,99965.37178220751
20809,99965.37178220751
20810,99965.37178220751
20811,99965.37178220751
20812,99965.37178220751
20813,99965.37178220751
20814,99965.37178220751
20815,99965.37178220751
20816,99965.37178220751
20817,99965.37178220751
20818,99965.37178220751
20819,99965.37178220751
20820,99965.37178220751
20821,99965.37178220751
20822,99965.37178220751
20823,99965.37178220751
20824,99965.37178220751
20825,99965.37178220751
20826,99965.37178220751
20827,99965.37178220751
20828,99965.37178220751
20829,99965.37178220751
20830,99965.37178220751
20831,99965.37178220751
20832,99965.37178220751
20833,99965.37178220751
20834,99965.37178220751
20835,99965.37178220751
20836,99965.37178220751
20837,99965.37178220751
20838,99965.37178220751
20839,99965.37178220751
20840,99965.37178220751
20841,99965.37178220751
20842,99965.37178220751
20843,99965.37178220751
20844,99965.37178220751
20845,99965.37178220751
20846,99965.37178220751
20847,99965.37178220751
20848,99965.37178220751
20849,99965.37178220751
20850,99965.37178220751
20851,99965.37178220751
20852,99965.37178220751
20853,99965.37178220751
20854,99965.37178220751
20855,99965.37178220751
20856,99965.37178220751
20857,99965.37178220751
20858,99965.37178220751
20859,99965.37178220751
20860,99965.37178220751
20861,99965.37178220751
20862,99965.37178220751
20863,99965.37178220751
20864,99965.37178220751
20865,99965.37178220751
20866,99965.37178220751
20867,99965.37178220751
20868,99965.37178220751
20869,99965.37178220751
20870,99965.37178220751
20871,99965.37178220751
20872,99965.37178220751
20873,99965.37178220751
20874,99965.37178220751
20875,99965.37178220751
20876,99965.37178220751
20877,99965.37178220751
20878,99965.37178220751
20879,99965.37178220751
20880,99965.37178220751
20881,99965.37178220751
20882,99965.37178220751
20883,99965.37178220751
20884,99965.37178220751
20885,99965.37178220751
20886,99965.37178220751
20887,99965.37178220751
20888,99965.37178220751
20889,99965.37178220751
20890,99965.37178220751
20891,99965.37178220751
20892,99965.37178220751
20893,99965.37178220751
20894,99965.37178220751
20895,99965.37178220751
20896,99965.37178220751
20897,99965.37178220751
20898,99965.37178220751
20899,99965.37178220751
20900,99965.37178220751
20901,99965.37178220751
20902,99965.37178220751
20903,99965.37178220751
20904,99965.37178220751
20905,99965.37178220751
20906,99965.37178220751
20907,99965.37178220751
20908,99965.37178220751
20909,99965.37178220751
20910,99965.37178220751
20911,99965.37178220751
20912,99965.37178220751
20913,99965.37178220751
20914,99965.37178220751
20915,99965.37178220751
20916,99965.37178220751
20917,99965.37178220751
20918,99965.37178220751
20919,99965.37178220751
20920,99965.37178220751
20921,99965.37178220751
20922,99965.37178220751
20923,99965.37178220751
20924,99965.37178220751
20925,99965.37178220751
20926,99965.37178220751
20927,99965.37178220751
20928,99965.37178220751
20929,99965.37178220751
20930,99965.37178220751
20931,99965.37178220751
20932,99965.37178220751
20933,99965.37178220751
20934,99965.37178220751
20935,99965.37178220751
20936,99965.37178220751
20937,99965.37178220751
20938,99965.37178220751
20939,99965.37178220751
20940,99965.37178220751
20941,99965.37178220751
20942,99965.37178220751
20943,99965.37178220751
20944,99965.37178220751
20945,99965.37178220751
20946,99965.37178220751
20947,99965.37178220751
20948,99965.37178220751
20949,99965.37178220751
20950,99965.37178220751
20951,99965.37178220751
20952,99965.37178220751
20953,99965.37178220751
20954,99965.37178220751
20955,99965.37178220751
20956,99965.37178220751
20957,99965.37178220751
20958,99965.37178220751
20959,99965.37178220751
20960,99965.37178220751
20961,99965.37178220751
20962,99965.37178220751
20963,99965.37178220751
20964,99965.37178220751
20965,99965.37178220751
20966,99965.37178220751
20967,99965.37178220751
20968,99965.37178220751
20969,99965.37178220751
20970,99965.37178220751
20971,99965.37178220751
20972,99965.37178220751
20973,99965.37178220751
20974,99965.37178220751
20975,99965.37178220751
20976,99965.37178220751
20977,99965.37178220751
20978,99965.37178220751
20979,99965.37178220751
20980,99965.37178220751
20981,99965.37178220751
20982,99965.37178220751
20983,99965.37178220751
20984,99965.37178220751
20985,99965.37178220751
20986,99965.37178220751
20987,99965.37178220751
20988,99965.37178220751
20989,99965.37178220751
20990,99965.37178220751
20991,99965.37178220751
20992,99965.37178220751
20993,99965.37178220751
20994,99965.37178220751
20995,99965.37178220751
20996,99965.37178220751
20997,99965.37178220751
20998,99965.37178220751
20999,99965.37178220751
21000,99965.37178220751
21001,99965.37178220751
21002,99965.37178220751
21003,99965.37178220751
21004,99965.37178220751
21005,99965.37178220751
21006,99965.37178220751
21007,99965.37178220751
21008,99965.37178220751
21009,99965.37178220751
21010,99965.37178220751
21011,99965.37178220751
21012,99965.37178220751
21013,99965.37178220751
21014,99965.37178220751
21015,99965.37178220751
21016,99965.37178220751
21017,99965.37178220751
21018,99965.37178220751
21019,99965.37178220751
21020,99965.37178220751
21021,99965.37178220751
21022,99965.37178220751
21023,99965.37178220751
21024,99965.37178220751
21025,99965.37178220751
21026,99965.37178220751
21027,99965.37178220751
21028,99965.37178220751
21029,99965.37178220751
21030,99965.37178220751
21031,99965.37178220751
21032,99965.37178220751
21033,99965.37178220751
21034,99965.37178220751
21035,99965.37178220751
21036,99965.37178220751
21037,99965.37178220751
21038,99965.37178220751
21039,99965.37178220751
21040,99965.37178220751
21041,99965.37178220751
21042,99965.37178220751
21043,99965.37178220751
21044,99965.37178220751
21045,99965.37178220751
21046,99965.37178220751
21047,99965.37178220751
21048,99965.37178220751
21049,99965.37178220751
21050,99965.37178220751
21051,99965.37178220751
21052,99965.37178220751
21053,99965.37178220751
21054,99965.37178220751
21055,99965.37178220751
21056,99965.37178220751
21057,99965.37178220751
21058,99965.37178220751
21059,99965.37178220751
21060,99965.37178220751
21061,99965.37178220751
21062,99965.37178220751
21063,99965.37178220751
21064,99965.37178220751
21065,99965.37178220751
21066,99965.37178220751
21067,99965.37178220751
21068,99965.37178220751
21069,99965.37178220751
21070,99965.37178220751
21071,99965.37178220751
21072,99965.37178220751
21073,99965.37178220751
21074,99965.37178220751
21075,99965.37178220751
21076,99965.37178220751
21077,99965.37178220751
21078,99965.37178220751
21079,99965.37178220751
21080,99965.37178220751
21081,99965.37178220751
21082,99965.37178220751
21083,99965.37178220751
21084,99965.37178220751
21085,99965.37178220751
21086,99965.37178220751
21087,99965.37178220751
21088,99965.37178220751
21089,99965.37178220751
21090,99965.37178220751
21091,99965.37178220751
21092,99965.37178220751
21093,99965.37178220751
21094,99965.37178220751
21095,99965.37178220751
21096,99965.37178220751
21097,99965.37178220751
21098,99965.37178220751
21099,99965.37178220751
21100,99965.37178220751
21101,99965.37178220751
21102,99965.37178220751
21103,99965.37178220751
21104,99965.37178220751
21105,99965.37178220751
21106,99965.37178220751
21107,99965.37178220751
21108,99965.37178220751
21109,99965.37178220751
21110,99965.37178220751
21111,99965.37178220751
21112,99965.37178220751
21113,99965.37178220751
21114,99965.37178220751
21115,99965.37178220751
21116,99965.37178220751
21117,99965.37178220751
21118,99965.37178220751
21119,99965.37178220751
21120,99965.37178220751
21121,99965.37178220751
21122,99965.37178220751
21123,99965.37178220751
21124,99965.37178220751
21125,99965.37178220751
21126,99965.37178220751
21127,99965.37178220751
21128,99965.37178220751
21129,99965.37178220751
21130,99965.37178220751
21131,99965.37178220751
21132,99965.37178220751
21133,99965.37178220751
21134,99965.37178220751
21135,99965.37178220751
21136,99965.37178220751
21137,99965.37178220751
21138,99965.37178220751
21139,99965.37178220751
21140,99965.37178220751
21141,99965.37178220751
21142,99965.37178220751
21143,99965.37178220751
21144,99965.37178220751
21145,99965.37178220751
21146,99965.37178220751
21147,99965.37178220751
21148,99965.37178220751
21149,99965.37178220751
21150,99965.37178220751
21151,99965.37178220751
21152,99965.37178220751
21153,99965.37178220751
21154,99965.37178220751
21155,99965.37178220751
21156,99965.37178220751
21157,99965.37178220751
21158,99965.37178220751
21159,99965.37178220751
21160,99965.37178220751
21161,99965.37178220751
21162,99965.37178220751
21163,99965.37178220751
21164,99965.37178220751
21165,99965.37178220751
21166,99965.37178220751
21167,99965.37178220751
21168,99965.37178220751
21169,99965.37178220751
21170,99965.37178220751
21171,99965.37178220751
21172,99965.37178220751
21173,99965.37178220751
21174,99965.37178220751
21175,99965.37178220751
21176,99965.37178220751
21177,99965.37178220751
21178,99965.37178220751
21179,99965.37178220751
21180,99965.37178220751
21181,99965.37178220751
21182,99965.37178220751
21183,99965.37178220751
21184,99965.37178220751
21185,99965.37178220751
21186,99965.37178220751
21187,99965.37178220751
21188,99965.37178220751
21189,99965.37178220751
21190,99965.37178220751
21191,99965.37178220751
21192,99965.37178220751
21193,99965.37178220751
21194,99965.37178220751
21195,99965.37178220751
21196,99965.37178220751
21197,99965.37178220751
21198,99965.37178220751
21199,99965.37178220751
21200,99965.37178220751
21201,99965.37178220751
21202,99965.37178220751
21203,99965.37178220751
21204,99965.37178220751
21205,99965.37178220751
21206,99965.37178220751
21207,99965.37178220751
21208,99965.37178220751
21209,99965.37178220751
21210,99965.37178220751
21211,99965.37178220751
21212,99965.37178220751
21213,99965.37178220751
21214,99965.37178220751
21215,99965.37178220751
21216,99965.37178220751
21217,99965.37178220751
21218,99965.37178220751
21219,99965.37178220751
21220,99965.37178220751
21221,99965.37178220751
21222,99965.37178220751
21223,99965.37178220751
21224,99965.37178220751
21225,99965.37178220751
21226,99965.37178220751
21227,99965.37178220751
21228,99965.37178220751
21229,99965.37178220751
21230,99965.37178220751
21231,99965.37178220751
21232,99965.37178220751
21233,99965.37178220751
21234,99965.37178220751
21235,99965.37178220751
21236,99965.37178220751
21237,99965.37178220751
21238,99965.37178220751
21239,99965.37178220751
21240,99965.37178220751
21241,99965.37178220751
21242,99965.37178220751
21243,99965.37178220751
21244,99965.37178220751
21245,99965.37178220751
21246,99965.37178220751
21247,99965.37178220751
21248,99965.37178220751
21249,99965.37178220751
21250,99965.37178220751
21251,99965.37178220751
21252,99965.37178220751
21253,99965.37178220751
21254,99965.37178220751
21255,99965.37178220751
21256,99965.37178220751
21257,99965.37178220751
21258,99965.37178220751
21259,99965.37178220751
21260,99965.37178220751
21261,99965.37178220751
21262,99965.37178220751
21263,99965.37178220751
21264,99965.37178220751
21265,99965.37178220751
21266,99965.37178220751
21267,99965.37178220751
21268,99965.37178220751
21269,99965.37178220751
21270,99965.37178220751
21271,99965.37178220751
21272,99965.37178220751
21273,99965.37178220751
21274,99965.37178220751
21275,99965.37178220751
21276,99965.37178220751
21277,99965.37178220751
21278,99965.37178220751
21279,99965.37178220751
21280,99965.37178220751
21281,99965.37178220751
21282,99965.37178220751
21283,99965.37178220751
21284,99965.37178220751
21285,99965.37178220751
21286,99965.37178220751
21287,99965.37178220751
21288,99965.37178220751
21289,99965.37178220751
21290,99965.37178220751
21291,99965.37178220751
21292,99965.37178220751
21293,99965.37178220751
21294,99965.37178220751
21295,99965.37178220751
21296,99965.37178220751
21297,99965.37178220751
21298,99965.37178220751
21299,99965.37178220751
21300,99965.37178220751
21301,99965.37178220751
21302,99965.37178220751
21303,99965.37178220751
21304,99965.37178220751
21305,99965.37178220751
21306,99965.37178220751
21307,99965.37178220751
21308,99965.37178220751
21309,99965.37178220751
21310,99965.37178220751
21311,99965.37178220751
21312,99965.37178220751
21313,99965.37178220751
21314,99965.37178220751
21315,99965.37178220751
21316,99965.37178220751
21317,99965.37178220751
21318,99965.37178220751
21319,99965.37178220751
21320,99965.37178220751
21321,99965.37178220751
21322,99965.37178220751
21323,99965.37178220751
21324,99965.37178220751
21325,99965.37178220751
21326,99965.37178220751
21327,99965.37178220751
21328,99965.37178220751
21329,99965.37178220751
21330,99965.37178220751
21331,99965.37178220751
21332,99965.37178220751
21333,99965.37178220751
21334,99965.37178220751
21335,99965.37178220751
21336,99965.37178220751
21337,99965.37178220751
21338,99965.37178220751
21339,99965.37178220751
21340,99965.37178220751
21341,99965.37178220751
21342,99965.37178220751
21343,99965.37178220751
21344,99965.37178220751
21345,99965.37178220751
21346,99965.37178220751
21347,99965.37178220751
21348,99965.37178220751
21349,99965.37178220751
21350,99965.37178220751
21351,99965.37178220751
21352,99965.37178220751
21353,99965.37178220751
21354,99965.37178220751
21355,99965.37178220751
21356,99965.37178220751
21357,99965.37178220751
21358,99965.37178220751
21359,99965.37178220751
21360,99965.37178220751
21361,99965.37178220751
21362,99965.37178220751
21363,99965.37178220751
21364,99965.37178220751
21365,99965.37178220751
21366,99965.37178220751
21367,99965.37178220751
21368,99965.37178220751
21369,99965.37178220751
21370,99965.37178220751
21371,99965.37178220751
21372,99965.37178220751
21373,99965.37178220751
21374,99965.37178220751
21375,99965.37178220751
21376,99965.37178220751
21377,99965.37178220751
21378,99965.37178220751
21379,99965.37178220751
21380,99965.37178220751
21381,99965.37178220751
21382,99965.37178220751
21383,99965.37178220751
21384,99965.37178220751
21385,99965.37178220751
21386,99965.37178220751
21387,99965.37178220751
21388,99965.37178220751
21389,99965.37178220751
21390,99965.37178220751
21391,99965.37178220751
21392,99965.37178220751
21393,99965.37178220751
21394,99965.37178220751
21395,99965.37178220751
21396,99965.37178220751
21397,99965.37178220751
21398,99965.37178220751
21399,99965.37178220751
21400,99965.37178220751
21401,99965.37178220751
21402,99965.37178220751
21403,99965.37178220751
21404,99965.37178220751
21405,99965.37178220751
21406,99965.37178220751
21407,99965.37178220751
21408,99965.37178220751
21409,99965.37178220751
21410,99965.37178220751
21411,99965.37178220751
21412,99965.37178220751
21413,99965.37178220751
21414,99965.37178220751
21415,99965.37178220751
21416,99965.37178220751
21417,99965.37178220751
21418,99965.37178220751
21419,99965.37178220751
21420,99965.37178220751
21421,99965.37178220751
21422,99965.37178220751
21423,99965.37178220751
21424,99965.37178220751
21425,99965.37178220751
21426,99965.37178220751
21427,99965.37178220751
21428,99965.37178220751
21429,99965.37178220751
21430,99965.37178220751
21431,99965.37178220751
21432,99965.37178220751
21433,99965.37178220751
21434,99965.37178220751
21435,99965.37178220751
21436,99965.37178220751
21437,99965.37178220751
21438,99965.37178220751
21439,99965.37178220751
21440,99965.37178220751
21441,99965.37178220751
21442,99965.37178220751
21443,99965.37178220751
21444,99965.37178220751
21445,99965.37178220751
21446,99965.37178220751
21447,99965.37178220751
21448,99965.37178220751
21449,99965.37178220751
21450,99965.37178220751
21451,99965.37178220751
21452,99965.37178220751
21453,99965.37178220751
21454,99965.37178220751
21455,99965.37178220751
21456,99965.37178220751
21457,99965.37178220751
21458,99965.37178220751
21459,99965.37178220751
21460,99965.37178220751
21461,99965.37178220751
21462,99965.37178220751
21463,99965.37178220751
21464,99965.37178220751
21465,99965.37178220751
21466,99965.37178220751
21467,99965.37178220751
21468,99965.37178220751
21469,99965.37178220751
21470,99965.37178220751
21471,99965.37178220751
21472,99965.37178220751
21473,99965.37178220751
21474,99965.37178220751
21475,99965.37178220751
21476,99965.37178220751
21477,99965.37178220751
21478,99965.37178220751
21479,99965.37178220751
21480,99965.37178220751
21481,99965.37178220751
21482,99965.37178220751
21483,99965.37178220751
21484,99965.37178220751
21485,99965.37178220751
21486,99965.37178220751
21487,99965.37178220751
21488,99965.37178220751
21489,99965.37178220751
21490,99965.37178220751
21491,99965.37178220751
21492,99965.37178220751
21493,99965.37178220751
21494,99965.37178220751
21495,99965.37178220751
21496,99965.37178220751
21497,99965.37178220751
21498,99965.37178220751
21499,99965.37178220751
21500,99965.37178220751
21501,99965.37178220751
21502,99965.37178220751
21503,99965.37178220751
21504,99965.37178220751
21505,99965.37178220751
21506,99965.37178220751
21507,99965.37178220751
21508,99965.37178220751
21509,99965.37178220751
21510,99965.37178220751
21511,99965.37178220751
21512,99965.37178220751
21513,99965.37178220751
21514,99965.37178220751
21515,99965.37178220751
21516,99965.37178220751
21517,99965.37178220751
21518,99965.37178220751
21519,99965.37178220751
21520,99965.37178220751
21521,99965.37178220751
21522,99965.37178220751
21523,99965.37178220751
21524,99965.37178220751
21525,99965.37178220751
21526,99965.37178220751
21527,99965.37178220751
21528,99965.37178220751
21529,99965.37178220751
21530,99965.37178220751
21531,99965.37178220751
21532,99965.37178220751
21533,99965.37178220751
21534,99965.37178220751
21535,99965.37178220751
21536,99965.37178220751
21537,99965.37178220751
21538,99965.37178220751
21539,99965.37178220751
21540,99965.37178220751
21541,99965.37178220751
21542,99965.37178220751
21543,99965.37178220751
21544,99965.37178220751
21545,99965.37178220751
21546,99965.37178220751
21547,99965.37178220751
21548,99965.37178220751
21549,99965.37178220751
21550,99965.37178220751
21551,99965.37178220751
21552,99965.37178220751
21553,99965.37178220751
21554,99965.37178220751
21555,99965.37178220751
21556,99965.37178220751
21557,99965.37178220751
21558,99965.37178220751
21559,99965.37178220751
21560,99965.37178220751
21561,99965.37178220751
21562,99965.37178220751
21563,99965.37178220751
21564,99965.37178220751
21565,99965.37178220751
21566,99965.37178220751
21567,99965.37178220751
21568,99965.37178220751
21569,99965.37178220751
21570,99965.37178220751
21571,99965.37178220751
21572,99965.37178220751
21573,99965.37178220751
21574,99965.37178220751
21575,99965.37178220751
21576,99965.37178220751
21577,99965.37178220751
21578,99965.37178220751
21579,99965.37178220751
21580,99965.37178220751
21581,99965.37178220751
21582,99965.37178220751
21583,99965.37178220751
21584,99965.37178220751
21585,99965.37178220751
21586,99965.37178220751
21587,99965.37178220751
21588,99965.37178220751
21589,99965.37178220751
21590,99965.37178220751
21591,99965.37178220751
21592,99965.37178220751
21593,99965.37178220751
21594,99965.37178220751
21595,99965.37178220751
21596,99965.37178220751
21597,99965.37178220751
21598,99965.37178220751
21599,99965.37178220751
21600,99965.37178220751
21601,99965.37178220751
21602,99965.37178220751
21603,99965.37178220751
21604,99965.37178220751
21605,99965.37178220751
21606,99965.37178220751
21607,99965.37178220751
21608,99965.37178220751
21609,99965.37178220751
21610,99965.37178220751
21611,99965.37178220751
21612,99965.37178220751
21613,99965.37178220751
21614,99965.37178220751
21615,99965.37178220751
21616,99965.37178220751
21617,99965.37178220751
21618,99965.37178220751
21619,99965.37178220751
21620,99965.37178220751
21621,99965.37178220751
21622,99965.37178220751
21623,99965.37178220751
21624,99965.37178220751
21625,99965.37178220751
21626,99965.37178220751
21627,99965.37178220751
21628,99965.37178220751
21629,99965.37178220751
21630,99965.37178220751
21631,99965.37178220751
21632,99965.37178220751
21633,99965.37178220751
21634,99965.37178220751
21635,99965.37178220751
21636,99965.37178220751
21637,99965.37178220751
21638,99965.37178220751
21639,99965.37178220751
21640,99965.37178220751
21641,99965.37178220751
21642,99965.37178220751
21643,99965.37178220751
21644,99965.31117142003
21645,99965.31117142003
21646,99965.31117142003
21647,99964.7650850657
21648,99964.7650850657
21649,99964.7650850657
21650,99964.7650850657
21651,99964.7650850657
21652,99964.7650850657
21653,99964.7650850657
21654,99964.7650850657
21655,99964.7650850657
21656,99964.7650850657
21657,99964.7650850657
21658,99964.7650850657
21659,99964.7650850657
21660,99964.7650850657
21661,99964.7650850657
21662,99964.7650850657
21663,99964.7650850657
21664,99964.7650850657
21665,99964.7650850657
21666,99964.7650850657
21667,99964.7650850657
21668,99964.7650850657
21669,99964.7650850657
21670,99964.7650850657
21671,99964.7650850657
21672,99964.7650850657
21673,99964.7650850657
21674,99964.7650850657
21675,99964.7650850657
21676,99964.7650850657
21677,99964.7650850657
21678,99964.7650850657
21679,99964.7650850657
21680,99964.7650850657
21681,99964.7650850657
21682,99964.7650850657
21683,99964.7650850657
21684,99964.7650850657
21685,99964.7650850657
21686,99964.7650850657
21687,99964.7650850657
21688,99964.73942950222
21689,99964.41972656838
21690,99964.41972656838
21691,99964.41972656838
21692,99964.41972656838
21693,99964.41972656838
21694,99964.41972656838
21695,99964.41972656838
21696,99964.41972656838
21697,99964.41972656838
21698,99964.41972656838
21699,99964.41972656838
21700,99964.41972656838
21701,99964.41972656838
21702,99964.41972656838
21703,99964.41972656838
21704,99964.41972656838
21705,99964.41972656838
21706,99964.41972656838
21707,99964.41972656838
21708,99964.41972656838
21709,99964.41972656838
21710,99964.41972656838
21711,99964.41972656838
21712,99964.41972656838
21713,99964.41972656838
21714,99964.41972656838
21715,99964.41972656838
21716,99964.41972656838
21717,99964.41972656838
21718,99964.41972656838
21719,99964.41972656838
21720,99964.41972656838
21721,99964.41972656838
21722,99964.41972656838
21723,99964.41972656838
21724,99964.41972656838
21725,99964.41972656838
21726,99964.41972656838
21727,99964.41972656838
21728,99964.41972656838
21729,99964.41972656838
21730,99964.41972656838
21731,99964.41972656838
21732,99964.41972656838
21733,99964.41972656838
21734,99964.41972656838
21735,99964.41972656838
21736,99964.41972656838
21737,99964.41972656838
21738,99964.41972656838
21739,99964.41972656838
21740,99964.41972656838
21741,99964.41972656838
21742,99964.41972656838
21743,99964.41972656838
21744,99964.41972656838
21745,99964.41972656838
21746,99964.41972656838
21747,99964.41972656838
21748,99964.41972656838
21749,99964.41972656838
21750,99964.41972656838
21751,99964.41972656838
21752,99964.36487490182
21753,99964.36487490182
21754,99964.77977981658
21755,99964.77977981658
21756,99964.77977981658
21757,99964.77977981658
21758,99964.77977981658
21759,99964.77977981658
21760,99964.77977981658
21761,99964.77977981658
21762,99964.77977981658
21763,99964.77977981658
21764,99964.77977981658
21765,99964.77977981658
21766,99964.77977981658
21767,99964.77977981658
21768,99964.77977981658
21769,99964.77977981658
21770,99964.77977981658
21771,99964.77977981658
21772,99964.77977981658
21773,99964.77977981658
21774,99964.77977981658
21775,99964.77977981658
21776,99964.77977981658
21777,99964.77977981658
21778,99964.77977981658
21779,99964.77977981658
21780,99964.77977981658
21781,99964.77977981658
21782,99964.77977981658
21783,99964.77977981658
21784,99964.77977981658
21785,99964.77977981658
21786,99964.77977981658
21787,99964.77977981658
21788,99964.77977981658
21789,99964.77977981658
21790,99964.77977981658
21791,99964.77977981658
21792,99964.77977981658
21793,99964.77977981658
21794,99964.77977981658
21795,99964.77977981658
21796,99964.77977981658
21797,99964.77977981658
21798,99964.77977981658
21799,99964.77977981658
21800,99964.77977981658
21801,99964.77977981658
21802,99964.77977981658
21803,99964.77977981658
21804,99964.77977981658
21805,99964.77977981658
21806,99964.77977981658
21807,99964.77977981658
21808,99964.77977981658
21809,99964.77977981658
21810,99964.77977981658
21811,99964.77977981658
21812,99964.77977981658
21813,99964.77977981658
21814,99964.77977981658
21815,99964.77977981658
21816,99964.77977981658
21817,99964.77977981658
21818,99964.77977981658
21819,99964.77977981658
21820,99964.77977981658
21821,99964.77977981658
21822,99964.77977981658
21823,99964.77977981658
21824,99964.77977981658
21825,99964.77977981658
21826,99964.77977981658
21827,99964.77977981658
21828,99964.77977981658
21829,99964.77977981658
21830,99964.77977981658
21831,99964.77977981658
21832,99964.77977981658
21833,99964.77977981658
21834,99964.77977981658
21835,99964.77977981658
21836,99964.77977981658
21837,99964.77977981658
21838,99964.77977981658
21839,99964.77977981658
21840,99964.77977981658
21841,99964.77977981658
21842,99964.77977981658
21843,99964.77977981658
21844,99964.77977981658
21845,99964.77977981658
21846,99964.77977981658
21847,99964.77977981658
21848,99964.77977981658
21849,99964.77977981658
21850,99964.77977981658
21851,99964.77977981658
21852,99964.77977981658
21853,99964.77977981658
21854,99964.77977981658
21855,99964.77977981658
21856,99964.77977981658
21857,99964.77977981658
21858,99964.77977981658
21859,99964.77977981658
21860,99964.77977981658
21861,99964.77977981658
21862,99964.77977981658
21863,99964.77977981658
21864,99964.77977981658
21865,99964.77977981658
21866,99964.77977981658
21867,99964.77977981658
21868,99964.77977981658
21869,99964.77977981658
21870,99964.77977981658
21871,99964.77977981658
21872,99964.77977981658
21873,99964.77977981658
21874,99964.77977981658
21875,99964.77977981658
21876,99964.77977981658
21877,99964.77977981658
21878,99964.77977981658
21879,99964.77977981658
21880,99964.77977981658
21881,99964.77977981658
21882,99964.77977981658
21883,99964.77977981658
21884,99964.77977981658
21885,99964.77977981658
21886,99964.77977981658
21887,99964.77977981658
21888,99964.77977981658
21889,99964.77977981658
21890,99964.77977981658
21891,99964.77977981658
21892,99964.77977981658
21893,99964.77977981658
21894,99964.77977981658
21895,99964.77977981658
21896,99964.77977981658
21897,99964.77977981658
21898,99964.77977981658
21899,99964.77977981658
21900,99964.77977981658
21901,99964.77977981658
21902,99964.77977981658
21903,99964.77977981658
21904,99964.77977981658
21905,99964.77977981658
21906,99964.77977981658
21907,99964.77977981658
21908,99964.77977981658
21909,99964.77977981658
21910,99964.77977981658
21911,99964.77977981658
21912,99964.77977981658
21913,99964.77977981658
21914,99964.77977981658
21915,99964.77977981658
21916,99964.77977981658
21917,99964.77977981658
21918,99964.77977981658
21919,99964.77977981658
21920,99964.77977981658
21921,99964.77977981658
21922,99964.77977981658
21923,99964.77977981658
21924,99964.77977981658
21925,99964.77977981658
21926,99964.77977981658
21927,99964.77977981658
21928,99964.77977981658
21929,99964.77977981658
21930,99964.77977981658
21931,99964.77977981658
21932,99964.77977981658
21933,99964.77977981658
21934,99964.77977981658
21935,99964.77977981658
21936,99964.77977981658
21937,99964.77977981658
21938,99964.77977981658
21939,99964.77977981658
21940,99964.77977981658
21941,99964.77977981658
21942,99964.77977981658
21943,99964.77977981658
21944,99964.77977981658
21945,99964.77977981658
21946,99964.77977981658
21947,99964.77977981658
21948,99964.77977981658
21949,99964.77977981658
21950,99964.77977981658
21951,99964.77977981658
21952,99964.77977981658
21953,99964.77977981658
21954,99964.77977981658
21955,99964.77977981658
21956,99964.77977981658
21957,99964.77977981658
21958,99964.77977981658
21959,99964.77977981658
21960,99964.77977981658
21961,99964.77977981658
21962,99964.77977981658
21963,99964.77977981658
21964,99964.77977981658
21965,99964.77977981658
21966,99964.77977981658
21967,99964.77977981658
21968,99964.77977981658
21969,99964.77977981658
21970,99964.77977981658
21971,99964.77977981658
21972,99964.77977981658
21973,99964.77977981658
21974,99964.77977981658
21975,99964.77977981658
21976,99964.77977981658
21977,99964.77977981658
21978,99964.77977981658
21979,99964.77977981658
21980,99964.77977981658
21981,99964.77977981658
21982,99964.77977981658
21983,99964.77977981658
21984,99964.77977981658
21985,99964.77977981658
21986,99964.77977981658
21987,99964.77977981658
21988,99964.77977981658
21989,99964.77977981658
21990,99964.77977981658
21991,99964.74677815608
21992,99964.37680121526
21993,99964.37680121526
21994,99964.63705493989
21995,99964.63705493989
21996,99964.63705493989
21997,99964.63705493989
21998,99964.63705493989
21999,99964.63705493989
22000,99964.63705493989
22001,99964.63705493989
22002,99964.63705493989
22003,99964.63705493989
22004,99964.63705493989
22005,99964.63705493989
22006,99964.63705493989
22007,99964.63705493989
22008,99964.63705493989
22009,99964.63705493989
22010,99964.63705493989
22011,99964.63705493989
22012,99964.63705493989
22013,99964.63705493989
22014,99964.63705493989
22015,99964.63705493989
22016,99964.63705493989
22017,99964.63705493989
22018,99964.63705493989
22019,99964.63705493989
22020,99964.63705493989
22021,99964.63705493989
22022,99964.63705493989
22023,99964.63705493989
22024,99964.63705493989
22025,99964.63705493989
22026,99964.63705493989
22027,99964.63705493989
22028,99964.63705493989
22029,99964.63705493989
22030,99964.63705493989
22031,99964.63705493989
22032,99964.63705493989
22033,99964.63705493989
22034,99964.63705493989
22035,99964.63705493989
22036,99964.63705493989
22037,99964.63705493989
22038,99964.63705493989
22039,99964.63705493989
22040,99964.63705493989
22041,99964.63705493989
22042,99964.63705493989
22043,99964.63705493989
22044,99964.63705493989
22045,99964.63705493989
22046,99964.63705493989
22047,99964.63705493989
22048,99964.63705493989
22049,99964.63705493989
22050,99964.63705493989
22051,99964.63705493989
22052,99964.63705493989
22053,99964.63705493989
22054,99964.63705493989
22055,99964.63705493989
22056,99964.63705493989
22057,99964.63705493989
22058,99964.63705493989
22059,99964.63705493989
22060,99964.63705493989
22061,99964.63705493989
22062,99964.63705493989
22063,99964.63705493989
22064,99964.63705493989
22065,99964.63705493989
22066,99964.63705493989
22067,99964.63705493989
22068,99964.63705493989
22069,99964.63705493989
22070,99964.63705493989
22071,99964.63705493989
22072,99964.63705493989
22073,99964.63705493989
22074,99964.63705493989
22075,99964.63705493989
22076,99964.63705493989
22077,99964.63705493989
22078,99964.63705493989
22079,99964.63705493989
22080,99964.63705493989
22081,99964.63705493989
22082,99964.63705493989
22083,99964.60115884662
22084,99964.60115884662
22085,99964.24941967172
22086,99964.24941967172
22087,99964.24941967172
22088,99964.24941967172
22089,99964.24941967172
22090,99964.24941967172
22091,99964.24941967172
22092,99964.24941967172
22093,99964.24941967172
22094,99964.24941967172
22095,99964.24941967172
22096,99964.24941967172
22097,99964.24941967172
22098,99964.24941967172
22099,99964.24941967172
22100,99964.24941967172
22101,99964.24941967172
22102,99964.24941967172
22103,99964.24941967172
22104,99964.24941967172
22105,99964.24941967172
22106,99964.24941967172
22107,99964.24941967172
22108,99964.24941967172
22109,99964.24941967172
22110,99964.24941967172
22111,99964.24941967172
22112,99964.24941967172
22113,99964.24941967172
22114,99964.24941967172
22115,99964.24941967172
22116,99964.24941967172
22117,99964.24941967172
22118,99964.24941967172
22119,99964.24941967172
22120,99964.24941967172
22121,99964.24941967172
22122,99964.24941967172
22123,99964.24941967172
22124,99964.24941967172
22125,99964.24941967172
22126,99964.24941967172
22127,99964.24941967172
22128,99964.24941967172
22129,99964.24941967172
22130,99964.24941967172
22131,99964.24941967172
22132,99964.24941967172
22133,99964.24941967172
22134,99964.24941967172
22135,99964.24941967172
22136,99964.24941967172
22137,99964.24941967172
22138,99964.24941967172
22139,99964.19745239711
22140,99964.19745239711
22141,99964.19745239711
22142,99964.65436787516
22143,99964.65436787516
22144,99964.65436787516
22145,99964.65436787516
22146,99964.65436787516
22147,99964.65436787516
22148,99964.65436787516
22149,99964.65436787516
22150,99964.65436787516
22151,99964.65436787516
22152,99964.65436787516
22153,99964.65436787516
22154,99964.65436787516
22155,99964.65436787516
22156,99964.65436787516
22157,99964.65436787516
22158,99964.65436787516
22159,99964.65436787516
22160,99964.65436787516
22161,99964.65436787516
22162,99964.65436787516
22163,99964.65436787516
22164,99964.65436787516
22165,99964.65436787516
22166,99964.65436787516
22167,99964.65436787516
22168,99964.65436787516
22169,99964.65436787516
22170,99964.65436787516
22171,99964.65436787516
22172,99964.65436787516
22173,99964.65436787516
22174,99964.65436787516
22175,99964.65436787516
22176,99964.61690571431
22177,99964.61690571431
22178,99964.61690571431
22179,99964.61690571431
22180,99964.24908544593
22181,99964.24908544593
22182,99964.24908544593
22183,99964.24908544593
22184,99964.24908544593
22185,99964.24908544593
22186,99964.24908544593
22187,99964.24908544593
22188,99964.24908544593
22189,99964.24908544593
22190,99964.24908544593
22191,99964.24908544593
22192,99964.24908544593
22193,99964.24908544593
22194,99964.24908544593
22195,99964.24908544593
22196,99964.24908544593
22197,99964.24908544593
22198,99964.24908544593
22199,99964.24908544593
22200,99964.24908544593
22201,99964.24908544593
22202,99964.24908544593
22203,99964.24908544593
22204,99964.24908544593
22205,99964.24908544593
22206,99964.24908544593
22207,99964.24908544593
22208,99964.24908544593
22209,99964.24908544593
22210,99964.24908544593
22211,99964.24908544593
22212,99964.24908544593
22213,99964.24908544593
22214,99964.24908544593
22215,99964.24908544593
22216,99964.24908544593
22217,99964.24908544593
22218,99964.24908544593
22219,99964.24908544593
22220,99964.24908544593
22221,99964.24908544593
22222,99964.24908544593
22223,99964.24908544593
22224,99964.24908544593
22225,99964.24908544593
22226,99964.24908544593
22227,99964.24908544593
22228,99964.24908544593
22229,99964.24908544593
22230,99964.24908544593
22231,99964.24908544593
22232,99964.24908544593
22233,99964.20281105682
22234,99963.58380072773
22235,99963.01345255955
22236,99963.01345255955
22237,99963.01345255955
22238,99963.01345255955
22239,99963.01345255955
22240,99963.01345255955
22241,99963.01345255955
22242,99963.01345255955
22243,99963.01345255955
22244,99963.01345255955
22245,99963.01345255955
22246,99963.01345255955
22247,99963.01345255955
22248,99963.01345255955
22249,99963.01345255955
22250,99963.01345255955
22251,99963.01345255955
22252,99963.01345255955
22253,99963.01345255955
22254,99963.01345255955
22255,99963.01345255955
22256,99963.01345255955
22257,99963.01345255955
22258,99963.01345255955
22259,99963.01345255955
22260,99963.01345255955
22261,99963.01345255955
22262,99963.01345255955
22263,99963.01345255955
22264,99963.01345255955
22265,99963.01345255955
22266,99963.01345255955
22267,99963.01345255955
22268,99963.01345255955
22269,99963.01345255955
22270,99963.01345255955
22271,99963.01345255955
22272,99963.01345255955
22273,99963.01345255955
22274,99963.01345255955
22275,99963.01345255955
22276,99963.01345255955
22277,99963.01345255955
22278,99963.01345255955
22279,99963.01345255955
22280,99963.01345255955
22281,99963.01345255955
22282,99963.01345255955
22283,99963.01345255955
22284,99963.01345255955
22285,99963.01345255955
22286,99963.01345255955
22287,99963.01345255955
22288,99963.01345255955
22289,99963.01345255955
22290,99963.01345255955
22291,99963.01345255955
22292,99963.01345255955
22293,99963.01345255955
22294,99963.01345255955
22295,99963.01345255955
22296,99963.01345255955
22297,99963.01345255955
22298,99963.01345255955
22299,99963.01345255955
22300,99963.01345255955
22301,99963.01345255955
22302,99963.01345255955
22303,99963.01345255955
22304,99963.01345255955
22305,99963.01345255955
22306,99963.01345255955
22307,99963.01345255955
22308,99963.01345255955
22309,99963.01345255955
22310,99963.01345255955
22311,99963.01345255955
22312,99963.01345255955
22313,99963.01345255955
22314,99963.01345255955
22315,99963.01345255955
22316,99963.01345255955
22317,99963.01345255955
22318,99963.01345255955
22319,99963.01345255955
22320,99963.01345255955
22321,99963.01345255955
22322,99963.01345255955
22323,99963.01345255955
22324,99963.01345255955
22325,99962.94686160365
22326,99962.34302520024
22327,99962.34302520024
22328,99962.34302520024
22329,99962.34302520024
22330,99962.34302520024
22331,99962.34302520024
22332,99962.34302520024
22333,99962.34302520024
22334,99962.29954062437
22335,99961.74031810288
22336,99961.74031810288
22337,99961.74031810288
22338,99961.74031810288
22339,99961.74031810288
22340,99961.74031810288
22341,99961.74031810288
22342,99961.74031810288
22343,99961.74031810288
22344,99961.74031810288
22345,99961.74031810288
22346,99961.74031810288
22347,99961.74031810288
22348,99961.74031810288
22349,99961.74031810288
22350,99961.74031810288
22351,99961.74031810288
22352,99961.74031810288
22353,99961.74031810288
22354,99961.74031810288
22355,99961.74031810288
22356,99961.74031810288
22357,99961.74031810288
22358,99961.74031810288
22359,99961.74031810288
22360,99961.74031810288
22361,99961.74031810288
22362,99961.74031810288
22363,99961.74031810288
22364,99961.74031810288
22365,99961.74031810288
22366,99961.74031810288
22367,99961.74031810288
22368,99961.74031810288
22369,99961.74031810288
22370,99961.74031810288
22371,99961.74031810288
22372,99961.74031810288
22373,99961.74031810288
22374,99961.74031810288
22375,99961.74031810288
22376,99961.74031810288
22377,99961.74031810288
22378,99961.74031810288
22379,99961.74031810288
22380,99961.74031810288
22381,99961.74031810288
22382,99961.74031810288
22383,99961.74031810288
22384,99961.74031810288
22385,99961.74031810288
22386,99961.74031810288
22387,99961.74031810288
22388,99961.74031810288
22389,99961.74031810288
22390,99961.74031810288
22391,99961.74031810288
22392,99961.74031810288
22393,99961.74031810288
22394,99961.74031810288
22395,99961.74031810288
22396,99961.74031810288
22397,99961.74031810288
22398,99961.74031810288
22399,99961.74031810288
22400,99961.74031810288
22401,99961.74031810288
22402,99961.74031810288
22403,99961.74031810288
22404,99961.74031810288
22405,99961.74031810288
22406,99961.74031810288
22407,99961.74031810288
22408,99961.74031810288
22409,99961.74031810288
22410,99961.74031810288
22411,99961.74031810288
22412,99961.74031810288
22413,99961.74031810288
22414,99961.74031810288
22415,99961.74031810288
22416,99961.74031810288
22417,99961.74031810288
22418,99961.74031810288
22419,99961.74031810288
22420,99961.74031810288
22421,99961.74031810288
22422,99961.74031810288
22423,99961.74031810288
22424,99961.74031810288
22425,99961.74031810288
22426,99961.74031810288
22427,99961.74031810288
22428,99961.74031810288
22429,99961.74031810288
22430,99961.74031810288
22431,99961.74031810288
22432,99961.74031810288
22433,99961.74031810288
22434,99961.74031810288
22435,99961.74031810288
22436,99961.74031810288
22437,99961.74031810288
22438,99961.74031810288
22439,99961.74031810288
22440,99961.74031810288
22441,99961.74031810288
22442,99961.74031810288
22443,99961.74031810288
22444,99961.74031810288
22445,99961.74031810288
22446,99961.74031810288
22447,99961.74031810288
22448,99961.74031810288
22449,99961.74031810288
22450,99961.74031810288
22451,99961.74031810288
22452,99961.74031810288
22453,99961.74031810288
22454,99961.74031810288
22455,99961.74031810288
22456,99961.74031810288
22457,99961.74031810288
22458,99961.74031810288
22459,99961.74031810288
22460,99961.74031810288
22461,99961.74031810288
22462,99961.74031810288
22463,99961.74031810288
22464,99961.74031810288
22465,99961.74031810288
22466,99961.74031810288
22467,99961.74031810288
22468,99961.74031810288
22469,99961.74031810288
22470,99961.74031810288
22471,99961.74031810288
22472,99961.74031810288
22473,99961.74031810288
22474,99961.74031810288
22475,99961.74031810288
22476,99961.74031810288
22477,99961.74031810288
22478,99961.74031810288
22479,99961.74031810288
22480,99961.74031810288
22481,99961.74031810288
22482,99961.74031810288
22483,99961.74031810288
22484,99961.74031810288
22485,99961.74031810288
22486,99961.74031810288
22487,99961.74031810288
22488,99961.74031810288
22489,99961.74031810288
22490,99961.74031810288
22491,99961.74031810288
22492,99961.74031810288
22493,99961.74031810288
22494,99961.74031810288
22495,99961.74031810288
22496,99961.74031810288
22497,99961.74031810288
22498,99961.74031810288
22499,99961.74031810288
22500,99961.74031810288
22501,99961.74031810288
22502,99961.74031810288
22503,99961.74031810288
22504,99961.74031810288
22505,99961.74031810288
22506,99961.74031810288
22507,99961.74031810288
22508,99961.74031810288
22509,99961.74031810288
22510,99961.74031810288
22511,99961.74031810288
22512,99961.74031810288
22513,99961.74031810288
22514,99961.74031810288
22515,99961.74031810288
22516,99961.74031810288
22517,99961.74031810288
22518,99961.74031810288
22519,99961.74031810288
22520,99961.74031810288
22521,99961.74031810288
22522,99961.74031810288
22523,99961.74031810288
22524,99961.74031810288
22525,99961.74031810288
22526,99961.74031810288
22527,99961.74031810288
22528,99961.74031810288
22529,99961.74031810288
22530,99961.74031810288
22531,99961.74031810288
22532,99961.74031810288
22533,99961.74031810288
22534,99961.74031810288
22535,99961.74031810288
22536,99961.74031810288
22537,99961.74031810288
22538,99961.74031810288
22539,99961.74031810288
22540,99961.74031810288
22541,99961.74031810288
22542,99961.74031810288
22543,99961.74031810288
22544,99961.74031810288
22545,99961.74031810288
22546,99961.74031810288
22547,99961.74031810288
22548,99961.74031810288
22549,99961.74031810288
22550,99961.74031810288
22551,99961.74031810288
22552,99961.74031810288
22553,99961.74031810288
22554,99961.74031810288
22555,99961.74031810288
22556,99961.74031810288
22557,99961.74031810288
22558,99961.74031810288
22559,99961.74031810288
22560,99961.74031810288
22561,99961.74031810288
22562,99961.74031810288
22563,99961.74031810288
22564,99961.74031810288
22565,99961.74031810288
22566,99961.74031810288
22567,99961.74031810288
22568,99961.74031810288
22569,99961.74031810288
22570,99961.74031810288
22571,99961.74031810288
22572,99961.74031810288
22573,99961.74031810288
22574,99961.74031810288
22575,99961.74031810288
22576,99961.74031810288
22577,99961.74031810288
22578,99961.74031810288
22579,99961.74031810288
22580,99961.74031810288
22581,99961.74031810288
22582,99961.74031810288
22583,99961.74031810288
22584,99961.74031810288
22585,99961.74031810288
22586,99961.74031810288
22587,99961.74031810288
22588,99961.74031810288
22589,99961.74031810288
22590,99961.74031810288
22591,99961.74031810288
22592,99961.74031810288
22593,99961.74031810288
22594,99961.74031810288
22595,99961.74031810288
22596,99961.74031810288
22597,99961.74031810288
22598,99961.74031810288
22599,99961.74031810288
22600,99961.74031810288
22601,99961.74031810288
22602,99961.74031810288
22603,99961.74031810288
22604,99961.74031810288
22605,99961.74031810288
22606,99961.74031810288
22607,99961.74031810288
22608,99961.74031810288
22609,99961.74031810288
22610,99961.74031810288
22611,99961.74031810288
22612,99961.74031810288
22613,99961.74031810288
22614,99961.74031810288
22615,99961.74031810288
22616,99961.74031810288
22617,99961.74031810288
22618,99961.74031810288
22619,99961.74031810288
22620,99961.74031810288
22621,99961.74031810288
22622,99961.74031810288
22623,99961.74031810288
22624,99961.74031810288
22625,99961.74031810288
22626,99961.74031810288
22627,99961.74031810288
22628,99961.74031810288
22629,99961.74031810288
22630,99961.74031810288
22631,99961.74031810288
22632,99961.74031810288
22633,99961.74031810288
22634,99961.74031810288
22635,99961.74031810288
22636,99961.74031810288
22637,99961.74031810288
22638,99961.74031810288
22639,99961.74031810288
22640,99961.74031810288
22641,99961.74031810288
22642,99961.74031810288
22643,99961.74031810288
22644,99961.74031810288
22645,99961.74031810288
22646,99961.74031810288
22647,99961.74031810288
22648,99961.74031810288
22649,99961.74031810288
22650,99961.74031810288
22651,99961.74031810288
22652,99961.74031810288
22653,99961.74031810288
22654,99961.74031810288
22655,99961.74031810288
22656,99961.74031810288
22657,99961.74031810288
22658,99961.74031810288
22659,99961.74031810288
22660,99961.71642477
22661,99961.71642477
22662,99961.41300926513
22663,99961.41300926513
22664,99961.41300926513
22665,99961.41300926513
22666,99961.41300926513
22667,99961.41300926513
22668,99961.41300926513
22669,99961.41300926513
22670,99961.41300926513
22671,99961.41300926513
22672,99961.41300926513
22673,99961.41300926513
22674,99961.41300926513
22675,99961.41300926513
22676,99961.41300926513
22677,99961.41300926513
22678,99961.41300926513
22679,99961.41300926513
22680,99961.41300926513
22681,99961.41300926513
22682,99961.41300926513
22683,99961.41300926513
22684,99961.41300926513
22685,99961.41300926513
22686,99961.41300926513
22687,99961.41300926513
22688,99961.41300926513
22689,99961.41300926513
22690,99961.41300926513
22691,99961.41300926513
22692,99961.41300926513
22693,99961.41300926513
22694,99961.41300926513
22695,99961.41300926513
22696,99961.41300926513
22697,99961.41300926513
22698,99961.41300926513
22699,99961.41300926513
22700,99961.41300926513
22701,99961.41300926513
22702,99961.41300926513
22703,99961.41300926513
22704,99961.41300926513
22705,99961.41300926513
22706,99961.41300926513
22707,99961.41300926513
22708,99961.41300926513
22709,99961.41300926513
22710,99961.41300926513
22711,99961.41300926513
22712,99961.41300926513
22713,99961.41300926513
22714,99961.41300926513
22715,99961.41300926513
22716,99961.41300926513
22717,99961.41300926513
22718,99961.41300926513
22719,99961.41300926513
22720,99961.41300926513
22721,99961.41300926513
22722,99961.41300926513
22723,99961.41300926513
22724,99961.41300926513
22725,99961.41300926513
22726,99961.41300926513
22727,99961.41300926513
22728,99961.41300926513
22729,99961.41300926513
22730,99961.41300926513
22731,99961.41300926513
22732,99961.41300926513
22733,99961.41300926513
22734,99961.41300926513
22735,99961.41300926513
22736,99961.41300926513
22737,99961.41300926513
22738,99961.41300926513
22739,99961.41300926513
22740,99961.41300926513
22741,99961.41300926513
22742,99961.41300926513
22743,99961.41300926513
22744,99961.41300926513
22745,99961.41300926513
22746,99961.41300926513
22747,99961.41300926513
22748,99961.41300926513
22749,99961.41300926513
22750,99961.41300926513
22751,99961.41300926513
22752,99961.41300926513
22753,99961.41300926513
22754,99961.41300926513
22755,99961.41300926513
22756,99961.41300926513
22757,99961.41300926513
22758,99961.41300926513
22759,99961.41300926513
22760,99961.41300926513
22761,99961.41300926513
22762,99961.41300926513
22763,99961.41300926513
22764,99961.41300926513
22765,99961.41300926513
22766,99961.41300926513
22767,99961.41300926513
22768,99961.41300926513
22769,99961.41300926513
22770,99961.41300926513
22771,99961.41300926513
22772,99961.41300926513
22773,99961.41300926513
22774,99961.41300926513
22775,99961.41300926513
22776,99961.41300926513
22777,99961.41300926513
22778,99961.41300926513
22779,99961.41300926513
22780,99961.41300926513
22781,99961.41300926513
22782,99961.41300926513
22783,99961.41300926513
22784,99961.41300926513
22785,99961.41300926513
22786,99961.41300926513
22787,99961.41300926513
22788,99961.41300926513
22789,99961.41300926513
22790,99961.41300926513
22791,99961.41300926513
22792,99961.41300926513
22793,99961.41300926513
22794,99961.41300926513
22795,99961.41300926513
22796,99961.41300926513
22797,99961.41300926513
22798,99961.41300926513
22799,99961.41300926513
22800,99961.41300926513
22801,99961.41300926513
22802,99961.41300926513
22803,99961.41300926513
22804,99961.41300926513
22805,99961.41300926513
22806,99961.41300926513
22807,99961.41300926513
22808,99961.41300926513
22809,99961.41300926513
22810,99961.41300926513
22811,99961.41300926513
22812,99961.41300926513
22813,99961.41300926513
22814,99961.41300926513
22815,99961.41300926513
22816,99961.41300926513
22817,99961.41300926513
22818,99961.41300926513
22819,99961.41300926513
22820,99961.41300926513
22821,99961.41300926513
22822,99961.41300926513
22823,99961.41300926513
22824,99961.41300926513
22825,99961.41300926513
22826,99961.41300926513
22827,99961.41300926513
22828,99961.41300926513
22829,99961.41300926513
22830,99961.41300926513
22831,99961.41300926513
22832,99961.41300926513
22833,99961.41300926513
22834,99961.41300926513
22835,99961.41300926513
22836,99961.41300926513
22837,99961.41300926513
22838,99961.41300926513
22839,99961.41300926513
22840,99961.41300926513
22841,99961.41300926513
22842,99961.41300926513
22843,99961.41300926513
22844,99961.41300926513
22845,99961.41300926513
22846,99961.41300926513
22847,99961.41300926513
22848,99961.41300926513
22849,99961.41300926513
22850,99961.41300926513
22851,99961.41300926513
22852,99961.41300926513
22853,99961.41300926513
22854,99961.41300926513
22855,99961.41300926513
22856,99961.41300926513
22857,99961.41300926513
22858,99961.41300926513
22859,99961.41300926513
22860,99961.41300926513
22861,99961.41300926513
22862,99961.41300926513
22863,99961.41300926513
22864,99961.41300926513
22865,99961.41300926513
22866,99961.41300926513
22867,99961.41300926513
22868,99961.41300926513
22869,99961.41300926513
22870,99961.41300926513
22871,99961.41300926513
22872,99961.41300926513
22873,99961.41300926513
22874,99961.41300926513
22875,99961.41300926513
22876,99961.41300926513
22877,99961.41300926513
22878,99961.41300926513
22879,99961.41300926513
22880,99961.41300926513
22881,99961.41300926513
22882,99961.41300926513
22883,99961.41300926513
22884,99961.41300926513
22885,99961.41300926513
22886,99961.41300926513
22887,99961.41300926513
22888,99961.41300926513
22889,99961.41300926513
22890,99961.41300926513
22891,99961.41300926513
22892,99961.41300926513
22893,99961.41300926513
22894,99961.41300926513
22895,99961.41300926513
22896,99961.41300926513
22897,99961.41300926513
22898,99961.41300926513
22899,99961.41300926513
22900,99961.41300926513
22901,99961.41300926513
22902,99961.41300926513
22903,99961.41300926513
22904,99961.41300926513
22905,99961.41300926513
22906,99961.41300926513
22907,99961.41300926513
22908,99961.41300926513
22909,99961.41300926513
22910,99961.41300926513
22911,99961.41300926513
22912,99961.41300926513
22913,99961.41300926513
22914,99961.41300926513
22915,99961.41300926513
22916,99961.41300926513
22917,99961.41300926513
22918,99961.41300926513
22919,99961.41300926513
22920,99961.41300926513
22921,99961.41300926513
22922,99961.41300926513
22923,99961.41300926513
22924,99961.41300926513
22925,99961.41300926513
22926,99961.41300926513
22927,99961.41300926513
22928,99961.41300926513
22929,99961.41300926513
22930,99961.41300926513
22931,99961.41300926513
22932,99961.41300926513
22933,99961.41300926513
22934,99961.41300926513
22935,99961.41300926513
22936,99961.41300926513
22937,99961.41300926513
22938,99961.41300926513
22939,99961.41300926513
22940,99961.41300926513
22941,99961.41300926513
22942,99961.41300926513
22943,99961.41300926513
22944,99961.41300926513
22945,99961.41300926513
22946,99961.41300926513
22947,99961.41300926513
22948,99961.41300926513
22949,99961.41300926513
22950,99961.41300926513
22951,99961.41300926513
22952,99961.41300926513
22953,99961.41300926513
22954,99961.41300926513
22955,99961.41300926513
22956,99961.41300926513
22957,99961.41300926513
22958,99961.41300926513
22959,99961.41300926513
22960,99961.41300926513
22961,99961.41300926513
22962,99961.41300926513
22963,99961.41300926513
22964,99961.41300926513
22965,99961.41300926513
22966,99961.41300926513
22967,99961.41300926513
22968,99961.41300926513
22969,99961.41300926513
22970,99961.41300926513
22971,99961.41300926513
22972,99961.41300926513
22973,99961.41300926513
22974,99961.41300926513
22975,99961.41300926513
22976,99961.41300926513
22977,99961.41300926513
22978,99961.41300926513
22979,99961.41300926513
22980,99961.41300926513
22981,99961.41300926513
22982,99961.41300926513
22983,99961.41300926513
22984,99961.41300926513
22985,99961.41300926513
22986,99961.41300926513
22987,99961.41300926513
22988,99961.41300926513
22989,99961.41300926513
22990,99961.41300926513
22991,99961.41300926513
22992,99961.41300926513
22993,99961.41300926513
22994,99961.41300926513
22995,99961.41300926513
22996,99961.41300926513
22997,99961.41300926513
22998,99961.41300926513
22999,99961.41300926513
23000,99961.41300926513
23001,99961.41300926513
23002,99961.41300926513
23003,99961.41300926513
23004,99961.41300926513
23005,99961.41300926513
23006,99961.41300926513
23007,99961.41300926513
23008,99961.41300926513
23009,99961.41300926513
23010,99961.41300926513
23011,99961.41300926513
23012,99961.41300926513
23013,99961.41300926513
23014,99961.41300926513
23015,99961.41300926513
23016,99961.41300926513
23017,99961.41300926513
23018,99961.41300926513
23019,99961.41300926513
23020,99961.41300926513
23021,99961.41300926513
23022,99961.41300926513
23023,99961.41300926513
23024,99961.41300926513
23025,99961.41300926513
23026,99961.41300926513
23027,99961.41300926513
23028,99961.41300926513
23029,99961.41300926513
23030,99961.41300926513
23031,99961.41300926513
23032,99961.41300926513
23033,99961.41300926513
23034,99961.41300926513
23035,99961.41300926513
23036,99961.41300926513
23037,99961.41300926513
23038,99961.41300926513
23039,99961.41300926513
23040,99961.41300926513
23041,99961.41300926513
23042,99961.41300926513
23043,99961.41300926513
23044,99961.41300926513
23045,99961.41300926513
23046,99961.41300926513
23047,99961.41300926513
23048,99961.41300926513
23049,99961.41300926513
23050,99961.41300926513
23051,99961.41300926513
23052,99961.41300926513
23053,99961.41300926513
23054,99961.41300926513
23055,99961.41300926513
23056,99961.41300926513
23057,99961.41300926513
23058,99961.41300926513
23059,99961.41300926513
23060,99961.41300926513
23061,99961.41300926513
23062,99961.41300926513
23063,99961.41300926513
23064,99961.41300926513
23065,99961.41300926513
23066,99961.41300926513
23067,99961.41300926513
23068,99961.41300926513
23069,99961.41300926513
23070,99961.41300926513
23071,99961.41300926513
23072,99961.41300926513
23073,99961.41300926513
23074,99961.41300926513
23075,99961.41300926513
23076,99961.41300926513
23077,99961.41300926513
23078,99961.41300926513
23079,99961.41300926513
23080,99961.41300926513
23081,99961.41300926513
23082,99961.41300926513
23083,99961.41300926513
23084,99961.41300926513
23085,99961.41300926513
23086,99961.41300926513
23087,99961.41300926513
23088,99961.41300926513
23089,99961.41300926513
23090,99961.41300926513
23091,99961.41300926513
23092,99961.41300926513
23093,99961.41300926513
23094,99961.41300926513
23095,99961.41300926513
23096,99961.41300926513
23097,99961.41300926513
23098,99961.37022214347
23099,99961.37022214347
23100,99960.81819893296
23101,99960.81819893296
23102,99960.81819893296
23103,99960.81819893296
23104,99960.81819893296
23105,99960.81819893296
23106,99960.81819893296
23107,99960.81819893296
23108,99960.81819893296
23109,99960.81819893296
23110,99960.81819893296
23111,99960.81819893296
23112,99960.81819893296
23113,99960.81819893296
23114,99960.81819893296
23115,99960.81819893296
23116,99960.81819893296
23117,99960.81819893296
23118,99960.81819893296
23119,99960.81819893296
23120,99960.81819893296
23121,99960.81819893296
23122,99960.81819893296
23123,99960.81819893296
23124,99960.81819893296
23125,99960.81819893296
23126,99960.81819893296
23127,99960.81819893296
23128,99960.81819893296
23129,99960.81819893296
23130,99960.81819893296
23131,99960.81819893296
23132,99960.81819893296
23133,99960.81819893296
23134,99960.81819893296
23135,99960.81819893296
23136,99960.81819893296
23137,99960.81819893296
23138,99960.81819893296
23139,99960.81819893296
23140,99960.81819893296
23141,99960.81819893296
23142,99960.81819893296
23143,99960.81819893296
23144,99960.81819893296
23145,99960.81819893296
23146,99960.81819893296
23147,99960.81819893296
23148,99960.81819893296
23149,99960.81819893296
23150,99960.81819893296
23151,99960.81819893296
23152,99960.81819893296
23153,99960.81819893296
23154,99960.81819893296
23155,99960.81819893296
23156,99960.81819893296
23157,99960.81819893296
23158,99960.81819893296
23159,99960.81819893296
23160,99960.81819893296
23161,99960.81819893296
23162,99960.81819893296
23163,99960.81819893296
23164,99960.81819893296
23165,99960.81819893296
23166,99960.81819893296
23167,99960.81819893296
23168,99960.81819893296
23169,99960.81819893296
23170,99960.81819893296
23171,99960.81819893296
23172,99960.81819893296
23173,99960.81819893296
23174,99960.81819893296
23175,99960.81819893296
23176,99960.81819893296
23177,99960.81819893296
23178,99960.81819893296
23179,99960.81819893296
23180,99960.81819893296
23181,99960.81819893296
23182,99960.81819893296
23183,99960.81819893296
23184,99960.81819893296
23185,99960.81819893296
23186,99960.81819893296
23187,99960.81819893296
23188,99960.81819893296
23189,99960.81819893296
23190,99960.81819893296
23191,99960.81819893296
23192,99960.81819893296
23193,99960.81819893296
23194,99960.81819893296
23195,99960.81819893296
23196,99960.81819893296
23197,99960.81819893296
23198,99960.81819893296
23199,99960.81819893296
23200,99960.81819893296
23201,99960.81819893296
23202,99960.81819893296
23203,99960.81819893296
23204,99960.81819893296
23205,99960.81819893296
23206,99960.81819893296
23207,99960.81819893296
23208,99960.81819893296
23209,99960.81819893296
23210,99960.81819893296
23211,99960.81819893296
23212,99960.81819893296
23213,99960.81819893296
23214,99960.81819893296
23215,99960.81819893296
23216,99960.81819893296
23217,99960.81819893296
23218,99960.81819893296
23219,99960.81819893296
23220,99960.81819893296
23221,99960.81819893296
23222,99960.81819893296
23223,99960.81819893296
23224,99960.81819893296
23225,99960.81819893296
23226,99960.81819893296
23227,99960.81819893296
23228,99960.81819893296
23229,99960.81819893296
23230,99960.81819893296
23231,99960.81819893296
23232,99960.81819893296
23233,99960.81819893296
23234,99960.81819893296
23235,99960.81819893296
23236,99960.81819893296
23237,99960.81819893296
23238,99960.81819893296
23239,99960.81819893296
23240,99960.81819893296
23241,99960.81819893296
23242,99960.81819893296
23243,99960.81819893296
23244,99960.81819893296
23245,99960.81819893296
23246,99960.81819893296
23247,99960.81819893296
23248,99960.81819893296
23249,99960.81819893296
23250,99960.81819893296
23251,99960.81819893296
23252,99960.81819893296
23253,99960.81819893296
23254,99960.81819893296
23255,99960.81819893296
23256,99960.81819893296
23257,99960.81819893296
23258,99960.81819893296
23259,99960.81819893296
23260,99960.81819893296
23261,99960.81819893296
23262,99960.81819893296
23263,99960.81819893296
23264,99960.81819893296
23265,99960.81819893296
23266,99960.81819893296
23267,99960.81819893296
23268,99960.81819893296
23269,99960.81819893296
23270,99960.81819893296
23271,99960.81819893296
23272,99960.81819893296
23273,99960.81819893296
23274,99960.81819893296
23275,99960.81819893296
23276,99960.81819893296
23277,99960.81819893296
23278,99960.81819893296
23279,99960.81819893296
23280,99960.81819893296
23281,99960.81819893296
23282,99960.81819893296
23283,99960.81819893296
23284,99960.81819893296
23285,99960.81819893296
23286,99960.81819893296
23287,99960.81819893296
23288,99960.81819893296
23289,99960.81819893296
23290,99960.81819893296
23291,99960.81819893296
23292,99960.81819893296
23293,99960.81819893296
23294,99960.81819893296
23295,99960.81819893296
23296,99960.81819893296
23297,99960.81819893296
23298,99960.81819893296
23299,99960.81819893296
23300,99960.81819893296
23301,99960.81819893296
23302,99960.81819893296
23303,99960.81819893296
23304,99960.81819893296
23305,99960.81819893296
23306,99960.81819893296
23307,99960.81819893296
23308,99960.81819893296
23309,99960.81819893296
23310,99960.81819893296
23311,99960.81819893296
23312,99960.81819893296
23313,99960.81819893296
23314,99960.81819893296
23315,99960.81819893296
23316,99960.81819893296
23317,99960.81819893296
23318,99960.81819893296
23319,99960.81819893296
23320,99960.81819893296
23321,99960.81819893296
23322,99960.81819893296
23323,99960.81819893296
23324,99960.81819893296
23325,99960.81819893296
23326,99960.81819893296
23327,99960.81819893296
23328,99960.81819893296
23329,99960.81819893296
23330,99960.81819893296
23331,99960.81819893296
23332,99960.81819893296
23333,99960.81819893296
23334,99960.81819893296
23335,99960.81819893296
23336,99960.81819893296
23337,99960.81819893296
23338,99960.81819893296
23339,99960.81819893296
23340,99960.81819893296
23341,99960.81819893296
23342,99960.81819893296
23343,99960.81819893296
23344,99960.81819893296
23345,99960.81819893296
23346,99960.81819893296
23347,99960.81819893296
23348,99960.81819893296
23349,99960.81819893296
23350,99960.81819893296
23351,99960.81819893296
23352,99960.81819893296
23353,99960.81819893296
23354,99960.81819893296
23355,99960.81819893296
23356,99960.81819893296
23357,99960.81819893296
23358,99960.81819893296
23359,99960.81819893296
23360,99960.81819893296
23361,99960.81819893296
23362,99960.81819893296
23363,99960.81819893296
23364,99960.81819893296
23365,99960.81819893296
23366,99960.81819893296
23367,99960.81819893296
23368,99960.81819893296
23369,99960.81819893296
23370,99960.81819893296
23371,99960.81819893296
23372,99960.81819893296
23373,99960.81819893296
23374,99960.81819893296
23375,99960.81819893296
23376,99960.81819893296
23377,99960.81819893296
23378,99960.81819893296
23379,99960.81819893296
23380,99960.81819893296
23381,99960.81819893296
23382,99960.81819893296
23383,99960.81819893296
23384,99960.81819893296
23385,99960.81819893296
23386,99960.81819893296
23387,99960.81819893296
23388,99960.81819893296
23389,99960.81819893296
23390,99960.81819893296
23391,99960.81819893296
23392,99960.81819893296
23393,99960.81819893296
23394,99960.81819893296
23395,99960.81819893296
23396,99960.81819893296
23397,99960.81819893296
23398,99960.81819893296
23399,99960.81819893296
23400,99960.81819893296
23401,99960.81819893296
23402,99960.81819893296
23403,99960.81819893296
23404,99960.81819893296
23405,99960.81819893296
23406,99960.81819893296
23407,99960.81819893296
23408,99960.81819893296
23409,99960.81819893296
23410,99960.81819893296
23411,99960.81819893296
23412,99960.81819893296
23413,99960.81819893296
23414,99960.7789665595
23415,99960.7789665595
23416,99961.04038440107
23417,99961.04038440107
23418,99961.04038440107
23419,99961.04038440107
23420,99961.04038440107
23421,99961.04038440107
23422,99961.04038440107
23423,99961.04038440107
23424,99961.04038440107
23425,99961.04038440107
23426,99961.04038440107
23427,99961.04038440107
23428,99961.04038440107
23429,99961.04038440107
23430,99961.04038440107
23431,99961.04038440107
23432,99961.04038440107
23433,99961.04038440107
23434,99961.04038440107
23435,99961.04038440107
23436,99961.04038440107
23437,99961.04038440107
23438,99961.04038440107
23439,99961.04038440107
23440,99961.04038440107
23441,99961.04038440107
23442,99961.04038440107
23443,99961.04038440107
23444,99961.04038440107
23445,99961.04038440107
23446,99961.04038440107
23447,99961.04038440107
23448,99961.04038440107
23449,99961.04038440107
23450,99961.04038440107
23451,99961.04038440107
23452,99961.04038440107
23453,99961.04038440107
23454,99961.04038440107
23455,99961.04038440107
23456,99961.04038440107
23457,99961.04038440107
23458,99961.04038440107
23459,99961.04038440107
23460,99961.04038440107
23461,99961.04038440107
23462,99961.04038440107
23463,99961.04038440107
23464,99961.04038440107
23465,99961.04038440107
23466,99961.04038440107
23467,99961.04038440107
23468,99961.04038440107
23469,99961.04038440107
23470,99961.04038440107
23471,99961.04038440107
23472,99961.04038440107
23473,99961.04038440107
23474,99961.04038440107
23475,99961.04038440107
23476,99961.04038440107
23477,99961.04038440107
23478,99961.04038440107
23479,99961.04038440107
23480,99961.04038440107
23481,99961.04038440107
23482,99961.04038440107
23483,99961.04038440107
23484,99961.04038440107
23485,99961.04038440107
23486,99961.04038440107
23487,99961.04038440107
23488,99961.04038440107
23489,99961.04038440107
23490,99961.04038440107
23491,99961.04038440107
23492,99961.04038440107
23493,99961.04038440107
23494,99961.04038440107
23495,99961.04038440107
23496,99961.04038440107
23497,99961.04038440107
23498,99961.04038440107
23499,99961.04038440107
23500,99961.04038440107
23501,99961.04038440107
23502,99961.04038440107
23503,99961.04038440107
23504,99961.04038440107
23505,99961.04038440107
23506,99961.04038440107
23507,99961.04038440107
23508,99961.04038440107
23509,99961.04038440107
23510,99961.04038440107
23511,99961.04038440107
23512,99961.04038440107
23513,99961.04038440107
23514,99961.04038440107
23515,99961.04038440107
23516,99961.04038440107
23517,99961.04038440107
23518,99961.04038440107
23519,99961.04038440107
23520,99961.04038440107
23521,99961.04038440107
23522,99961.04038440107
23523,99961.04038440107
23524,99961.04038440107
23525,99961.04038440107
23526,99961.04038440107
23527,99961.04038440107
23528,99961.04038440107
23529,99961.04038440107
23530,99961.04038440107
23531,99961.04038440107
23532,99961.04038440107
23533,99961.04038440107
23534,99961.04038440107
23535,99961.04038440107
23536,99961.04038440107
23537,99961.04038440107
23538,99961.04038440107
23539,99961.04038440107
23540,99961.04038440107
23541,99961.04038440107
23542,99961.04038440107
23543,99961.04038440107
23544,99961.04038440107
23545,99961.04038440107
23546,99961.04038440107
23547,99961.04038440107
23548,99961.04038440107
23549,99961.04038440107
23550,99961.04038440107
23551,99961.04038440107
23552,99961.04038440107
23553,99961.04038440107
23554,99961.04038440107
23555,99961.04038440107
23556,99961.04038440107
23557,99961.04038440107
23558,99961.04038440107
23559,99961.04038440107
23560,99961.04038440107
23561,99961.04038440107
23562,99961.04038440107
23563,99961.04038440107
23564,99961.04038440107
23565,99961.04038440107
23566,99961.04038440107
23567,99961.04038440107
23568,99961.04038440107
23569,99961.04038440107
23570,99961.04038440107
23571,99961.04038440107
23572,99961.04038440107
23573,99961.04038440107
23574,99961.04038440107
23575,99961.04038440107
23576,99961.04038440107
23577,99961.04038440107
23578,99961.04038440107
23579,99961.04038440107
23580,99961.04038440107
23581,99961.04038440107
23582,99961.04038440107
23583,99961.04038440107
23584,99961.04038440107
23585,99961.04038440107
23586,99961.04038440107
23587,99961.04038440107
23588,99961.04038440107
23589,99961.04038440107
23590,99961.04038440107
23591,99961.04038440107
23592,99961.04038440107
23593,99961.04038440107
23594,99961.04038440107
23595,99961.04038440107
23596,99961.04038440107
23597,99961.04038440107
23598,99961.04038440107
23599,99961.04038440107
23600,99961.04038440107
23601,99961.04038440107
23602,99961.04038440107
23603,99961.04038440107
23604,99961.04038440107
23605,99961.04038440107
23606,99961.04038440107
23607,99961.04038440107
23608,99961.04038440107
23609,99961.04038440107
23610,99961.04038440107
23611,99961.04038440107
23612,99961.04038440107
23613,99961.04038440107
23614,99961.04038440107
23615,99961.04038440107
23616,99961.04038440107
23617,99961.04038440107
23618,99961.04038440107
23619,99961.04038440107
23620,99961.04038440107
23621,99961.04038440107
23622,99961.04038440107
23623,99961.04038440107
23624,99961.04038440107
23625,99961.04038440107
23626,99961.04038440107
23627,99961.04038440107
23628,99961.04038440107
23629,99961.04038440107
23630,99961.04038440107
23631,99961.04038440107
23632,99961.04038440107
23633,99961.04038440107
23634,99961.04038440107
23635,99961.04038440107
23636,99961.04038440107
23637,99961.04038440107
23638,99961.04038440107
23639,99961.04038440107
23640,99961.04038440107
23641,99961.04038440107
23642,99961.04038440107
23643,99961.04038440107
23644,99961.04038440107
23645,99961.04038440107
23646,99961.04038440107
23647,99961.04038440107
23648,99961.04038440107
23649,99961.04038440107
23650,99961.04038440107
23651,99961.04038440107
23652,99961.04038440107
23653,99961.04038440107
23654,99961.04038440107
23655,99961.04038440107
23656,99961.04038440107
23657,99961.04038440107
23658,99961.04038440107
23659,99961.04038440107
23660,99961.04038440107
23661,99961.04038440107
23662,99961.04038440107
23663,99961.04038440107
23664,99961.04038440107
23665,99961.04038440107
23666,99961.04038440107
23667,99961.04038440107
23668,99961.04038440107
23669,99961.04038440107
23670,99961.04038440107
23671,99961.04038440107
23672,99961.04038440107
23673,99961.04038440107
23674,99960.98926389356
23675,99960.98926389356
23676,99960.42603514843
23677,99960.42603514843
23678,99960.42603514843
23679,99960.42603514843
23680,99960.42603514843
23681,99960.42603514843
23682,99960.42603514843
23683,99960.42603514843
23684,99960.42603514843
23685,99960.42603514843
23686,99960.42603514843
23687,99960.42603514843
23688,99960.42603514843
23689,99960.42603514843
23690,99960.42603514843
23691,99960.42603514843
23692,99960.42603514843
23693,99960.42603514843
23694,99960.42603514843
23695,99960.42603514843
23696,99960.42603514843
23697,99960.42603514843
23698,99960.42603514843
23699,99960.42603514843
23700,99960.42603514843
23701,99960.42603514843
23702,99960.42603514843
23703,99960.42603514843
23704,99960.42603514843
23705,99960.42603514843
23706,99960.42603514843
23707,99960.42603514843
23708,99960.42603514843
23709,99960.42603514843
23710,99960.42603514843
23711,99960.42603514843
23712,99960.42603514843
23713,99960.42603514843
23714,99960.42603514843
23715,99960.42603514843
23716,99960.42603514843
23717,99960.42603514843
23718,99960.42603514843
23719,99960.42603514843
23720,99960.42603514843
23721,99960.42603514843
23722,99960.42603514843
23723,99960.42603514843
23724,99960.42603514843
23725,99960.42603514843
23726,99960.42603514843
23727,99960.42603514843
23728,99960.42603514843
23729,99960.42603514843
23730,99960.42603514843
23731,99960.42603514843
23732,99960.42603514843
23733,99960.42603514843
23734,99960.42603514843
23735,99960.42603514843
23736,99960.42603514843
23737,99960.42603514843
23738,99960.42603514843
23739,99960.42603514843
23740,99960.42603514843
23741,99960.42603514843
23742,99960.42603514843
23743,99960.42603514843
23744,99960.42603514843
23745,99960.42603514843
23746,99960.42603514843
23747,99960.42603514843
23748,99960.42603514843
23749,99960.42603514843
23750,99960.42603514843
23751,99960.42603514843
23752,99960.42603514843
23753,99960.42603514843
23754,99960.42603514843
23755,99960.42603514843
23756,99960.42603514843
23757,99960.42603514843
23758,99960.42603514843
23759,99960.42603514843
23760,99960.42603514843
23761,99960.42603514843
23762,99960.42603514843
23763,99960.42603514843
23764,99960.42603514843
23765,99960.42603514843
23766,99960.42603514843
23767,99960.42603514843
23768,99960.42603514843
23769,99960.42603514843
23770,99960.42603514843
23771,99960.42603514843
23772,99960.38732455649
23773,99960.38732455649
23774,99960.38732455649
23775,99960.38732455649
23776,99960.38732455649
23777,99960.38732455649
23778,99960.38732455649
23779,99960.38732455649
23780,99960.38732455649
23781,99960.38732455649
23782,99960.38732455649
23783,99960.38732455649
23784,99960.38732455649
23785,99960.38732455649
23786,99960.38732455649
23787,99960.38732455649
23788,99960.38732455649
23789,99959.84374179284
23790,99959.84374179284
23791,99959.84374179284
23792,99959.84374179284
23793,99959.84374179284
23794,99959.84374179284
23795,99959.84374179284
23796,99959.84374179284
23797,99959.84374179284
23798,99959.84374179284
23799,99959.84374179284
23800,99959.84374179284
23801,99959.84374179284
23802,99959.84374179284
23803,99959.84374179284
23804,99959.84374179284
23805,99959.84374179284
23806,99959.84374179284
23807,99959.84374179284
23808,99959.84374179284
23809,99959.84374179284
23810,99959.84374179284
23811,99959.84374179284
23812,99959.84374179284
23813,99959.84374179284
23814,99959.84374179284
23815,99959.84374179284
23816,99959.84374179284
23817,99959.84374179284
23818,99959.84374179284
23819,99959.84374179284
23820,99959.84374179284
23821,99959.84374179284
23822,99959.84374179284
23823,99959.84374179284
23824,99959.84374179284
23825,99959.84374179284
23826,99959.84374179284
23827,99959.84374179284
23828,99959.84374179284
23829,99959.84374179284
23830,99959.84374179284
23831,99959.84374179284
23832,99959.84374179284
23833,99959.84374179284
23834,99959.84374179284
23835,99959.84374179284
23836,99959.84374179284
23837,99959.84374179284
23838,99959.84374179284
23839,99959.84374179284
23840,99959.84374179284
23841,99959.84374179284
23842,99959.84374179284
23843,99959.84374179284
23844,99959.84374179284
23845,99959.84374179284
23846,99959.84374179284
23847,99959.84374179284
23848,99959.84374179284
23849,99959.84374179284
23850,99959.84374179284
23851,99959.84374179284
23852,99959.84374179284
23853,99959.84374179284
23854,99959.84374179284
23855,99959.84374179284
23856,99959.84374179284
23857,99959.84374179284
23858,99959.84374179284
23859,99959.84374179284
23860,99959.84374179284
23861,99959.84374179284
23862,99959.84374179284
23863,99959.84374179284
23864,99959.84374179284
23865,99959.84374179284
23866,99959.84374179284
23867,99959.84374179284
23868,99959.84374179284
23869,99959.84374179284
23870,99959.84374179284
23871,99959.84374179284
23872,99959.84374179284
23873,99959.84374179284
23874,99959.84374179284
23875,99959.84374179284
23876,99959.84374179284
23877,99959.84374179284
23878,99959.84374179284
23879,99959.84374179284
23880,99959.84374179284
23881,99959.84374179284
23882,99959.84374179284
23883,99959.84374179284
23884,99959.84374179284
23885,99959.84374179284
23886,99959.84374179284
23887,99959.84374179284
23888,99959.84374179284
23889,99959.84374179284
23890,99959.84374179284
23891,99959.84374179284
23892,99959.84374179284
23893,99959.84374179284
23894,99959.84374179284
23895,99959.84374179284
23896,99959.84374179284
23897,99959.84374179284
23898,99959.84374179284
23899,99959.84374179284
23900,99959.84374179284
23901,99959.84374179284
23902,99959.84374179284
23903,99959.84374179284
23904,99959.84374179284
23905,99959.84374179284
23906,99959.84374179284
23907,99959.84374179284
23908,99959.84374179284
23909,99959.84374179284
23910,99959.84374179284
23911,99959.84374179284
23912,99959.84374179284
23913,99959.84374179284
23914,99959.84374179284
23915,99959.84374179284
23916,99959.84374179284
23917,99959.84374179284
23918,99959.84374179284
23919,99959.84374179284
23920,99959.84374179284
23921,99959.84374179284
23922,99959.84374179284
23923,99959.84374179284
23924,99959.84374179284
23925,99959.84374179284
23926,99959.84374179284
23927,99959.84374179284
23928,99959.84374179284
23929,99959.84374179284
23930,99959.84374179284
23931,99959.84374179284
23932,99959.84374179284
23933,99959.84374179284
23934,99959.84374179284
23935,99959.84374179284
23936,99959.84374179284
23937,99959.84374179284
23938,99959.84374179284
23939,99959.84374179284
23940,99959.84374179284
23941,99959.84374179284
23942,99959.84374179284
23943,99959.84374179284
23944,99959.84374179284
23945,99959.84374179284
23946,99959.84374179284
23947,99959.84374179284
23948,99959.84374179284
23949,99959.84374179284
23950,99959.84374179284
23951,99959.84374179284
23952,99959.84374179284
23953,99959.84374179284
23954,99959.84374179284
23955,99959.84374179284
23956,99959.84374179284
23957,99959.84374179284
23958,99959.84374179284
23959,99959.84374179284
23960,99959.84374179284
23961,99959.84374179284
23962,99959.84374179284
23963,99959.84374179284
23964,99959.84374179284
23965,99959.84374179284
23966,99959.84374179284
23967,99959.84374179284
23968,99959.84374179284
23969,99959.84374179284
23970,99959.84374179284
23971,99959.84374179284
23972,99959.84374179284
23973,99959.84374179284
23974,99959.84374179284
23975,99959.84374179284
23976,99959.84374179284
23977,99959.84374179284
23978,99959.84374179284
23979,99959.84374179284
23980,99959.84374179284
23981,99959.84374179284
23982,99959.84374179284
23983,99959.84374179284
23984,99959.84374179284
23985,99959.84374179284
23986,99959.84374179284
23987,99959.84374179284
23988,99959.84374179284
23989,99959.84374179284
23990,99959.84374179284
23991,99959.84374179284
23992,99959.84374179284
23993,99959.84374179284
23994,99959.84374179284
23995,99959.84374179284
23996,99959.84374179284
23997,99959.84374179284
23998,99959.84374179284
23999,99959.84374179284
24000,99959.84374179284
24001,99959.84374179284
24002,99959.84374179284
24003,99959.84374179284
24004,99959.84374179284
24005,99959.84374179284
24006,99959.84374179284
24007,99959.84374179284
24008,99959.84374179284
24009,99959.84374179284
24010,99959.84374179284
24011,99959.84374179284
24012,99959.84374179284
24013,99959.84374179284
24014,99959.84374179284
24015,99959.84374179284
24016,99959.84374179284
24017,99959.84374179284
24018,99959.84374179284
24019,99959.84374179284
24020,99959.84374179284
24021,99959.84374179284
24022,99959.84374179284
24023,99959.84374179284
24024,99959.84374179284
24025,99959.84374179284
24026,99959.84374179284
24027,99959.84374179284
24028,99959.84374179284
24029,99959.84374179284
24030,99959.84374179284
24031,99959.84374179284
24032,99959.84374179284
24033,99959.84374179284
24034,99959.84374179284
24035,99959.84374179284
24036,99959.84374179284
24037,99959.84374179284
24038,99959.84374179284
24039,99959.84374179284
24040,99959.84374179284
24041,99959.84374179284
24042,99959.84374179284
24043,99959.84374179284
24044,99959.84374179284
24045,99959.84374179284
24046,99959.84374179284
24047,99959.84374179284
24048,99959.84374179284
24049,99959.84374179284
24050,99959.84374179284
24051,99959.84374179284
24052,99959.84374179284
24053,99959.84374179284
24054,99959.84374179284
24055,99959.84374179284
24056,99959.84374179284
24057,99959.84374179284
24058,99959.84374179284
24059,99959.84374179284
24060,99959.84374179284
24061,99959.84374179284
24062,99959.84374179284
24063,99959.84374179284
24064,99959.84374179284
24065,99959.84374179284
24066,99959.84374179284
24067,99959.84374179284
24068,99959.84374179284
24069,99959.84374179284
24070,99959.84374179284
24071,99959.84374179284
24072,99959.84374179284
24073,99959.84374179284
24074,99959.84374179284
24075,99959.84374179284
24076,99959.84374179284
24077,99959.84374179284
24078,99959.84374179284
24079,99959.84374179284
24080,99959.84374179284
24081,99959.84374179284
24082,99959.84374179284
24083,99959.84374179284
24084,99959.84374179284
24085,99959.84374179284
24086,99959.84374179284
24087,99959.84374179284
24088,99959.84374179284
24089,99959.84374179284
24090,99959.84374179284
24091,99959.84374179284
24092,99959.84374179284
24093,99959.84374179284
24094,99959.84374179284
24095,99959.84374179284
24096,99959.84374179284
24097,99959.84374179284
24098,99959.84374179284
24099,99959.84374179284
24100,99959.84374179284
24101,99959.84374179284
24102,99959.84374179284
24103,99959.84374179284
24104,99959.84374179284
24105,99959.84374179284
24106,99959.84374179284
24107,99959.84374179284
24108,99959.84374179284
24109,99959.84374179284
24110,99959.84374179284
24111,99959.84374179284
24112,99959.84374179284
24113,99959.84374179284
24114,99959.84374179284
24115,99959.84374179284
24116,99959.84374179284
24117,99959.84374179284
24118,99959.84374179284
24119,99959.84374179284
24120,99959.84374179284
24121,99959.84374179284
24122,99959.84374179284
24123,99959.84374179284
24124,99959.84374179284
24125,99959.84374179284
24126,99959.84374179284
24127,99959.84374179284
24128,99959.84374179284
24129,99959.84374179284
24130,99959.84374179284
24131,99959.84374179284
24132,99959.84374179284
24133,99959.84374179284
24134,99959.84374179284
24135,99959.84374179284
24136,99959.84374179284
24137,99959.84374179284
24138,99959.84374179284
24139,99959.84374179284
24140,99959.84374179284
24141,99959.84374179284
24142,99959.84374179284
24143,99959.84374179284
24144,99959.84374179284
24145,99959.84374179284
24146,99959.84374179284
24147,99959.84374179284
24148,99959.84374179284
24149,99959.84374179284
24150,99959.84374179284
24151,99959.84374179284
24152,99959.84374179284
24153,99959.84374179284
24154,99959.84374179284
24155,99959.84374179284
24156,99959.77862773639
24157,99959.77862773639
24158,99959.18237984822
24159,99959.18237984822
24160,99959.18237984822
24161,99959.18237984822
24162,99959.18237984822
24163,99959.18237984822
24164,99959.18237984822
24165,99959.18237984822
24166,99959.18237984822
24167,99959.18237984822
24168,99959.18237984822
24169,99959.18237984822
24170,99959.18237984822
24171,99959.18237984822
24172,99959.18237984822
24173,99959.18237984822
24174,99959.18237984822
24175,99959.18237984822
24176,99959.18237984822
24177,99959.18237984822
24178,99959.18237984822
24179,99959.18237984822
24180,99959.18237984822
24181,99959.18237984822
24182,99959.18237984822
24183,99959.18237984822
24184,99959.18237984822
24185,99959.18237984822
24186,99959.18237984822
24187,99959.18237984822
24188,99959.18237984822
24189,99959.18237984822
24190,99959.18237984822
24191,99959.18237984822
24192,99959.18237984822
24193,99959.18237984822
24194,99959.18237984822
24195,99959.18237984822
24196,99959.18237984822
24197,99959.18237984822
24198,99959.18237984822
24199,99959.18237984822
24200,99959.18237984822
24201,99959.18237984822
24202,99959.18237984822
24203,99959.18237984822
24204,99959.18237984822
24205,99959.18237984822
24206,99959.18237984822
24207,99959.18237984822
24208,99959.18237984822
24209,99959.18237984822
24210,99959.18237984822
24211,99959.18237984822
24212,99959.18237984822
24213,99959.18237984822
24214,99959.18237984822
24215,99959.18237984822
24216,99959.18237984822
24217,99959.18237984822
24218,99959.18237984822
24219,99959.18237984822
24220,99959.18237984822
24221,99959.18237984822
24222,99959.18237984822
24223,99959.18237984822
24224,99959.18237984822
24225,99959.18237984822
24226,99959.18237984822
24227,99959.18237984822
24228,99959.18237984822
24229,99959.18237984822
24230,99959.18237984822
24231,99959.18237984822
24232,99959.18237984822
24233,99959.18237984822
24234,99959.18237984822
24235,99959.18237984822
24236,99959.18237984822
24237,99959.18237984822
24238,99959.18237984822
24239,99959.18237984822
24240,99959.18237984822
24241,99959.18237984822
24242,99959.18237984822
24243,99959.18237984822
24244,99959.18237984822
24245,99959.18237984822
24246,99959.18237984822
24247,99959.18237984822
24248,99959.18237984822
24249,99959.18237984822
24250,99959.18237984822
24251,99959.18237984822
24252,99959.18237984822
24253,99959.18237984822
24254,99959.18237984822
24255,99959.18237984822
24256,99959.18237984822
24257,99959.18237984822
24258,99959.18237984822
24259,99959.18237984822
24260,99959.18237984822
24261,99959.18237984822
24262,99959.18237984822
24263,99959.18237984822
24264,99959.18237984822
24265,99959.18237984822
24266,99959.18237984822
24267,99959.18237984822
24268,99959.18237984822
24269,99959.18237984822
24270,99959.18237984822
24271,99959.18237984822
24272,99959.18237984822
24273,99959.18237984822
24274,99959.18237984822
24275,99959.18237984822
24276,99959.18237984822
24277,99959.18237984822
24278,99959.18237984822
24279,99959.18237984822
24280,99959.18237984822
24281,99959.18237984822
24282,99959.18237984822
24283,99959.18237984822
24284,99959.18237984822
24285,99959.18237984822
24286,99959.18237984822
24287,99959.18237984822
24288,99959.18237984822
24289,99959.18237984822
24290,99959.18237984822
24291,99959.18237984822
24292,99959.18237984822
24293,99959.18237984822
24294,99959.18237984822
24295,99959.18237984822
24296,99959.18237984822
24297,99959.18237984822
24298,99959.18237984822
24299,99959.18237984822
24300,99959.18237984822
24301,99959.18237984822
24302,99959.18237984822
24303,99959.18237984822
24304,99959.18237984822
24305,99959.18237984822
24306,99959.18237984822
24307,99959.18237984822
24308,99959.18237984822
24309,99959.18237984822
24310,99959.18237984822
24311,99959.18237984822
24312,99959.18237984822
24313,99959.18237984822
24314,99959.18237984822
24315,99959.18237984822
24316,99959.18237984822
24317,99959.18237984822
24318,99959.18237984822
24319,99959.18237984822
24320,99959.18237984822
24321,99959.18237984822
24322,99959.18237984822
24323,99959.18237984822
24324,99959.18237984822
24325,99959.18237984822
24326,99959.18237984822
24327,99959.18237984822
24328,99959.18237984822
24329,99959.18237984822
24330,99959.18237984822
24331,99959.18237984822
24332,99959.18237984822
24333,99959.18237984822
24334,99959.18237984822
24335,99959.18237984822
24336,99959.18237984822
24337,99959.18237984822
24338,99959.18237984822
24339,99959.18237984822
24340,99959.18237984822
24341,99959.18237984822
24342,99959.18237984822
24343,99959.18237984822
24344,99959.18237984822
24345,99959.18237984822
24346,99959.18237984822
24347,99959.18237984822
24348,99959.18237984822
24349,99959.18237984822
24350,99959.18237984822
24351,99959.18237984822
24352,99959.18237984822
24353,99959.18237984822
24354,99959.18237984822
24355,99959.18237984822
24356,99959.18237984822
24357,99959.18237984822
24358,99959.18237984822
24359,99959.18237984822
24360,99959.18237984822
24361,99959.18237984822
24362,99959.18237984822
24363,99959.18237984822
24364,99959.18237984822
24365,99959.18237984822
24366,99959.18237984822
24367,99959.18237984822
24368,99959.18237984822
24369,99959.18237984822
24370,99959.18237984822
24371,99959.18237984822
24372,99959.18237984822
24373,99959.18237984822
24374,99959.18237984822
24375,99959.18237984822
24376,99959.18237984822
24377,99959.18237984822
24378,99959.18237984822
24379,99959.18237984822
24380,99959.18237984822
24381,99959.18237984822
24382,99959.18237984822
24383,99959.18237984822
24384,99959.18237984822
24385,99959.18237984822
24386,99959.18237984822
24387,99959.18237984822
24388,99959.18237984822
24389,99959.18237984822
24390,99959.18237984822
24391,99959.18237984822
24392,99959.18237984822
24393,99959.18237984822
24394,99959.18237984822
24395,99959.18237984822
24396,99959.18237984822
24397,99959.18237984822
24398,99959.18237984822
24399,99959.18237984822
24400,99959.18237984822
24401,99959.18237984822
24402,99959.18237984822
24403,99959.18237984822
24404,99959.18237984822
24405,99959.18237984822
24406,99959.18237984822
24407,99959.18237984822
24408,99959.18237984822
24409,99959.18237984822
24410,99959.18237984822
24411,99959.18237984822
24412,99959.18237984822
24413,99959.18237984822
24414,99959.18237984822
24415,99959.18237984822
24416,99959.18237984822
24417,99959.18237984822
24418,99959.18237984822
24419,99959.18237984822
24420,99959.18237984822
24421,99959.18237984822
24422,99959.18237984822
24423,99959.18237984822
24424,99959.18237984822
24425,99959.18237984822
24426,99959.18237984822
24427,99959.18237984822
24428,99959.18237984822
24429,99959.18237984822
24430,99959.18237984822
24431,99959.18237984822
24432,99959.18237984822
24433,99959.18237984822
24434,99959.18237984822
24435,99959.18237984822
24436,99959.18237984822
24437,99959.18237984822
24438,99959.18237984822
24439,99959.18237984822
24440,99959.18237984822
24441,99959.18237984822
24442,99959.18237984822
24443,99959.18237984822
24444,99959.18237984822
24445,99959.18237984822
24446,99959.18237984822
24447,99959.18237984822
24448,99959.18237984822
24449,99959.18237984822
24450,99959.18237984822
24451,99959.18237984822
24452,99959.18237984822
24453,99959.18237984822
24454,99959.18237984822
24455,99959.18237984822
24456,99959.18237984822
24457,99959.18237984822
24458,99959.18237984822
24459,99959.18237984822
24460,99959.18237984822
24461,99959.18237984822
24462,99959.18237984822
24463,99959.18237984822
24464,99959.18237984822
24465,99959.18237984822
24466,99959.18237984822
24467,99959.18237984822
24468,99959.18237984822
24469,99959.18237984822
24470,99959.18237984822
24471,99959.18237984822
24472,99959.18237984822
24473,99959.18237984822
24474,99959.18237984822
24475,99959.18237984822
24476,99959.18237984822
24477,99959.18237984822
24478,99959.18237984822
24479,99959.18237984822
24480,99959.18237984822
24481,99959.18237984822
24482,99959.18237984822
24483,99959.18237984822
24484,99959.18237984822
24485,99959.18237984822
24486,99959.18237984822
24487,99959.18237984822
24488,99959.18237984822
24489,99959.18237984822
24490,99959.18237984822
24491,99959.18237984822
24492,99959.18237984822
24493,99959.18237984822
24494,99959.18237984822
24495,99959.18237984822
24496,99959.18237984822
24497,99959.18237984822
24498,99959.18237984822
24499,99959.18237984822
24500,99959.18237984822
24501,99959.18237984822
24502,99959.18237984822
24503,99959.18237984822
24504,99959.18237984822
24505,99959.18237984822
24506,99959.18237984822
24507,99959.18237984822
24508,99959.18237984822
24509,99959.18237984822
24510,99959.18237984822
24511,99959.18237984822
24512,99959.18237984822
24513,99959.18237984822
24514,99959.18237984822
24515,99959.18237984822
24516,99959.18237984822
24517,99959.18237984822
24518,99959.18237984822
24519,99959.18237984822
24520,99959.18237984822
24521,99959.18237984822
24522,99959.18237984822
24523,99959.18237984822
24524,99959.18237984822
24525,99959.18237984822
24526,99959.18237984822
24527,99959.18237984822
24528,99959.18237984822
24529,99959.18237984822
24530,99959.18237984822
24531,99959.18237984822
24532,99959.18237984822
24533,99959.18237984822
24534,99959.18237984822
24535,99959.18237984822
24536,99959.18237984822
24537,99959.18237984822
24538,99959.18237984822
24539,99959.18237984822
24540,99959.18237984822
24541,99959.18237984822
24542,99959.18237984822
24543,99959.18237984822
24544,99959.18237984822
24545,99959.18237984822
24546,99959.18237984822
24547,99959.18237984822
24548,99959.18237984822
24549,99959.18237984822
24550,99959.18237984822
24551,99959.18237984822
24552,99959.18237984822
24553,99959.18237984822
24554,99959.18237984822
24555,99959.18237984822
24556,99959.18237984822
24557,99959.18237984822
24558,99959.18237984822
24559,99959.18237984822
24560,99959.18237984822
24561,99959.18237984822
24562,99959.18237984822
24563,99959.18237984822
24564,99959.18237984822
24565,99959.18237984822
24566,99959.18237984822
24567,99959.18237984822
24568,99959.18237984822
24569,99959.18237984822
24570,99959.18237984822
24571,99959.18237984822
24572,99959.18237984822
24573,99959.18237984822
24574,99959.18237984822
24575,99959.18237984822
24576,99959.18237984822
24577,99959.18237984822
24578,99959.18237984822
24579,99959.18237984822
24580,99959.18237984822
24581,99959.18237984822
24582,99959.18237984822
24583,99959.18237984822
24584,99959.18237984822
24585,99959.18237984822
24586,99959.18237984822
24587,99959.18237984822
24588,99959.18237984822
24589,99959.18237984822
24590,99959.18237984822
24591,99959.18237984822
24592,99959.18237984822
24593,99959.18237984822
24594,99959.18237984822
24595,99959.18237984822
24596,99959.18237984822
24597,99959.18237984822
24598,99959.18237984822
24599,99959.18237984822
24600,99959.18237984822
24601,99959.18237984822
24602,99959.18237984822
24603,99959.18237984822
24604,99959.18237984822
24605,99959.18237984822
24606,99959.18237984822
24607,99959.18237984822
24608,99959.18237984822
24609,99959.18237984822
24610,99959.18237984822
24611,99959.18237984822
24612,99959.18237984822
24613,99959.18237984822
24614,99959.18237984822
24615,99959.18237984822
24616,99959.18237984822
24617,99959.18237984822
24618,99959.18237984822
24619,99959.18237984822
24620,99959.18237984822
24621,99959.18237984822
24622,99959.18237984822
24623,99959.18237984822
24624,99959.18237984822
24625,99959.18237984822
24626,99959.18237984822
24627,99959.18237984822
24628,99959.18237984822
24629,99959.18237984822
24630,99959.18237984822
24631,99959.18237984822
24632,99959.18237984822
24633,99959.18237984822
24634,99959.18237984822
24635,99959.18237984822
24636,99959.18237984822
24637,99959.18237984822
24638,99959.18237984822
24639,99959.18237984822
24640,99959.18237984822
24641,99959.18237984822
24642,99959.18237984822
24643,99959.18237984822
24644,99959.18237984822
24645,99959.18237984822
24646,99959.18237984822
24647,99959.18237984822
24648,99959.18237984822
24649,99959.18237984822
24650,99959.18237984822
24651,99959.18237984822
24652,99959.18237984822
24653,99959.18237984822
24654,99959.18237984822
24655,99959.18237984822
24656,99959.18237984822
24657,99959.18237984822
24658,99959.18237984822
24659,99959.18237984822
24660,99959.18237984822
24661,99959.18237984822
24662,99959.18237984822
24663,99959.18237984822
24664,99959.18237984822
24665,99959.18237984822
24666,99959.18237984822
24667,99959.18237984822
24668,99959.18237984822
24669,99959.18237984822
24670,99959.18237984822
24671,99959.18237984822
24672,99959.18237984822
24673,99959.18237984822
24674,99959.18237984822
24675,99959.18237984822
24676,99959.18237984822
24677,99959.18237984822
24678,99959.18237984822
24679,99959.18237984822
24680,99959.18237984822
24681,99959.18237984822
24682,99959.18237984822
24683,99959.18237984822
24684,99959.18237984822
24685,99959.18237984822
24686,99959.18237984822
24687,99959.18237984822
24688,99959.18237984822
24689,99959.18237984822
24690,99959.18237984822
24691,99959.18237984822
24692,99959.18237984822
24693,99959.18237984822
24694,99959.18237984822
24695,99959.18237984822
24696,99959.18237984822
24697,99959.18237984822
24698,99959.18237984822
24699,99959.18237984822
24700,99959.18237984822
24701,99959.18237984822
24702,99959.18237984822
24703,99959.18237984822
24704,99959.18237984822
24705,99959.18237984822
24706,99959.18237984822
24707,99959.18237984822
24708,99959.18237984822
24709,99959.18237984822
24710,99959.18237984822
24711,99959.18237984822
24712,99959.18237984822
24713,99959.18237984822
24714,99959.18237984822
24715,99959.18237984822
24716,99959.18237984822
24717,99959.18237984822
24718,99959.18237984822
24719,99959.18237984822
24720,99959.18237984822
24721,99959.18237984822
24722,99959.18237984822
24723,99959.18237984822
24724,99959.18237984822
24725,99959.18237984822
24726,99959.18237984822
24727,99959.18237984822
24728,99959.18237984822
24729,99959.18237984822
24730,99959.18237984822
24731,99959.18237984822
24732,99959.18237984822
24733,99959.18237984822
24734,99959.18237984822
24735,99959.12209447195
24736,99959.06419749999
24737,99957.9360556417
24738,99957.9360556417
24739,99957.9360556417
24740,99957.9360556417
24741,99957.9360556417
24742,99957.9360556417
24743,99957.9360556417
24744,99957.9360556417
24745,99957.9360556417
24746,99957.9360556417
24747,99957.9360556417
24748,99957.9360556417
24749,99957.9360556417
24750,99957.9360556417
24751,99957.9360556417
24752,99957.9360556417
24753,99957.9360556417
24754,99957.9360556417
24755,99957.9360556417
24756,99957.9360556417
24757,99957.9360556417
24758,99957.9360556417
24759,99957.9360556417
24760,99957.9360556417
24761,99957.9360556417
24762,99957.9360556417
24763,99957.9360556417
24764,99957.9360556417
24765,99957.9360556417
24766,99957.9360556417
24767,99957.9360556417
24768,99957.9360556417
24769,99957.9360556417
24770,99957.9360556417
24771,99957.9360556417
24772,99957.9360556417
24773,99957.9360556417
24774,99957.9360556417
24775,99957.9360556417
24776,99957.9360556417
24777,99957.9360556417
24778,99957.9360556417
24779,99957.9360556417
24780,99957.9360556417
24781,99957.9360556417
24782,99957.9360556417
24783,99957.9360556417
24784,99957.9360556417
24785,99957.9360556417
24786,99957.9360556417
24787,99957.9360556417
24788,99957.9360556417
24789,99957.9360556417
24790,99957.9360556417
24791,99957.9360556417
24792,99957.9360556417
24793,99957.9360556417
24794,99957.9360556417
24795,99957.9360556417
24796,99957.9360556417
24797,99957.9360556417
24798,99957.9360556417
24799,99957.9360556417
24800,99957.9360556417
24801,99957.9360556417
24802,99957.9360556417
24803,99957.9360556417
24804,99957.9360556417
24805,99957.9360556417
24806,99957.9360556417
24807,99957.9360556417
24808,99957.9360556417
24809,99957.9360556417
24810,99957.9360556417
24811,99957.9360556417
24812,99957.9360556417
24813,99957.9360556417
24814,99957.9360556417
24815,99957.9360556417
24816,99957.9360556417
24817,99957.9360556417
24818,99957.9360556417
24819,99957.9360556417
24820,99957.9360556417
24821,99957.9360556417
24822,99957.9360556417
24823,99957.9360556417
24824,99957.9360556417
24825,99957.9360556417
24826,99957.9360556417
24827,99957.9360556417
24828,99957.9360556417
24829,99957.9360556417
24830,99957.9360556417
24831,99957.9360556417
24832,99957.9360556417
24833,99957.9360556417
24834,99957.9360556417
24835,99957.9360556417
24836,99957.9360556417
24837,99957.9360556417
24838,99957.9360556417
24839,99957.9360556417
24840,99957.9360556417
24841,99957.9360556417
24842,99957.9360556417
24843,99957.9360556417
24844,99957.9360556417
24845,99957.9360556417
24846,99957.9360556417
24847,99957.9360556417
24848,99957.9360556417
24849,99957.9360556417
24850,99957.9360556417
24851,99957.9360556417
24852,99957.9360556417
24853,99957.9360556417
24854,99957.9360556417
24855,99957.9360556417
24856,99957.9360556417
24857,99957.9360556417
24858,99957.9360556417
24859,99957.9360556417
24860,99957.9360556417
24861,99957.9360556417
24862,99957.9360556417
24863,99957.9360556417
24864,99957.9360556417
24865,99957.9360556417
24866,99957.9360556417
24867,99957.9360556417
24868,99957.9360556417
24869,99957.9360556417
24870,99957.9360556417
24871,99957.9360556417
24872,99957.9360556417
24873,99957.9360556417
24874,99957.9360556417
24875,99957.9360556417
24876,99957.9360556417
24877,99957.9360556417
24878,99957.9360556417
24879,99957.9360556417
24880,99957.9360556417
24881,99957.9360556417
24882,99957.9360556417
24883,99957.9360556417
24884,99957.9360556417
24885,99957.9360556417
24886,99957.9360556417
24887,99957.9360556417
24888,99957.9360556417
24889,99957.9360556417
24890,99957.9360556417
24891,99957.9360556417
24892,99957.9360556417
24893,99957.9360556417
24894,99957.9360556417
24895,99957.9360556417
24896,99957.9360556417
24897,99957.9360556417
24898,99957.9360556417
24899,99957.9360556417
24900,99957.9360556417
24901,99957.9360556417
24902,99957.9360556417
24903,99957.9360556417
24904,99957.9360556417
24905,99957.9360556417
24906,99957.9360556417
24907,99957.9360556417
24908,99957.9360556417
24909,99957.9360556417
24910,99957.9360556417
24911,99957.9360556417
24912,99957.9360556417
24913,99957.9360556417
24914,99957.9360556417
24915,99957.9360556417
24916,99957.9360556417
24917,99957.9360556417
24918,99957.9360556417
24919,99957.9360556417
24920,99957.9360556417
24921,99957.9360556417
24922,99957.9360556417
24923,99957.9360556417
24924,99957.9360556417
24925,99957.9360556417
24926,99957.9360556417
24927,99957.9360556417
24928,99957.9360556417
24929,99957.9360556417
24930,99957.9360556417
24931,99957.9360556417
24932,99957.9360556417
24933,99957.9360556417
24934,99957.9360556417
24935,99957.9360556417
24936,99957.9360556417
24937,99957.88536381992
24938,99957.4226320117
24939,99957.4226320117
24940,99957.3908963482
24941,99957.3908963482
24942,99956.9672335064
24943,99956.9672335064
24944,99956.9672335064
24945,99956.9672335064
24946,99956.9672335064
24947,99956.9672335064
24948,99956.9672335064
24949,99956.9672335064
24950,99956.9672335064
24951,99956.9672335064
24952,99956.9672335064
24953,99956.9672335064
24954,99956.9672335064
24955,99956.9672335064
24956,99956.9672335064
24957,99956.9672335064
24958,99956.9672335064
24959,99956.9672335064
24960,99956.9672335064
24961,99956.9672335064
24962,99956.9672335064
24963,99956.9672335064
24964,99956.9672335064
24965,99956.9672335064
24966,99956.9672335064
24967,99956.9672335064
24968,99956.9672335064
24969,99956.9672335064
24970,99956.9672335064
24971,99956.9672335064
24972,99956.9672335064
24973,99956.9672335064
24974,99956.9672335064
24975,99956.9672335064
24976,99956.9672335064
24977,99956.9672335064
24978,99956.9672335064
24979,99956.9672335064
24980,99956.9672335064
24981,99956.9672335064
24982,99956.9672335064
24983,99956.9672335064
24984,99956.9672335064
24985,99956.9672335064
24986,99956.9672335064
24987,99956.9672335064
24988,99956.9672335064
24989,99956.9672335064
24990,99956.9672335064
24991,99956.9672335064
24992,99956.9672335064
24993,99956.9672335064
24994,99956.9672335064
24995,99956.9672335064
24996,99956.9672335064
24997,99956.9672335064
24998,99956.9672335064
24999,99956.9672335064
25000,99956.9672335064
25001,99956.9672335064
25002,99956.9672335064
25003,99956.9672335064
25004,99956.9672335064
25005,99956.9672335064
25006,99956.9672335064
25007,99956.9672335064
25008,99956.9672335064
25009,99956.9672335064
25010,99956.9672335064
25011,99956.9672335064
25012,99956.9672335064
25013,99956.9672335064
25014,99956.9672335064
25015,99956.9672335064
25016,99956.9672335064
25017,99956.9672335064
25018,99956.9672335064
25019,99956.9672335064
25020,99956.9672335064
25021,99956.9672335064
25022,99956.9672335064
25023,99956.9672335064
25024,99956.9672335064
25025,99956.9672335064
25026,99956.9672335064
25027,99956.9672335064
25028,99956.9672335064
25029,99956.9672335064
25030,99956.9672335064
25031,99956.9672335064
25032,99956.9672335064
25033,99956.9672335064
25034,99956.9672335064
25035,99956.9672335064
25036,99956.9672335064
25037,99956.9672335064
25038,99956.9672335064
25039,99956.9672335064
25040,99956.9672335064
25041,99956.9672335064
25042,99956.9672335064
25043,99956.9672335064
25044,99956.9672335064
25045,99956.9672335064
25046,99956.9672335064
25047,99956.9672335064
25048,99956.9672335064
25049,99956.9672335064
25050,99956.9672335064
25051,99956.9672335064
25052,99956.9672335064
25053,99956.9672335064
25054,99956.9672335064
25055,99956.9672335064
25056,99956.9672335064
25057,99956.9672335064
25058,99956.9672335064
25059,99956.9672335064
25060,99956.9672335064
25061,99956.9672335064
25062,99956.9672335064
25063,99956.9672335064
25064,99956.9672335064
25065,99956.9672335064
25066,99956.9672335064
25067,99956.9672335064
25068,99956.9672335064
25069,99956.9672335064
25070,99956.9672335064
25071,99956.9672335064
25072,99956.9672335064
25073,99956.9672335064
25074,99956.9672335064
25075,99956.9672335064
25076,99956.9672335064
25077,99956.9672335064
25078,99956.9672335064
25079,99956.9672335064
25080,99956.9672335064
25081,99956.9672335064
25082,99956.9672335064
25083,99956.9672335064
25084,99956.9672335064
25085,99956.9672335064
25086,99956.9672335064
25087,99956.9672335064
25088,99956.9672335064
25089,99956.9672335064
25090,99956.9672335064
25091,99956.9672335064
25092,99956.9672335064
25093,99956.9672335064
25094,99956.9672335064
25095,99956.9672335064
25096,99956.9672335064
25097,99956.9672335064
25098,99956.9672335064
25099,99956.9672335064
25100,99956.9672335064
25101,99956.9672335064
25102,99956.9672335064
25103,99956.9672335064
25104,99956.9672335064
25105,99956.9672335064
25106,99956.9672335064
25107,99956.9672335064
25108,99956.9672335064
25109,99956.9672335064
25110,99956.9672335064
25111,99956.9672335064
25112,99956.9672335064
25113,99956.9672335064
25114,99956.9672335064
25115,99956.9672335064
25116,99956.9672335064
25117,99956.9672335064
25118,99956.9672335064
25119,99956.9672335064
25120,99956.9672335064
25121,99956.9672335064
25122,99956.9672335064
25123,99956.9672335064
25124,99956.9672335064
25125,99956.9672335064
25126,99956.9672335064
25127,99956.9672335064
25128,99956.9672335064
25129,99956.9672335064
25130,99956.9672335064
25131,99956.9672335064
25132,99956.9672335064
25133,99956.9672335064
25134,99956.9672335064
25135,99956.9672335064
25136,99956.9672335064
25137,99956.9672335064
25138,99956.9672335064
25139,99956.9672335064
25140,99956.9672335064
25141,99956.9672335064
25142,99956.9672335064
25143,99956.9672335064
25144,99956.9672335064
25145,99956.9672335064
25146,99956.9672335064
25147,99956.9672335064
25148,99956.9672335064
25149,99956.9672335064
25150,99956.9672335064
25151,99956.9672335064
25152,99956.9672335064
25153,99956.9672335064
25154,99956.9672335064
25155,99956.9672335064
25156,99956.9672335064
25157,99956.9672335064
25158,99956.9672335064
25159,99956.9672335064
25160,99956.9672335064
25161,99956.9672335064
25162,99956.9672335064
25163,99956.9672335064
25164,99956.9672335064
25165,99956.9672335064
25166,99956.9672335064
25167,99956.9672335064
25168,99956.9672335064
25169,99956.9672335064
25170,99956.9672335064
25171,99956.9672335064
25172,99956.9672335064
25173,99956.9672335064
25174,99956.9672335064
25175,99956.9672335064
25176,99956.9672335064
25177,99956.9672335064
25178,99956.9672335064
25179,99956.9672335064
25180,99956.9672335064
25181,99956.9672335064
25182,99956.9672335064
25183,99956.9672335064
25184,99956.9672335064
25185,99956.9672335064
25186,99956.9672335064
25187,99956.9672335064
25188,99956.9672335064
25189,99956.9672335064
25190,99956.9672335064
25191,99956.9672335064
25192,99956.9672335064
25193,99956.9672335064
25194,99956.9672335064
25195,99956.9672335064
25196,99956.9672335064
25197,99956.9672335064
25198,99956.9672335064
25199,99956.9672335064
25200,99956.9672335064
25201,99956.9672335064
25202,99956.9672335064
25203,99956.9672335064
25204,99956.9672335064
25205,99956.9672335064
25206,99956.9672335064
25207,99956.9672335064
25208,99956.9672335064
25209,99956.9672335064
25210,99956.9672335064
25211,99956.9672335064
25212,99956.9672335064
25213,99956.9672335064
25214,99956.9672335064
25215,99956.9672335064
25216,99956.9672335064
25217,99956.9672335064
25218,99956.9672335064
25219,99956.9672335064
25220,99956.9672335064
25221,99956.9672335064
25222,99956.9672335064
25223,99956.9672335064
25224,99956.9672335064
25225,99956.9672335064
25226,99956.9672335064
25227,99956.9672335064
25228,99956.9672335064
25229,99956.9672335064
25230,99956.9672335064
25231,99956.9672335064
25232,99956.9672335064
25233,99956.9672335064
25234,99956.9672335064
25235,99956.9672335064
25236,99956.9672335064
25237,99956.9672335064
25238,99956.9672335064
25239,99956.9672335064
25240,99956.9672335064
25241,99956.9672335064
25242,99956.9672335064
25243,99956.9672335064
25244,99956.9672335064
25245,99956.9672335064
25246,99956.9672335064
25247,99956.9672335064
25248,99956.9672335064
25249,99956.9672335064
25250,99956.9672335064
25251,99956.9672335064
25252,99956.9672335064
25253,99956.9672335064
25254,99956.9672335064
25255,99956.9672335064
25256,99956.9672335064
25257,99956.9672335064
25258,99956.9672335064
25259,99956.9672335064
25260,99956.9672335064
25261,99956.9672335064
25262,99956.9672335064
25263,99956.9672335064
25264,99956.9672335064
25265,99956.9672335064
25266,99956.9672335064
25267,99956.9672335064
25268,99956.9672335064
25269,99956.9672335064
25270,99956.9672335064
25271,99956.9672335064
25272,99956.9672335064
25273,99956.9672335064
25274,99956.9672335064
25275,99956.9672335064
25276,99956.9672335064
25277,99956.9672335064
25278,99956.9672335064
25279,99956.9672335064
25280,99956.9672335064
25281,99956.9672335064
25282,99956.9672335064
25283,99956.9672335064
25284,99956.9672335064
25285,99956.9672335064
25286,99956.9672335064
25287,99956.9672335064
25288,99956.9672335064
25289,99956.9672335064
25290,99956.9672335064
25291,99956.9672335064
25292,99956.9672335064
25293,99956.9672335064
25294,99956.9672335064
25295,99956.9672335064
25296,99956.9672335064
25297,99956.9672335064
25298,99956.9672335064
25299,99956.9672335064
25300,99956.9672335064
25301,99956.9672335064
25302,99956.9672335064
25303,99956.9672335064
25304,99956.9672335064
25305,99956.9672335064
25306,99956.9672335064
25307,99956.9672335064
25308,99956.9672335064
25309,99956.9672335064
25310,99956.9672335064
25311,99956.9672335064
25312,99956.9672335064
25313,99956.9672335064
25314,99956.9672335064
25315,99956.9672335064
25316,99956.9672335064
25317,99956.9672335064
25318,99956.9672335064
25319,99956.9672335064
25320,99956.9672335064
25321,99956.9672335064
25322,99956.9672335064
25323,99956.9672335064
25324,99956.9672335064
25325,99956.9672335064
25326,99956.9672335064
25327,99956.9672335064
25328,99956.9672335064
25329,99956.9672335064
25330,99956.9672335064
25331,99956.9672335064
25332,99956.9672335064
25333,99956.9672335064
25334,99956.9672335064
25335,99956.9672335064
25336,99956.9672335064
25337,99956.9672335064
25338,99956.9672335064
25339,99956.9672335064
25340,99956.9672335064
25341,99956.9672335064
25342,99956.9672335064
25343,99956.9672335064
25344,99956.9672335064
25345,99956.9672335064
25346,99956.9672335064
25347,99956.9672335064
25348,99956.9672335064
25349,99956.9672335064
25350,99956.9672335064
25351,99956.9672335064
25352,99956.9672335064
25353,99956.9672335064
25354,99956.9672335064
25355,99956.9672335064
25356,99956.9672335064
25357,99956.9672335064
25358,99956.9672335064
25359,99956.9672335064
25360,99956.9672335064
25361,99956.9672335064
25362,99956.9672335064
25363,99956.9672335064
25364,99956.9672335064
25365,99956.9672335064
25366,99956.9672335064
25367,99956.9672335064
25368,99956.9672335064
25369,99956.9672335064
25370,99956.9672335064
25371,99956.9672335064
25372,99956.9672335064
25373,99956.9672335064
25374,99956.9672335064
25375,99956.9672335064
25376,99956.9672335064
25377,99956.9672335064
25378,99956.9672335064
25379,99956.9672335064
25380,99956.9672335064
25381,99956.9672335064
25382,99956.9672335064
25383,99956.9672335064
25384,99956.9672335064
25385,99956.9672335064
25386,99956.9672335064
25387,99956.9672335064
25388,99956.9672335064
25389,99956.9672335064
25390,99956.9672335064
25391,99956.9672335064
25392,99956.9672335064
25393,99956.9672335064
25394,99956.9672335064
25395,99956.9672335064
25396,99956.9672335064
25397,99956.9672335064
25398,99956.9672335064
25399,99956.9672335064
25400,99956.9672335064
25401,99956.9672335064
25402,99956.9672335064
25403,99956.9672335064
25404,99956.9672335064
25405,99956.9672335064
25406,99956.9672335064
25407,99956.9672335064
25408,99956.9672335064
25409,99956.9672335064
25410,99956.9672335064
25411,99956.9672335064
25412,99956.9672335064
25413,99956.9672335064
25414,99956.9672335064
25415,99956.9672335064
25416,99956.9672335064
25417,99956.9672335064
25418,99956.9672335064
25419,99956.9672335064
25420,99956.9672335064
25421,99956.9672335064
25422,99956.9672335064
25423,99956.9672335064
25424,99956.9672335064
25425,99956.9672335064
25426,99956.9672335064
25427,99956.9672335064
25428,99956.9672335064
25429,99956.9672335064
25430,99956.9672335064
25431,99956.9672335064
25432,99956.9672335064
25433,99956.9672335064
25434,99956.9672335064
25435,99956.9672335064
25436,99956.9672335064
25437,99956.9672335064
25438,99956.9672335064
25439,99956.9672335064
25440,99956.9672335064
25441,99956.9672335064
25442,99956.9672335064
25443,99956.9672335064
25444,99956.9672335064
25445,99956.9672335064
25446,99956.9672335064
25447,99956.9672335064
25448,99956.9672335064
25449,99956.9672335064
25450,99956.9672335064
25451,99956.9672335064
25452,99956.9672335064
25453,99956.9672335064
25454,99956.9672335064
25455,99956.9672335064
25456,99956.9672335064
25457,99956.9672335064
25458,99956.9672335064
25459,99956.9672335064
25460,99956.9672335064
25461,99956.9672335064
25462,99956.9672335064
25463,99956.9672335064
25464,99956.9672335064
25465,99956.9672335064
25466,99956.9672335064
25467,99956.9672335064
25468,99956.9672335064
25469,99956.9672335064
25470,99956.9672335064
25471,99956.9672335064
25472,99956.9672335064
25473,99956.9672335064
25474,99956.9672335064
25475,99956.9672335064
25476,99956.9672335064
25477,99956.9672335064
25478,99956.9672335064
25479,99956.9672335064
25480,99956.9672335064
25481,99956.9672335064
25482,99956.9672335064
25483,99956.9672335064
25484,99956.9672335064
25485,99956.9672335064
25486,99956.9672335064
25487,99956.9672335064
25488,99956.9672335064
25489,99956.9672335064
25490,99956.9672335064
25491,99956.9672335064
25492,99956.9672335064
25493,99956.9672335064
25494,99956.9672335064
25495,99956.9672335064
25496,99956.9672335064
25497,99956.9672335064
25498,99956.9672335064
25499,99956.9672335064
25500,99956.9672335064
25501,99956.9672335064
25502,99956.9672335064
25503,99956.9672335064
25504,99956.9672335064
25505,99956.9672335064
25506,99956.9672335064
25507,99956.9672335064
25508,99956.9672335064
25509,99956.9672335064
25510,99956.9672335064
25511,99956.9672335064
25512,99956.91865174832
25513,99956.91865174832
25514,99956.91865174832
25515,99956.43543754706
25516,99956.43543754706
25517,99956.43543754706
25518,99956.43543754706
25519,99956.43543754706
25520,99956.43543754706
25521,99956.43543754706
25522,99956.43543754706
25523,99956.43543754706
25524,99956.43543754706
25525,99956.43543754706
25526,99956.43543754706
25527,99956.43543754706
25528,99956.43543754706
25529,99956.43543754706
25530,99956.43543754706
25531,99956.43543754706
25532,99956.43543754706
25533,99956.43543754706
25534,99956.43543754706
25535,99956.43543754706
25536,99956.43543754706
25537,99956.43543754706
25538,99956.43543754706
25539,99956.43543754706
25540,99956.43543754706
25541,99956.43543754706
25542,99956.43543754706
25543,99956.43543754706
25544,99956.43543754706
25545,99956.43543754706
25546,99956.43543754706
25547,99956.43543754706
25548,99956.43543754706
25549,99956.43543754706
25550,99956.43543754706
25551,99956.43543754706
25552,99956.43543754706
25553,99956.43543754706
25554,99956.43543754706
25555,99956.43543754706
25556,99956.43543754706
25557,99956.43543754706
25558,99956.43543754706
25559,99956.43543754706
25560,99956.43543754706
25561,99956.43543754706
25562,99956.43543754706
25563,99956.43543754706
25564,99956.43543754706
25565,99956.43543754706
25566,99956.43543754706
25567,99956.43543754706
25568,99956.43543754706
25569,99956.43543754706
25570,99956.43543754706
25571,99956.43543754706
25572,99956.43543754706
25573,99956.43543754706
25574,99956.43543754706
25575,99956.43543754706
25576,99956.43543754706
25577,99956.43543754706
25578,99956.43543754706
25579,99956.43543754706
25580,99956.43543754706
25581,99956.43543754706
25582,99956.43543754706
25583,99956.43543754706
25584,99956.43543754706
25585,99956.43543754706
25586,99956.43543754706
25587,99956.43543754706
25588,99956.43543754706
25589,99956.43543754706
25590,99956.43543754706
25591,99956.43543754706
25592,99956.43543754706
25593,99956.43543754706
25594,99956.43543754706
25595,99956.43543754706
25596,99956.43543754706
25597,99956.43543754706
25598,99956.43543754706
25599,99956.43543754706
25600,99956.43543754706
25601,99956.43543754706
25602,99956.43543754706
25603,99956.43543754706
25604,99956.43543754706
25605,99956.43543754706
25606,99956.43543754706
25607,99956.43543754706
25608,99956.43543754706
25609,99956.43543754706
25610,99956.43543754706
25611,99956.43543754706
25612,99956.43543754706
25613,99956.43543754706
25614,99956.43543754706
25615,99956.43543754706
25616,99956.43543754706
25617,99956.43543754706
25618,99956.43543754706
25619,99956.43543754706
25620,99956.43543754706
25621,99956.43543754706
25622,99956.43543754706
25623,99956.43543754706
25624,99956.43543754706
25625,99956.43543754706
25626,99956.43543754706
25627,99956.43543754706
25628,99956.43543754706
25629,99956.43543754706
25630,99956.43543754706
25631,99956.43543754706
25632,99956.43543754706
25633,99956.43543754706
25634,99956.43543754706
25635,99956.43543754706
25636,99956.43543754706
25637,99956.43543754706
25638,99956.43543754706
25639,99956.43543754706
25640,99956.43543754706
25641,99956.43543754706
25642,99956.43543754706
25643,99956.43543754706
25644,99956.43543754706
25645,99956.43543754706
25646,99956.43543754706
25647,99956.43543754706
25648,99956.43543754706
25649,99956.43543754706
25650,99956.43543754706
25651,99956.43543754706
25652,99956.43543754706
25653,99956.43543754706
25654,99956.43543754706
25655,99956.43543754706
25656,99956.43543754706
25657,99956.43543754706
25658,99956.43543754706
25659,99956.43543754706
25660,99956.43543754706
25661,99956.43543754706
25662,99956.43543754706
25663,99956.43543754706
25664,99956.43543754706
25665,99956.43543754706
25666,99956.43543754706
25667,99956.43543754706
25668,99956.43543754706
25669,99956.43543754706
25670,99956.43543754706
25671,99956.43543754706
25672,99956.43543754706
25673,99956.43543754706
25674,99956.43543754706
25675,99956.43543754706
25676,99956.43543754706
25677,99956.43543754706
25678,99956.43543754706
25679,99956.43543754706
25680,99956.43543754706
25681,99956.43543754706
25682,99956.43543754706
25683,99956.43543754706
25684,99956.43543754706
25685,99956.43543754706
25686,99956.43543754706
25687,99956.43543754706
25688,99956.39085792194
25689,99956.39085792194
25690,99955.79652758192
25691,99955.79652758192
25692,99955.79652758192
25693,99955.79652758192
25694,99955.79652758192
25695,99955.79652758192
25696,99955.79652758192
25697,99955.79652758192
25698,99955.79652758192
25699,99955.79652758192
25700,99955.79652758192
25701,99955.79652758192
25702,99955.79652758192
25703,99955.75381485205
25704,99956.15057643906
25705,99956.15057643906
25706,99956.15057643906
25707,99956.15057643906
25708,99956.15057643906
25709,99956.15057643906
25710,99956.15057643906
25711,99956.15057643906
25712,99956.15057643906
25713,99956.15057643906
25714,99956.15057643906
25715,99956.15057643906
25716,99956.15057643906
25717,99956.15057643906
25718,99956.15057643906
25719,99956.15057643906
25720,99956.15057643906
25721,99956.15057643906
25722,99956.15057643906
25723,99956.15057643906
25724,99956.15057643906
25725,99956.15057643906
25726,99956.15057643906
25727,99956.15057643906
25728,99956.15057643906
25729,99956.15057643906
25730,99956.15057643906
25731,99956.15057643906
25732,99956.15057643906
25733,99956.15057643906
25734,99956.15057643906
25735,99956.15057643906
25736,99956.15057643906
25737,99956.15057643906
25738,99956.15057643906
25739,99956.15057643906
25740,99956.15057643906
25741,99956.15057643906
25742,99956.15057643906
25743,99956.15057643906
25744,99956.15057643906
25745,99956.15057643906
25746,99956.15057643906
25747,99956.15057643906
25748,99956.15057643906
25749,99956.15057643906
25750,99956.15057643906
25751,99956.15057643906
25752,99956.15057643906
25753,99956.15057643906
25754,99956.15057643906
25755,99956.15057643906
25756,99956.15057643906
25757,99956.15057643906
25758,99956.15057643906
25759,99956.15057643906
25760,99956.15057643906
25761,99956.15057643906
25762,99956.15057643906
25763,99956.15057643906
25764,99956.15057643906
25765,99956.15057643906
25766,99956.15057643906
25767,99956.15057643906
25768,99956.15057643906
25769,99956.15057643906
25770,99956.15057643906
25771,99956.15057643906
25772,99956.15057643906
25773,99956.15057643906
25774,99956.15057643906
25775,99956.15057643906
25776,99956.15057643906
25777,99956.15057643906
25778,99956.15057643906
25779,99956.15057643906
25780,99956.15057643906
25781,99956.15057643906
25782,99956.15057643906
25783,99956.15057643906
25784,99956.15057643906
25785,99956.15057643906
25786,99956.15057643906
25787,99956.15057643906
25788,99956.15057643906
25789,99956.15057643906
25790,99956.15057643906
25791,99956.15057643906
25792,99956.15057643906
25793,99956.15057643906
25794,99956.15057643906
25795,99956.15057643906
25796,99956.15057643906
25797,99956.15057643906
25798,99956.15057643906
25799,99956.15057643906
25800,99956.15057643906
25801,99956.15057643906
25802,99956.15057643906
25803,99956.15057643906
25804,99956.15057643906
25805,99956.15057643906
25806,99956.15057643906
25807,99956.15057643906
25808,99956.15057643906
25809,99956.15057643906
25810,99956.15057643906
25811,99956.15057643906
25812,99956.15057643906
25813,99956.15057643906
25814,99956.15057643906
25815,99956.15057643906
25816,99956.15057643906
25817,99956.15057643906
25818,99956.15057643906
25819,99956.15057643906
25820,99956.15057643906
25821,99956.15057643906
25822,99956.15057643906
25823,99956.15057643906
25824,99956.15057643906
25825,99956.15057643906
25826,99956.15057643906
25827,99956.15057643906
25828,99956.15057643906
25829,99956.15057643906
25830,99956.15057643906
25831,99956.15057643906
25832,99956.15057643906
25833,99956.15057643906
25834,99956.15057643906
25835,99956.15057643906
25836,99956.15057643906
25837,99956.15057643906
25838,99956.15057643906
25839,99956.15057643906
25840,99956.15057643906
25841,99956.15057643906
25842,99956.15057643906
25843,99956.15057643906
25844,99956.15057643906
25845,99956.15057643906
25846,99956.15057643906
25847,99956.15057643906
25848,99956.15057643906
25849,99956.15057643906
25850,99956.15057643906
25851,99956.15057643906
25852,99956.15057643906
25853,99956.15057643906
25854,99956.15057643906
25855,99956.15057643906
25856,99956.15057643906
25857,99956.15057643906
25858,99956.15057643906
25859,99956.15057643906
25860,99956.15057643906
25861,99956.15057643906
25862,99956.15057643906
25863,99956.15057643906
25864,99956.15057643906
25865,99956.15057643906
25866,99956.15057643906
25867,99956.15057643906
25868,99956.15057643906
25869,99956.15057643906
25870,99956.15057643906
25871,99956.15057643906
25872,99956.15057643906
25873,99956.15057643906
25874,99956.15057643906
25875,99956.15057643906
25876,99956.15057643906
25877,99956.15057643906
25878,99956.15057643906
25879,99956.15057643906
25880,99956.15057643906
25881,99956.15057643906
25882,99956.15057643906
25883,99956.15057643906
25884,99956.15057643906
25885,99956.15057643906
25886,99956.15057643906
25887,99956.15057643906
25888,99956.15057643906
25889,99956.15057643906
25890,99956.15057643906
25891,99956.15057643906
25892,99956.15057643906
25893,99956.15057643906
25894,99956.15057643906
25895,99956.15057643906
25896,99956.15057643906
25897,99956.15057643906
25898,99956.15057643906
25899,99956.15057643906
25900,99956.15057643906
25901,99956.15057643906
25902,99956.15057643906
25903,99956.15057643906
25904,99956.15057643906
25905,99956.15057643906
25906,99956.15057643906
25907,99956.15057643906
25908,99956.15057643906
25909,99956.15057643906
25910,99956.15057643906
25911,99956.15057643906
25912,99956.15057643906
25913,99956.15057643906
25914,99956.15057643906
25915,99956.15057643906
25916,99956.15057643906
25917,99956.15057643906
25918,99956.15057643906
25919,99956.15057643906
25920,99956.15057643906
25921,99956.15057643906
25922,99956.15057643906
25923,99956.15057643906
25924,99956.15057643906
25925,99956.15057643906
25926,99956.15057643906
25927,99956.15057643906
25928,99956.15057643906
25929,99956.15057643906
25930,99956.15057643906
25931,99956.15057643906
25932,99956.15057643906
25933,99956.15057643906
25934,99956.15057643906
25935,99956.15057643906
25936,99956.15057643906
25937,99956.15057643906
25938,99956.15057643906
25939,99956.15057643906
25940,99956.15057643906
25941,99956.15057643906
25942,99956.15057643906
25943,99956.15057643906
25944,99956.15057643906
25945,99956.15057643906
25946,99956.15057643906
25947,99956.15057643906
25948,99956.15057643906
25949,99956.15057643906
25950,99956.15057643906
25951,99956.15057643906
25952,99956.15057643906
25953,99956.15057643906
25954,99956.15057643906
25955,99956.15057643906
25956,99956.15057643906
25957,99956.15057643906
25958,99956.15057643906
25959,99956.15057643906
25960,99956.15057643906
25961,99956.15057643906
25962,99956.15057643906
25963,99956.15057643906
25964,99956.15057643906
25965,99956.15057643906
25966,99956.15057643906
25967,99956.15057643906
25968,99956.15057643906
25969,99956.15057643906
25970,99956.15057643906
25971,99956.15057643906
25972,99956.15057643906
25973,99956.15057643906
25974,99956.15057643906
25975,99956.15057643906
25976,99956.15057643906
25977,99956.15057643906
25978,99956.15057643906
25979,99956.15057643906
25980,99956.15057643906
25981,99956.15057643906
25982,99956.15057643906
25983,99956.15057643906
25984,99956.15057643906
25985,99956.15057643906
25986,99956.15057643906
25987,99956.15057643906
25988,99956.15057643906
25989,99956.15057643906
25990,99956.15057643906
25991,99956.15057643906
25992,99956.15057643906
25993,99956.15057643906
25994,99956.15057643906
25995,99956.15057643906
25996,99956.15057643906
25997,99956.15057643906
25998,99956.15057643906
25999,99956.15057643906
26000,99956.15057643906
26001,99956.15057643906
26002,99956.15057643906
26003,99956.15057643906
26004,99956.15057643906
26005,99956.15057643906
26006,99956.15057643906
26007,99956.15057643906
26008,99956.15057643906
26009,99956.15057643906
26010,99956.15057643906
26011,99956.15057643906
26012,99956.15057643906
26013,99956.15057643906
26014,99956.15057643906
26015,99956.15057643906
26016,99956.15057643906
26017,99956.15057643906
26018,99956.15057643906
26019,99956.15057643906
26020,99956.15057643906
26021,99956.15057643906
26022,99956.15057643906
26023,99956.15057643906
26024,99956.15057643906
26025,99956.15057643906
26026,99956.15057643906
26027,99956.15057643906
26028,99956.15057643906
26029,99956.15057643906
26030,99956.15057643906
26031,99956.15057643906
26032,99956.15057643906
26033,99956.15057643906
26034,99956.15057643906
26035,99956.15057643906
26036,99956.15057643906
26037,99956.15057643906
26038,99956.15057643906
26039,99956.15057643906
26040,99956.15057643906
26041,99956.15057643906
26042,99956.15057643906
26043,99956.15057643906
26044,99956.15057643906
26045,99956.15057643906
26046,99956.15057643906
26047,99956.15057643906
26048,99956.15057643906
26049,99956.15057643906
26050,99956.15057643906
26051,99956.15057643906
26052,99956.15057643906
26053,99956.15057643906
26054,99956.15057643906
26055,99956.15057643906
26056,99956.15057643906
26057,99956.15057643906
26058,99956.15057643906
26059,99956.15057643906
26060,99956.15057643906
26061,99956.15057643906
26062,99956.15057643906
26063,99956.15057643906
26064,99956.15057643906
26065,99956.15057643906
26066,99956.15057643906
26067,99956.15057643906
26068,99956.15057643906
26069,99956.15057643906
26070,99956.15057643906
26071,99956.15057643906
26072,99956.15057643906
26073,99956.15057643906
26074,99956.15057643906
26075,99956.15057643906
26076,99956.15057643906
26077,99956.15057643906
26078,99956.15057643906
26079,99956.15057643906
26080,99956.15057643906
26081,99956.15057643906
26082,99956.15057643906
26083,99956.15057643906
26084,99956.15057643906
26085,99956.15057643906
26086,99956.15057643906
26087,99956.15057643906
26088,99956.15057643906
26089,99956.15057643906
26090,99956.15057643906
26091,99956.15057643906
26092,99956.15057643906
26093,99956.15057643906
26094,99956.15057643906
26095,99956.15057643906
26096,99956.15057643906
26097,99956.15057643906
26098,99956.15057643906
26099,99956.15057643906
26100,99956.15057643906
26101,99956.15057643906
26102,99956.15057643906
26103,99956.15057643906
26104,99956.15057643906
26105,99956.15057643906
26106,99956.15057643906
26107,99956.15057643906
26108,99956.15057643906
26109,99956.15057643906
26110,99956.15057643906
26111,99956.15057643906
26112,99956.15057643906
26113,99956.15057643906
26114,99956.15057643906
26115,99956.15057643906
26116,99956.15057643906
26117,99956.15057643906
26118,99956.15057643906
26119,99956.15057643906
26120,99956.15057643906
26121,99956.15057643906
26122,99956.15057643906
26123,99956.15057643906
26124,99956.15057643906
26125,99956.15057643906
26126,99956.15057643906
26127,99956.15057643906
26128,99956.15057643906
26129,99956.15057643906
26130,99956.15057643906
26131,99956.15057643906
26132,99956.15057643906
26133,99956.15057643906
26134,99956.15057643906
26135,99956.15057643906
26136,99956.15057643906
26137,99956.15057643906
26138,99956.15057643906
26139,99956.15057643906
26140,99956.15057643906
26141,99956.15057643906
26142,99956.15057643906
26143,99956.15057643906
26144,99956.15057643906
26145,99956.15057643906
26146,99956.15057643906
26147,99956.15057643906
26148,99956.15057643906
26149,99956.15057643906
26150,99956.15057643906
26151,99956.15057643906
26152,99956.15057643906
26153,99956.15057643906
26154,99956.15057643906
26155,99956.15057643906
26156,99956.15057643906
26157,99956.15057643906
26158,99956.15057643906
26159,99956.15057643906
26160,99956.15057643906
26161,99956.15057643906
26162,99956.15057643906
26163,99956.15057643906
26164,99956.15057643906
26165,99956.15057643906
26166,99956.15057643906
26167,99956.15057643906
26168,99956.15057643906
26169,99956.15057643906
26170,99956.15057643906
26171,99956.15057643906
26172,99956.15057643906
26173,99956.15057643906
26174,99956.15057643906
26175,99956.084318882
26176,99956.084318882
26177,99955.46492529455
26178,99955.46492529455
26179,99955.46492529455
26180,99955.46492529455
26181,99955.46492529455
26182,99955.46492529455
26183,99955.46492529455
26184,99955.46492529455
26185,99955.46492529455
26186,99955.46492529455
26187,99955.46492529455
26188,99955.46492529455
26189,99955.46492529455
26190,99955.46492529455
26191,99955.46492529455
26192,99955.46492529455
26193,99955.46492529455
26194,99955.46492529455
26195,99955.46492529455
26196,99955.46492529455
26197,99955.46492529455
26198,99955.46492529455
26199,99955.46492529455
26200,99955.46492529455
26201,99955.46492529455
26202,99955.46492529455
26203,99955.46492529455
26204,99955.46492529455
26205,99955.46492529455
26206,99955.46492529455
26207,99955.46492529455
26208,99955.46492529455
26209,99955.46492529455
26210,99955.46492529455
26211,99955.46492529455
26212,99955.46492529455
26213,99955.46492529455
26214,99955.46492529455
26215,99955.46492529455
26216,99955.46492529455
26217,99955.46492529455
26218,99955.46492529455
26219,99955.46492529455
26220,99955.46492529455
26221,99955.46492529455
26222,99955.46492529455
26223,99955.46492529455
26224,99955.46492529455
26225,99955.46492529455
26226,99955.46492529455
26227,99955.46492529455
26228,99955.46492529455
26229,99955.46492529455
26230,99955.46492529455
26231,99955.46492529455
26232,99955.46492529455
26233,99955.46492529455
26234,99955.46492529455
26235,99955.46492529455
26236,99955.46492529455
26237,99955.46492529455
26238,99955.46492529455
26239,99955.46492529455
26240,99955.46492529455
26241,99955.46492529455
26242,99955.46492529455
26243,99955.46492529455
26244,99955.46492529455
26245,99955.46492529455
26246,99955.46492529455
26247,99955.46492529455
26248,99955.46492529455
26249,99955.46492529455
26250,99955.46492529455
26251,99955.46492529455
26252,99955.46492529455
26253,99955.46492529455
26254,99955.46492529455
26255,99955.46492529455
26256,99955.46492529455
26257,99955.46492529455
26258,99955.46492529455
26259,99955.46492529455
26260,99955.46492529455
26261,99955.46492529455
26262,99955.46492529455
26263,99955.46492529455
26264,99955.46492529455
26265,99955.46492529455
26266,99955.46492529455
26267,99955.46492529455
26268,99955.46492529455
26269,99955.46492529455
26270,99955.46492529455
26271,99955.46492529455
26272,99955.46492529455
26273,99955.46492529455
26274,99955.46492529455
26275,99955.46492529455
26276,99955.46492529455
26277,99955.46492529455
26278,99955.46492529455
26279,99955.46492529455
26280,99955.46492529455
26281,99955.46492529455
26282,99955.46492529455
26283,99955.46492529455
26284,99955.46492529455
26285,99955.46492529455
26286,99955.46492529455
26287,99955.46492529455
26288,99955.46492529455
26289,99955.46492529455
26290,99955.46492529455
26291,99955.46492529455
26292,99955.46492529455
26293,99955.46492529455
26294,99955.46492529455
26295,99955.46492529455
26296,99955.46492529455
26297,99955.46492529455
26298,99955.46492529455
26299,99955.46492529455
26300,99955.46492529455
26301,99955.46492529455
26302,99955.46492529455
26303,99955.46492529455
26304,99955.46492529455
26305,99955.46492529455
26306,99955.46492529455
26307,99955.46492529455
26308,99955.46492529455
26309,99955.46492529455
26310,99955.46492529455
26311,99955.46492529455
26312,99955.46492529455
26313,99955.46492529455
26314,99955.46492529455
26315,99955.46492529455
26316,99955.46492529455
26317,99955.46492529455
26318,99955.46492529455
26319,99955.46492529455
26320,99955.46492529455
26321,99955.46492529455
26322,99955.46492529455
26323,99955.46492529455
26324,99955.46492529455
26325,99955.46492529455
26326,99955.46492529455
26327,99955.46492529455
26328,99955.46492529455
26329,99955.46492529455
26330,99955.46492529455
26331,99955.46492529455
26332,99955.46492529455
26333,99955.46492529455
26334,99955.46492529455
26335,99955.46492529455
26336,99955.46492529455
26337,99955.46492529455
26338,99955.46492529455
26339,99955.46492529455
26340,99955.46492529455
26341,99955.46492529455
26342,99955.46492529455
26343,99955.46492529455
26344,99955.46492529455
26345,99955.46492529455
26346,99955.46492529455
26347,99955.46492529455
26348,99955.46492529455
26349,99955.46492529455
26350,99955.46492529455
26351,99955.46492529455
26352,99955.46492529455
26353,99955.46492529455
26354,99955.46492529455
26355,99955.46492529455
26356,99955.46492529455
26357,99955.46492529455
26358,99955.46492529455
26359,99955.46492529455
26360,99955.46492529455
26361,99955.46492529455
26362,99955.46492529455
26363,99955.46492529455
26364,99955.46492529455
26365,99955.46492529455
26366,99955.46492529455
26367,99955.46492529455
26368,99955.46492529455
26369,99955.46492529455
26370,99955.46492529455
26371,99955.46492529455
26372,99955.46492529455
26373,99955.46492529455
26374,99955.46492529455
26375,99955.46492529455
26376,99955.46492529455
26377,99955.46492529455
26378,99955.46492529455
26379,99955.46492529455
26380,99955.46492529455
26381,99955.46492529455
26382,99955.46492529455
26383,99955.46492529455
26384,99955.46492529455
26385,99955.46492529455
26386,99955.46492529455
26387,99955.46492529455
26388,99955.46492529455
26389,99955.46492529455
26390,99955.46492529455
26391,99955.46492529455
26392,99955.46492529455
26393,99955.46492529455
26394,99955.46492529455
26395,99955.46492529455
26396,99955.46492529455
26397,99955.46492529455
26398,99955.46492529455
26399,99955.46492529455
26400,99955.46492529455
26401,99955.46492529455
26402,99955.46492529455
26403,99955.46492529455
26404,99955.46492529455
26405,99955.46492529455
26406,99955.46492529455
26407,99955.46492529455
26408,99955.46492529455
26409,99955.46492529455
26410,99955.46492529455
26411,99955.46492529455
26412,99955.46492529455
26413,99955.46492529455
26414,99955.46492529455
26415,99955.46492529455
26416,99955.46492529455
26417,99955.46492529455
26418,99955.46492529455
26419,99955.46492529455
26420,99955.46492529455
26421,99955.46492529455
26422,99955.46492529455
26423,99955.46492529455
26424,99955.46492529455
26425,99955.46492529455
26426,99955.46492529455
26427,99955.46492529455
26428,99955.46492529455
26429,99955.46492529455
26430,99955.46492529455
26431,99955.46492529455
26432,99955.46492529455
26433,99955.46492529455
26434,99955.46492529455
26435,99955.46492529455
26436,99955.46492529455
26437,99955.46492529455
26438,99955.46492529455
26439,99955.46492529455
26440,99955.46492529455
26441,99955.46492529455
26442,99955.46492529455
26443,99955.46492529455
26444,99955.46492529455
26445,99955.46492529455
26446,99955.46492529455
26447,99955.46492529455
26448,99955.46492529455
26449,99955.46492529455
26450,99955.46492529455
26451,99955.46492529455
26452,99955.46492529455
26453,99955.46492529455
26454,99955.46492529455
26455,99955.46492529455
26456,99955.46492529455
26457,99955.46492529455
26458,99955.46492529455
26459,99955.46492529455
26460,99955.46492529455
26461,99955.46492529455
26462,99955.46492529455
26463,99955.46492529455
26464,99955.46492529455
26465,99955.46492529455
26466,99955.46492529455
26467,99955.46492529455
26468,99955.46492529455
26469,99955.46492529455
26470,99955.46492529455
26471,99955.46492529455
26472,99955.46492529455
26473,99955.46492529455
26474,99955.46492529455
26475,99955.46492529455
26476,99955.46492529455
26477,99955.46492529455
26478,99955.46492529455
26479,99955.46492529455
26480,99955.46492529455
26481,99955.46492529455
26482,99955.46492529455
26483,99955.46492529455
26484,99955.46492529455
26485,99955.46492529455
26486,99955.46492529455
26487,99955.46492529455
26488,99955.46492529455
26489,99955.46492529455
26490,99955.46492529455
26491,99955.46492529455
26492,99955.46492529455
26493,99955.46492529455
26494,99955.46492529455
26495,99955.46492529455
26496,99955.46492529455
26497,99955.46492529455
26498,99955.46492529455
26499,99955.46492529455
26500,99955.46492529455
26501,99955.46492529455
26502,99955.46492529455
26503,99955.46492529455
26504,99955.46492529455
26505,99955.46492529455
26506,99955.46492529455
26507,99955.46492529455
26508,99955.46492529455
26509,99955.46492529455
26510,99955.46492529455
26511,99955.46492529455
26512,99955.46492529455
26513,99955.46492529455
26514,99955.46492529455
26515,99955.46492529455
26516,99955.46492529455
26517,99955.46492529455
26518,99955.46492529455
26519,99955.46492529455
26520,99955.46492529455
26521,99955.46492529455
26522,99955.46492529455
26523,99955.46492529455
26524,99955.46492529455
26525,99955.46492529455
26526,99955.46492529455
26527,99955.46492529455
26528,99955.46492529455
26529,99955.46492529455
26530,99955.46492529455
26531,99955.46492529455
26532,99955.46492529455
26533,99955.46492529455
26534,99955.46492529455
26535,99955.46492529455
26536,99955.46492529455
26537,99955.46492529455
26538,99955.46492529455
26539,99955.46492529455
26540,99955.46492529455
26541,99955.46492529455
26542,99955.46492529455
26543,99955.46492529455
26544,99955.46492529455
26545,99955.46492529455
26546,99955.46492529455
26547,99955.46492529455
26548,99955.46492529455
26549,99955.46492529455
26550,99955.46492529455
26551,99955.46492529455
26552,99955.46492529455
26553,99955.46492529455
26554,99955.46492529455
26555,99955.46492529455
26556,99955.46492529455
26557,99955.46492529455
26558,99955.46492529455
26559,99955.46492529455
26560,99955.46492529455
26561,99955.46492529455
26562,99955.46492529455
26563,99955.46492529455
26564,99955.46492529455
26565,99955.46492529455
26566,99955.46492529455
26567,99955.46492529455
26568,99955.46492529455
26569,99955.46492529455
26570,99955.46492529455
26571,99955.46492529455
26572,99955.46492529455
26573,99955.46492529455
26574,99955.46492529455
26575,99955.46492529455
26576,99955.46492529455
26577,99955.46492529455
26578,99955.46492529455
26579,99955.46492529455
26580,99955.46492529455
26581,99955.46492529455
26582,99955.46492529455
26583,99955.46492529455
26584,99955.46492529455
26585,99955.46492529455
26586,99955.46492529455
26587,99955.46492529455
26588,99955.46492529455
26589,99955.46492529455
26590,99955.46492529455
26591,99955.46492529455
26592,99955.46492529455
26593,99955.46492529455
26594,99955.46492529455
26595,99955.46492529455
26596,99955.46492529455
26597,99955.46492529455
26598,99955.46492529455
26599,99955.46492529455
26600,99955.46492529455
26601,99955.46492529455
26602,99955.46492529455
26603,99955.46492529455
26604,99955.46492529455
26605,99955.46492529455
26606,99955.46492529455
26607,99955.46492529455
26608,99955.46492529455
26609,99955.46492529455
26610,99955.46492529455
26611,99955.46492529455
26612,99955.46492529455
26613,99955.46492529455
26614,99955.46492529455
26615,99955.46492529455
26616,99955.46492529455
26617,99955.46492529455
26618,99955.46492529455
26619,99955.46492529455
26620,99955.46492529455
26621,99955.46492529455
26622,99955.46492529455
26623,99955.46492529455
26624,99955.46492529455
26625,99955.46492529455
26626,99955.46492529455
26627,99955.46492529455
26628,99955.46492529455
26629,99955.46492529455
26630,99955.46492529455
26631,99955.46492529455
26632,99955.46492529455
26633,99955.46492529455
26634,99955.46492529455
26635,99955.46492529455
26636,99955.46492529455
26637,99955.46492529455
26638,99955.46492529455
26639,99955.46492529455
26640,99955.46492529455
26641,99955.46492529455
26642,99955.46492529455
26643,99955.46492529455
26644,99955.46492529455
26645,99955.46492529455
26646,99955.46492529455
26647,99955.46492529455
26648,99955.46492529455
26649,99955.46492529455
26650,99955.46492529455
26651,99955.46492529455
26652,99955.46492529455
26653,99955.46492529455
26654,99955.46492529455
26655,99955.46492529455
26656,99955.46492529455
26657,99955.46492529455
26658,99955.46492529455
26659,99955.46492529455
26660,99955.46492529455
26661,99955.46492529455
26662,99955.46492529455
26663,99955.46492529455
26664,99955.46492529455
26665,99955.46492529455
26666,99955.46492529455
26667,99955.46492529455
26668,99955.46492529455
26669,99955.46492529455
26670,99955.46492529455
26671,99955.46492529455
26672,99955.46492529455
26673,99955.46492529455
26674,99955.46492529455
26675,99955.46492529455
26676,99955.46492529455
26677,99955.46492529455
26678,99955.46492529455
26679,99955.46492529455
26680,99955.46492529455
26681,99955.46492529455
26682,99955.46492529455
26683,99955.46492529455
26684,99955.46492529455
26685,99955.46492529455
26686,99955.46492529455
26687,99955.46492529455
26688,99955.46492529455
26689,99955.46492529455
26690,99955.46492529455
26691,99955.46492529455
26692,99955.46492529455
26693,99955.46492529455
26694,99955.46492529455
26695,99955.46492529455
26696,99955.46492529455
26697,99955.46492529455
26698,99955.46492529455
26699,99955.46492529455
26700,99955.46492529455
26701,99955.46492529455
26702,99955.46492529455
26703,99955.46492529455
26704,99955.46492529455
26705,99955.46492529455
26706,99955.46492529455
26707,99955.46492529455
26708,99955.46492529455
26709,99955.46492529455
26710,99955.46492529455
26711,99955.46492529455
26712,99955.46492529455
26713,99955.46492529455
26714,99955.46492529455
26715,99955.46492529455
26716,99955.46492529455
26717,99955.46492529455
26718,99955.46492529455
26719,99955.46492529455
26720,99955.46492529455
26721,99955.46492529455
26722,99955.46492529455
26723,99955.46492529455
26724,99955.46492529455
26725,99955.46492529455
26726,99955.46492529455
26727,99955.46492529455
26728,99955.46492529455
26729,99955.46492529455
26730,99955.46492529455
26731,99955.46492529455
26732,99955.46492529455
26733,99955.46492529455
26734,99955.46492529455
26735,99955.46492529455
26736,99955.46492529455
26737,99955.46492529455
26738,99955.46492529455
26739,99955.46492529455
26740,99955.46492529455
26741,99955.46492529455
26742,99955.46492529455
26743,99955.46492529455
26744,99955.46492529455
26745,99955.46492529455
26746,99955.46492529455
26747,99955.46492529455
26748,99955.46492529455
26749,99955.46492529455
26750,99955.46492529455
26751,99955.46492529455
26752,99955.46492529455
26753,99955.46492529455
26754,99955.46492529455
26755,99955.46492529455
26756,99955.46492529455
26757,99955.46492529455
26758,99955.46492529455
26759,99955.46492529455
26760,99955.46492529455
26761,99955.46492529455
26762,99955.46492529455
26763,99955.46492529455
26764,99955.46492529455
26765,99955.46492529455
26766,99955.46492529455
26767,99955.46492529455
26768,99955.46492529455
26769,99955.46492529455
26770,99955.46492529455
26771,99955.46492529455
26772,99955.46492529455
26773,99955.46492529455
26774,99955.46492529455
26775,99955.46492529455
26776,99955.46492529455
26777,99955.46492529455
26778,99955.46492529455
26779,99955.46492529455
26780,99955.46492529455
26781,99955.46492529455
26782,99955.46492529455
26783,99955.46492529455
26784,99955.46492529455
26785,99955.46492529455
26786,99955.46492529455
26787,99955.46492529455
26788,99955.46492529455
26789,99955.46492529455
26790,99955.46492529455
26791,99955.46492529455
26792,99955.46492529455
26793,99955.46492529455
26794,99955.46492529455
26795,99955.46492529455
26796,99955.46492529455
26797,99955.46492529455
26798,99955.46492529455
26799,99955.46492529455
26800,99955.46492529455
26801,99955.46492529455
26802,99955.46492529455
26803,99955.46492529455
26804,99955.46492529455
26805,99955.46492529455
26806,99955.46492529455
26807,99955.46492529455
26808,99955.46492529455
26809,99955.46492529455
26810,99955.46492529455
26811,99955.46492529455
26812,99955.46492529455
26813,99955.46492529455
26814,99955.46492529455
26815,99955.46492529455
26816,99955.46492529455
26817,99955.46492529455
26818,99955.46492529455
26819,99955.46492529455
26820,99955.46492529455
26821,99955.46492529455
26822,99955.46492529455
26823,99955.46492529455
26824,99955.46492529455
26825,99955.46492529455
26826,99955.46492529455
26827,99955.46492529455
26828,99955.46492529455
26829,99955.46492529455
26830,99955.46492529455
26831,99955.46492529455
26832,99955.46492529455
26833,99955.46492529455
26834,99955.46492529455
26835,99955.46492529455
26836,99955.46492529455
26837,99955.46492529455
26838,99955.46492529455
26839,99955.46492529455
26840,99955.46492529455
26841,99955.46492529455
26842,99955.46492529455
26843,99955.41744276881
26844,99955.37291324708
26845,99955.37291324708
26846,99956.20718878103
26847,99956.20718878103
26848,99956.20718878103
26849,99956.20718878103
26850,99956.20718878103
26851,99956.20718878103
26852,99956.20718878103
26853,99956.20718878103
26854,99956.20718878103
26855,99956.20718878103
26856,99956.20718878103
26857,99956.20718878103
26858,99956.20718878103
26859,99956.20718878103
26860,99956.20718878103
26861,99956.20718878103
26862,99956.20718878103
26863,99956.20718878103
26864,99956.20718878103
26865,99956.20718878103
26866,99956.20718878103
26867,99956.20718878103
26868,99956.20718878103
26869,99956.20718878103
26870,99956.20718878103
26871,99956.20718878103
26872,99956.20718878103
26873,99956.20718878103
26874,99956.20718878103
26875,99956.20718878103
26876,99956.20718878103
26877,99956.20718878103
26878,99956.20718878103
26879,99956.20718878103
26880,99956.20718878103
26881,99956.20718878103
26882,99956.20718878103
26883,99956.20718878103
26884,99956.20718878103
26885,99956.20718878103
26886,99956.20718878103
26887,99956.20718878103
26888,99956.20718878103
26889,99956.20718878103
26890,99956.20718878103
26891,99956.20718878103
26892,99956.20718878103
26893,99956.20718878103
26894,99956.20718878103
26895,99956.20718878103
26896,99956.20718878103
26897,99956.20718878103
26898,99956.20718878103
26899,99956.20718878103
26900,99956.20718878103
26901,99956.20718878103
26902,99956.20718878103
26903,99956.20718878103
26904,99956.20718878103
26905,99956.20718878103
26906,99956.20718878103
26907,99956.20718878103
26908,99956.20718878103
26909,99956.20718878103
26910,99956.20718878103
26911,99956.20718878103
26912,99956.20718878103
26913,99956.20718878103
26914,99956.20718878103
26915,99956.20718878103
26916,99956.20718878103
26917,99956.20718878103
26918,99956.20718878103
26919,99956.20718878103
26920,99956.20718878103
26921,99956.20718878103
26922,99956.20718878103
26923,99956.20718878103
26924,99956.20718878103
26925,99956.20718878103
26926,99956.20718878103
26927,99956.20718878103
26928,99956.20718878103
26929,99956.20718878103
26930,99956.20718878103
26931,99956.20718878103
26932,99956.20718878103
26933,99956.20718878103
26934,99956.20718878103
26935,99956.20718878103
26936,99956.20718878103
26937,99956.20718878103
26938,99956.20718878103
26939,99956.20718878103
26940,99956.20718878103
26941,99956.20718878103
26942,99956.20718878103
26943,99956.20718878103
26944,99956.20718878103
26945,99956.20718878103
26946,99956.20718878103
26947,99956.20718878103
26948,99956.20718878103
26949,99956.20718878103
26950,99956.20718878103
26951,99956.20718878103
26952,99956.20718878103
26953,99956.20718878103
26954,99956.20718878103
26955,99956.20718878103
26956,99956.20718878103
26957,99956.20718878103
26958,99956.20718878103
26959,99956.20718878103
26960,99956.20718878103
26961,99956.20718878103
26962,99956.20718878103
26963,99956.20718878103
26964,99956.20718878103
26965,99956.20718878103
26966,99956.20718878103
26967,99956.20718878103
26968,99956.20718878103
26969,99956.20718878103
26970,99956.20718878103
26971,99956.20718878103
26972,99956.20718878103
26973,99956.20718878103
26974,99956.20718878103
26975,99956.20718878103
26976,99956.20718878103
26977,99956.20718878103
26978,99956.20718878103
26979,99956.20718878103
26980,99956.20718878103
26981,99956.20718878103
26982,99956.20718878103
26983,99956.20718878103
26984,99956.20718878103
26985,99956.20718878103
26986,99956.20718878103
26987,99956.20718878103
26988,99956.20718878103
26989,99956.20718878103
26990,99956.20718878103
26991,99956.20718878103
26992,99956.20718878103
26993,99956.20718878103
26994,99956.20718878103
26995,99956.20718878103
26996,99956.20718878103
26997,99956.20718878103
26998,99956.20718878103
26999,99956.20718878103
27000,99956.20718878103
27001,99956.20718878103
27002,99956.20718878103
27003,99956.20718878103
27004,99956.20718878103
27005,99956.20718878103
27006,99956.20718878103
27007,99956.20718878103
27008,99956.20718878103
27009,99956.20718878103
27010,99956.20718878103
27011,99956.20718878103
27012,99956.20718878103
27013,99956.20718878103
27014,99956.20718878103
27015,99956.20718878103
27016,99956.20718878103
27017,99956.20718878103
27018,99956.20718878103
27019,99956.20718878103
27020,99956.20718878103
27021,99956.20718878103
27022,99956.20718878103
27023,99956.20718878103
27024,99956.20718878103
27025,99956.20718878103
27026,99956.20718878103
27027,99956.20718878103
27028,99956.20718878103
27029,99956.20718878103
27030,99956.20718878103
27031,99956.20718878103
27032,99956.20718878103
27033,99956.20718878103
27034,99956.20718878103
27035,99956.20718878103
27036,99956.20718878103
27037,99956.20718878103
27038,99956.20718878103
27039,99956.20718878103
27040,99956.20718878103
27041,99956.20718878103
27042,99956.20718878103
27043,99956.20718878103
27044,99956.20718878103
27045,99956.20718878103
27046,99956.20718878103
27047,99956.20718878103
27048,99956.20718878103
27049,99956.20718878103
27050,99956.20718878103
27051,99956.20718878103
27052,99956.20718878103
27053,99956.20718878103
27054,99956.20718878103
27055,99956.20718878103
27056,99956.20718878103
27057,99956.20718878103
27058,99956.20718878103
27059,99956.20718878103
27060,99956.20718878103
27061,99956.20718878103
27062,99956.20718878103
27063,99956.20718878103
27064,99956.20718878103
27065,99956.20718878103
27066,99956.20718878103
27067,99956.20718878103
27068,99956.20718878103
27069,99956.20718878103
27070,99956.20718878103
27071,99956.20718878103
27072,99956.20718878103
27073,99956.20718878103
27074,99956.20718878103
27075,99956.20718878103
27076,99956.20718878103
27077,99956.20718878103
27078,99956.20718878103
27079,99956.20718878103
27080,99956.20718878103
27081,99956.20718878103
27082,99956.20718878103
27083,99956.20718878103
27084,99956.20718878103
27085,99956.20718878103
27086,99956.20718878103
27087,99956.20718878103
27088,99956.20718878103
27089,99956.20718878103
27090,99956.20718878103
27091,99956.20718878103
27092,99956.20718878103
27093,99956.20718878103
27094,99956.20718878103
27095,99956.20718878103
27096,99956.20718878103
27097,99956.20718878103
27098,99956.20718878103
27099,99956.20718878103
27100,99956.20718878103
27101,99956.20718878103
27102,99956.20718878103
27103,99956.20718878103
27104,99956.20718878103
27105,99956.20718878103
27106,99956.20718878103
27107,99956.20718878103
27108,99956.20718878103
27109,99956.20718878103
27110,99956.20718878103
27111,99956.20718878103
27112,99956.20718878103
27113,99956.20718878103
27114,99956.20718878103
27115,99956.20718878103
27116,99956.20718878103
27117,99956.20718878103
27118,99956.20718878103
27119,99956.20718878103
27120,99956.20718878103
27121,99956.20718878103
27122,99956.20718878103
27123,99956.20718878103
27124,99956.20718878103
27125,99956.20718878103
27126,99956.20718878103
27127,99956.20718878103
27128,99956.20718878103
27129,99956.20718878103
27130,99956.20718878103
27131,99956.20718878103
27132,99956.20718878103
27133,99956.14071306714
27134,99956.51524412798
27135,99956.95885896009
27136,99956.95885896009
27137,99956.95885896009
27138,99956.95885896009
27139,99956.95885896009
27140,99956.95885896009
27141,99956.95885896009
27142,99956.95885896009
27143,99956.95885896009
27144,99956.95885896009
27145,99956.95885896009
27146,99956.95885896009
27147,99956.95885896009
27148,99956.95885896009
27149,99956.95885896009
27150,99956.95885896009
27151,99956.95885896009
27152,99956.95885896009
27153,99956.95885896009
27154,99956.95885896009
27155,99956.95885896009
27156,99956.95885896009
27157,99956.95885896009
27158,99956.95885896009
27159,99956.95885896009
27160,99956.95885896009
27161,99956.95885896009
27162,99956.95885896009
27163,99956.95885896009
27164,99956.95885896009
27165,99956.95885896009
27166,99956.95885896009
27167,99956.95885896009
27168,99956.95885896009
27169,99956.95885896009
27170,99956.95885896009
27171,99956.95885896009
27172,99956.95885896009
27173,99956.95885896009
27174,99956.95885896009
27175,99956.95885896009
27176,99956.95885896009
27177,99956.95885896009
27178,99956.95885896009
27179,99956.95885896009
27180,99956.95885896009
27181,99956.95885896009
27182,99956.95885896009
27183,99956.95885896009
27184,99956.95885896009
27185,99956.95885896009
27186,99956.95885896009
27187,99956.95885896009
27188,99956.95885896009
27189,99956.95885896009
27190,99956.95885896009
27191,99956.95885896009
27192,99956.95885896009
27193,99956.95885896009
27194,99956.95885896009
27195,99956.95885896009
27196,99956.95885896009
27197,99956.95885896009
27198,99956.95885896009
27199,99956.95885896009
27200,99956.95885896009
27201,99956.95885896009
27202,99956.95885896009
27203,99956.95885896009
27204,99956.95885896009
27205,99956.95885896009
27206,99956.95885896009
27207,99956.95885896009
27208,99956.95885896009
27209,99956.95885896009
27210,99956.95885896009
27211,99956.95885896009
27212,99956.95885896009
27213,99956.95885896009
27214,99956.95885896009
27215,99956.95885896009
27216,99956.95885896009
27217,99956.95885896009
27218,99956.95885896009
27219,99956.95885896009
27220,99956.95885896009
27221,99956.95885896009
27222,99956.95885896009
27223,99956.95885896009
27224,99956.95885896009
27225,99956.95885896009
27226,99956.95885896009
27227,99956.95885896009
27228,99956.95885896009
27229,99956.95885896009
27230,99956.95885896009
27231,99956.95885896009
27232,99956.95885896009
27233,99956.95885896009
27234,99956.95885896009
27235,99956.95885896009
27236,99956.95885896009
27237,99956.95885896009
27238,99956.95885896009
27239,99956.95885896009
27240,99956.95885896009
27241,99956.95885896009
27242,99956.95885896009
27243,99956.95885896009
27244,99956.95885896009
27245,99956.95885896009
27246,99956.95885896009
27247,99956.95885896009
27248,99956.95885896009
27249,99956.95885896009
27250,99956.95885896009
27251,99956.95885896009
27252,99956.95885896009
27253,99956.95885896009
27254,99956.95885896009
27255,99956.95885896009
27256,99956.95885896009
27257,99956.95885896009
27258,99956.95885896009
27259,99956.95885896009
27260,99956.95885896009
27261,99956.95885896009
27262,99956.95885896009
27263,99956.95885896009
27264,99956.95885896009
27265,99956.95885896009
27266,99956.95885896009
27267,99956.95885896009
27268,99956.95885896009
27269,99956.95885896009
27270,99956.95885896009
27271,99956.95885896009
27272,99956.95885896009
27273,99956.95885896009
27274,99956.95885896009
27275,99956.95885896009
27276,99956.95885896009
27277,99956.95885896009
27278,99956.95885896009
27279,99956.95885896009
27280,99956.95885896009
27281,99956.95885896009
27282,99956.95885896009
27283,99956.95885896009
27284,99956.95885896009
27285,99956.95885896009
27286,99956.95885896009
27287,99956.95885896009
27288,99956.95885896009
27289,99956.95885896009
27290,99956.95885896009
27291,99956.95885896009
27292,99956.95885896009
27293,99956.95885896009
27294,99956.95885896009
27295,99956.95885896009
27296,99956.95885896009
27297,99956.95885896009
27298,99956.95885896009
27299,99956.95885896009
27300,99956.95885896009
27301,99956.95885896009
27302,99956.95885896009
27303,99956.95885896009
27304,99956.95885896009
27305,99956.95885896009
27306,99956.95885896009
27307,99956.95885896009
27308,99956.95885896009
27309,99956.95885896009
27310,99956.95885896009
27311,99956.95885896009
27312,99956.95885896009
27313,99956.95885896009
27314,99956.95885896009
27315,99956.95885896009
27316,99956.95885896009
27317,99956.95885896009
27318,99956.95885896009
27319,99956.95885896009
27320,99956.95885896009
27321,99956.95885896009
27322,99956.95885896009
27323,99956.95885896009
27324,99956.95885896009
27325,99956.95885896009
27326,99956.95885896009
27327,99956.95885896009
27328,99956.95885896009
27329,99956.95885896009
27330,99956.95885896009
27331,99956.95885896009
27332,99956.95885896009
27333,99956.95885896009
27334,99956.95885896009
27335,99956.95885896009
27336,99956.95885896009
27337,99956.95885896009
27338,99956.95885896009
27339,99956.95885896009
27340,99956.95885896009
27341,99956.95885896009
27342,99956.95885896009
27343,99956.95885896009
27344,99956.95885896009
27345,99956.95885896009
27346,99956.95885896009
27347,99956.95885896009
27348,99956.95885896009
27349,99956.95885896009
27350,99956.95885896009
27351,99956.95885896009
27352,99956.95885896009
27353,99956.95885896009
27354,99956.95885896009
27355,99956.95885896009
27356,99956.95885896009
27357,99956.95885896009
27358,99956.95885896009
27359,99956.95885896009
27360,99956.95885896009
27361,99956.95885896009
27362,99956.95885896009
27363,99956.95885896009
27364,99956.95885896009
27365,99956.95885896009
27366,99956.95885896009
27367,99956.95885896009
27368,99956.95885896009
27369,99956.95885896009
27370,99956.95885896009
27371,99956.95885896009
27372,99956.95885896009
27373,99956.95885896009
27374,99956.95885896009
27375,99956.95885896009
27376,99956.95885896009
27377,99956.95885896009
27378,99956.95885896009
27379,99956.95885896009
27380,99956.95885896009
27381,99956.95885896009
27382,99956.95885896009
27383,99956.95885896009
27384,99956.95885896009
27385,99956.95885896009
27386,99956.95885896009
27387,99956.95885896009
27388,99956.95885896009
27389,99956.95885896009
27390,99956.95885896009
27391,99956.95885896009
27392,99956.95885896009
27393,99956.95885896009
27394,99956.95885896009
27395,99956.95885896009
27396,99956.95885896009
27397,99956.95885896009
27398,99956.95885896009
27399,99956.95885896009
27400,99956.95885896009
27401,99956.95885896009
27402,99956.95885896009
27403,99956.95885896009
27404,99956.95885896009
27405,99956.95885896009
27406,99956.95885896009
27407,99956.95885896009
27408,99956.95885896009
27409,99956.95885896009
27410,99956.95885896009
27411,99956.95885896009
27412,99956.95885896009
27413,99956.95885896009
27414,99956.95885896009
27415,99956.95885896009
27416,99956.95885896009
27417,99956.95885896009
27418,99956.95885896009
27419,99956.95885896009
27420,99956.95885896009
27421,99956.95885896009
27422,99956.95885896009
27423,99956.95885896009
27424,99956.95885896009
27425,99956.95885896009
27426,99956.95885896009
27427,99956.95885896009
27428,99956.95885896009
27429,99956.95885896009
27430,99956.95885896009
27431,99956.95885896009
27432,99956.95885896009
27433,99956.95885896009
27434,99956.95885896009
27435,99956.95885896009
27436,99956.95885896009
27437,99956.95885896009
27438,99956.95885896009
27439,99956.95885896009
27440,99956.95885896009
27441,99956.95885896009
27442,99956.95885896009
27443,99956.95885896009
27444,99956.95885896009
27445,99956.95885896009
27446,99956.95885896009
27447,99956.95885896009
27448,99956.95885896009
27449,99956.95885896009
27450,99956.95885896009
27451,99956.95885896009
27452,99956.95885896009
27453,99956.95885896009
27454,99956.95885896009
27455,99956.95885896009
27456,99956.95885896009
27457,99956.95885896009
27458,99956.95885896009
27459,99956.95885896009
27460,99956.95885896009
27461,99956.95885896009
27462,99956.95885896009
27463,99956.95885896009
27464,99956.95885896009
27465,99956.95885896009
27466,99956.95885896009
27467,99956.95885896009
27468,99956.95885896009
27469,99956.95885896009
27470,99956.95885896009
27471,99956.95885896009
27472,99956.95885896009
27473,99956.95885896009
27474,99956.95885896009
27475,99956.95885896009
27476,99956.95885896009
27477,99956.95885896009
27478,99956.95885896009
27479,99956.95885896009
27480,99956.95885896009
27481,99956.95885896009
27482,99956.95885896009
27483,99956.95885896009
27484,99956.95885896009
27485,99956.95885896009
27486,99956.95885896009
27487,99956.95885896009
27488,99956.95885896009
27489,99956.95885896009
27490,99956.95885896009
27491,99956.95885896009
27492,99956.95885896009
27493,99956.95885896009
27494,99956.95885896009
27495,99956.95885896009
27496,99956.95885896009
27497,99956.95885896009
27498,99956.95885896009
27499,99956.95885896009
27500,99956.95885896009
27501,99956.95885896009
27502,99956.95885896009
27503,99956.95885896009
27504,99956.95885896009
27505,99956.95885896009
27506,99956.95885896009
27507,99956.95885896009
27508,99956.95885896009
27509,99956.95885896009
27510,99956.95885896009
27511,99956.95885896009
27512,99956.95885896009
27513,99956.95885896009
27514,99956.95885896009
27515,99956.95885896009
27516,99956.95885896009
27517,99956.95885896009
27518,99956.95885896009
27519,99956.95885896009
27520,99956.95885896009
27521,99956.95885896009
27522,99956.95885896009
27523,99956.95885896009
27524,99956.95885896009
27525,99956.95885896009
27526,99956.95885896009
27527,99956.95885896009
27528,99956.95885896009
27529,99956.95885896009
27530,99956.95885896009
27531,99956.95885896009
27532,99956.95885896009
27533,99956.95885896009
27534,99956.95885896009
27535,99956.95885896009
27536,99956.95885896009
27537,99956.95885896009
27538,99956.95885896009
27539,99956.95885896009
27540,99956.95885896009
27541,99956.95885896009
27542,99956.95885896009
27543,99956.95885896009
27544,99956.95885896009
27545,99956.95885896009
27546,99956.95885896009
27547,99956.95885896009
27548,99956.95885896009
27549,99956.95885896009
27550,99956.95885896009
27551,99956.95885896009
27552,99956.95885896009
27553,99956.95885896009
27554,99956.95885896009
27555,99956.95885896009
27556,99956.95885896009
27557,99956.95885896009
27558,99956.95885896009
27559,99956.95885896009
27560,99956.95885896009
27561,99956.95885896009
27562,99956.95885896009
27563,99956.95885896009
27564,99956.95885896009
27565,99956.95885896009
27566,99956.95885896009
27567,99956.95885896009
27568,99956.95885896009
27569,99956.95885896009
27570,99956.95885896009
27571,99956.95885896009
27572,99956.95885896009
27573,99956.95885896009
27574,99956.95885896009
27575,99956.95885896009
27576,99956.95885896009
27577,99956.95885896009
27578,99956.95885896009
27579,99956.95885896009
27580,99956.95885896009
27581,99956.95885896009
27582,99956.95885896009
27583,99956.95885896009
27584,99956.95885896009
27585,99956.95885896009
27586,99956.95885896009
27587,99956.95885896009
27588,99956.95885896009
27589,99956.95885896009
27590,99956.95885896009
27591,99956.95885896009
27592,99956.95885896009
27593,99956.95885896009
27594,99956.95885896009
27595,99956.95885896009
27596,99956.95885896009
27597,99956.95885896009
27598,99956.95885896009
27599,99956.95885896009
27600,99956.95885896009
27601,99956.95885896009
27602,99956.95885896009
27603,99956.95885896009
27604,99956.95885896009
27605,99956.95885896009
27606,99956.95885896009
27607,99956.95885896009
27608,99956.95885896009
27609,99956.95885896009
27610,99956.95885896009
27611,99956.95885896009
27612,99956.95885896009
27613,99956.91587965972
27614,99956.91587965972
27615,99956.33111641582
27616,99956.33111641582
27617,99956.33111641582
27618,99956.33111641582
27619,99956.33111641582
27620,99956.33111641582
27621,99956.33111641582
27622,99956.33111641582
27623,99956.33111641582
27624,99956.33111641582
27625,99956.33111641582
27626,99956.33111641582
27627,99956.33111641582
27628,99956.33111641582
27629,99956.33111641582
27630,99956.33111641582
27631,99956.33111641582
27632,99956.33111641582
27633,99956.33111641582
27634,99956.33111641582
27635,99956.33111641582
27636,99956.33111641582
27637,99956.33111641582
27638,99956.33111641582
27639,99956.33111641582
27640,99956.33111641582
27641,99956.33111641582
27642,99956.33111641582
27643,99956.33111641582
27644,99956.33111641582
27645,99956.33111641582
27646,99956.33111641582
27647,99956.33111641582
27648,99956.33111641582
27649,99956.33111641582
27650,99956.33111641582
27651,99956.33111641582
27652,99956.33111641582
27653,99956.33111641582
27654,99956.33111641582
27655,99956.33111641582
27656,99956.33111641582
27657,99956.33111641582
27658,99956.33111641582
27659,99956.33111641582
27660,99956.33111641582
27661,99956.33111641582
27662,99956.33111641582
27663,99956.33111641582
27664,99956.33111641582
27665,99956.33111641582
27666,99956.33111641582
27667,99956.33111641582
27668,99956.33111641582
27669,99956.33111641582
27670,99956.33111641582
27671,99956.33111641582
27672,99956.33111641582
27673,99956.33111641582
27674,99956.33111641582
27675,99956.33111641582
27676,99956.33111641582
27677,99956.33111641582
27678,99956.33111641582
27679,99956.33111641582
27680,99956.33111641582
27681,99956.33111641582
27682,99956.33111641582
27683,99956.33111641582
27684,99956.33111641582
27685,99956.33111641582
27686,99956.33111641582
27687,99956.33111641582
27688,99956.33111641582
27689,99956.33111641582
27690,99956.33111641582
27691,99956.33111641582
27692,99956.33111641582
27693,99956.33111641582
27694,99956.33111641582
27695,99956.33111641582
27696,99956.33111641582
27697,99956.33111641582
27698,99956.33111641582
27699,99956.33111641582
27700,99956.33111641582
27701,99956.33111641582
27702,99956.33111641582
27703,99956.33111641582
27704,99956.33111641582
27705,99956.33111641582
27706,99956.33111641582
27707,99956.33111641582
27708,99956.33111641582
27709,99956.33111641582
27710,99956.33111641582
27711,99956.33111641582
27712,99956.28933476552
27713,99956.78962505527
27714,99956.78962505527
27715,99956.78962505527
27716,99956.78962505527
27717,99956.78962505527
27718,99956.78962505527
27719,99956.78962505527
27720,99956.78962505527
27721,99956.78962505527
27722,99956.78962505527
27723,99956.78962505527
27724,99956.78962505527
27725,99956.78962505527
27726,99956.78962505527
27727,99956.78962505527
27728,99956.78962505527
27729,99956.78962505527
27730,99956.78962505527
27731,99956.78962505527
27732,99956.78962505527
27733,99956.78962505527
27734,99956.78962505527
27735,99956.78962505527
27736,99956.78962505527
27737,99956.78962505527
27738,99956.78962505527
27739,99956.78962505527
27740,99956.78962505527
27741,99956.78962505527
27742,99956.78962505527
27743,99956.78962505527
27744,99956.78962505527
27745,99956.78962505527
27746,99956.78962505527
27747,99956.78962505527
27748,99956.78962505527
27749,99956.78962505527
27750,99956.78962505527
27751,99956.78962505527
27752,99956.78962505527
27753,99956.78962505527
27754,99956.78962505527
27755,99956.78962505527
27756,99956.78962505527
27757,99956.78962505527
27758,99956.78962505527
27759,99956.78962505527
27760,99956.78962505527
27761,99956.78962505527
27762,99956.78962505527
27763,99956.78962505527
27764,99956.78962505527
27765,99956.78962505527
27766,99956.78962505527
27767,99956.78962505527
27768,99956.78962505527
27769,99956.78962505527
27770,99956.78962505527
27771,99956.78962505527
27772,99956.78962505527
27773,99956.78962505527
27774,99956.78962505527
27775,99956.78962505527
27776,99956.78962505527
27777,99956.78962505527
27778,99956.78962505527
27779,99956.78962505527
27780,99956.78962505527
27781,99956.78962505527
27782,99956.78962505527
27783,99956.78962505527
27784,99956.78962505527
27785,99956.78962505527
27786,99956.78962505527
27787,99956.78962505527
27788,99956.78962505527
27789,99956.78962505527
27790,99956.78962505527
27791,99956.78962505527
27792,99956.78962505527
27793,99956.78962505527
27794,99956.78962505527
27795,99956.78962505527
27796,99956.78962505527
27797,99956.78962505527
27798,99956.78962505527
27799,99956.78962505527
27800,99956.78962505527
27801,99956.78962505527
27802,99956.78962505527
27803,99956.78962505527
27804,99956.78962505527
27805,99956.78962505527
27806,99956.78962505527
27807,99956.78962505527
27808,99956.78962505527
27809,99956.78962505527
27810,99956.78962505527
27811,99956.78962505527
27812,99956.78962505527
27813,99956.78962505527
27814,99956.78962505527
27815,99956.78962505527
27816,99956.78962505527
27817,99956.78962505527
27818,99956.78962505527
27819,99956.78962505527
27820,99956.78962505527
27821,99956.78962505527
27822,99956.78962505527
27823,99956.78962505527
27824,99956.78962505527
27825,99956.78962505527
27826,99956.78962505527
27827,99956.78962505527
27828,99956.78962505527
27829,99956.78962505527
27830,99956.78962505527
27831,99956.78962505527
27832,99956.78962505527
27833,99956.78962505527
27834,99956.78962505527
27835,99956.78962505527
27836,99956.78962505527
27837,99956.78962505527
27838,99956.78962505527
27839,99956.78962505527
27840,99956.78962505527
27841,99956.78962505527
27842,99956.78962505527
27843,99956.78962505527
27844,99956.78962505527
27845,99956.71954633012
27846,99956.71954633012
27847,99956.0733080206
27848,99956.0733080206
27849,99956.0733080206
27850,99956.0733080206
27851,99956.0733080206
27852,99956.0733080206
27853,99956.0733080206
27854,99956.0733080206
27855,99956.0733080206
27856,99956.04085277428
27857,99955.56173355484
27858,99955.56173355484
27859,99955.56173355484
27860,99955.56173355484
27861,99955.56173355484
27862,99955.56173355484
27863,99955.56173355484
27864,99955.56173355484
27865,99955.56173355484
27866,99955.56173355484
27867,99955.56173355484
27868,99955.56173355484
27869,99955.56173355484
27870,99955.56173355484
27871,99955.56173355484
27872,99955.56173355484
27873,99955.56173355484
27874,99955.56173355484
27875,99955.56173355484
27876,99955.56173355484
27877,99955.56173355484
27878,99955.56173355484
27879,99955.56173355484
27880,99955.56173355484
27881,99955.56173355484
27882,99955.56173355484
27883,99955.56173355484
27884,99955.56173355484
27885,99955.56173355484
27886,99955.56173355484
27887,99955.56173355484
27888,99955.56173355484
27889,99955.56173355484
27890,99955.56173355484
27891,99955.56173355484
27892,99955.56173355484
27893,99955.56173355484
27894,99955.56173355484
27895,99955.56173355484
27896,99955.56173355484
27897,99955.56173355484
27898,99955.56173355484
27899,99955.56173355484
27900,99955.56173355484
27901,99955.56173355484
27902,99955.56173355484
27903,99955.56173355484
27904,99955.56173355484
27905,99955.56173355484
27906,99955.56173355484
27907,99955.56173355484
27908,99955.56173355484
27909,99955.56173355484
27910,99955.56173355484
27911,99955.56173355484
27912,99955.56173355484
27913,99955.56173355484
27914,99955.56173355484
27915,99955.56173355484
27916,99955.56173355484
27917,99955.56173355484
27918,99955.56173355484
27919,99955.56173355484
27920,99955.56173355484
27921,99955.56173355484
27922,99955.56173355484
27923,99955.56173355484
27924,99955.56173355484
27925,99955.56173355484
27926,99955.56173355484
27927,99955.56173355484
27928,99955.56173355484
27929,99955.56173355484
27930,99955.56173355484
27931,99955.56173355484
27932,99955.56173355484
27933,99955.56173355484
27934,99955.56173355484
27935,99955.56173355484
27936,99955.56173355484
27937,99955.56173355484
27938,99955.56173355484
27939,99955.56173355484
27940,99955.56173355484
27941,99955.56173355484
27942,99955.56173355484
27943,99955.56173355484
27944,99955.56173355484
27945,99955.56173355484
27946,99955.56173355484
27947,99955.56173355484
27948,99955.56173355484
27949,99955.56173355484
27950,99955.56173355484
27951,99955.56173355484
27952,99955.56173355484
27953,99955.56173355484
27954,99955.56173355484
27955,99955.56173355484
27956,99955.56173355484
27957,99955.56173355484
27958,99955.56173355484
27959,99955.56173355484
27960,99955.56173355484
27961,99955.56173355484
27962,99955.56173355484
27963,99955.56173355484
27964,99955.56173355484
27965,99955.56173355484
27966,99955.56173355484
27967,99955.56173355484
27968,99955.56173355484
27969,99955.56173355484
27970,99955.56173355484
27971,99955.56173355484
27972,99955.56173355484
27973,99955.56173355484
27974,99955.56173355484
27975,99955.56173355484
27976,99955.56173355484
27977,99955.56173355484
27978,99955.56173355484
27979,99955.56173355484
27980,99955.56173355484
27981,99955.56173355484
27982,99955.56173355484
27983,99955.56173355484
27984,99955.56173355484
27985,99955.56173355484
27986,99955.56173355484
27987,99955.56173355484
27988,99955.56173355484
27989,99955.56173355484
27990,99955.56173355484
27991,99955.56173355484
27992,99955.56173355484
27993,99955.56173355484
27994,99955.56173355484
27995,99955.56173355484
27996,99955.56173355484
27997,99955.56173355484
27998,99955.56173355484
27999,99955.56173355484
28000,99955.56173355484
28001,99955.56173355484
28002,99955.56173355484
28003,99955.56173355484
28004,99955.56173355484
28005,99955.56173355484
28006,99955.56173355484
28007,99955.56173355484
28008,99955.56173355484
28009,99955.56173355484
28010,99955.56173355484
28011,99955.56173355484
28012,99955.56173355484
28013,99955.56173355484
28014,99955.56173355484
28015,99955.56173355484
28016,99955.56173355484
28017,99955.56173355484
28018,99955.56173355484
28019,99955.56173355484
28020,99955.56173355484
28021,99955.56173355484
28022,99955.56173355484
28023,99955.56173355484
28024,99955.56173355484
28025,99955.56173355484
28026,99955.56173355484
28027,99955.56173355484
28028,99955.56173355484
28029,99955.56173355484
28030,99955.56173355484
28031,99955.56173355484
28032,99955.56173355484
28033,99955.56173355484
28034,99955.56173355484
28035,99955.56173355484
28036,99955.56173355484
28037,99955.56173355484
28038,99955.56173355484
28039,99955.56173355484
28040,99955.56173355484
28041,99955.56173355484
28042,99955.56173355484
28043,99955.56173355484
28044,99955.56173355484
28045,99955.56173355484
28046,99955.56173355484
28047,99955.56173355484
28048,99955.56173355484
28049,99955.56173355484
28050,99955.56173355484
28051,99955.56173355484
28052,99955.56173355484
28053,99955.56173355484
28054,99955.56173355484
28055,99955.56173355484
28056,99955.56173355484
28057,99955.56173355484
28058,99955.56173355484
28059,99955.56173355484
28060,99955.56173355484
28061,99955.56173355484
28062,99955.56173355484
28063,99955.56173355484
28064,99955.56173355484
28065,99955.56173355484
28066,99955.56173355484
28067,99955.56173355484
28068,99955.56173355484
28069,99955.56173355484
28070,99955.56173355484
28071,99955.56173355484
28072,99955.56173355484
28073,99955.56173355484
28074,99955.56173355484
28075,99955.56173355484
28076,99955.56173355484
28077,99955.56173355484
28078,99955.56173355484
28079,99955.56173355484
28080,99955.56173355484
28081,99955.56173355484
28082,99955.56173355484
28083,99955.56173355484
28084,99955.56173355484
28085,99955.56173355484
28086,99955.56173355484
28087,99955.56173355484
28088,99955.56173355484
28089,99955.56173355484
28090,99955.56173355484
28091,99955.56173355484
28092,99955.56173355484
28093,99955.56173355484
28094,99955.56173355484
28095,99955.56173355484
28096,99955.56173355484
28097,99955.56173355484
28098,99955.56173355484
28099,99955.56173355484
28100,99955.56173355484
28101,99955.56173355484
28102,99955.56173355484
28103,99955.56173355484
28104,99955.56173355484
28105,99955.56173355484
28106,99955.56173355484
28107,99955.56173355484
28108,99955.56173355484
28109,99955.56173355484
28110,99955.56173355484
28111,99955.56173355484
28112,99955.56173355484
28113,99955.56173355484
28114,99955.56173355484
28115,99955.56173355484
28116,99955.56173355484
28117,99955.56173355484
28118,99955.56173355484
28119,99955.56173355484
28120,99955.56173355484
28121,99955.56173355484
28122,99955.56173355484
28123,99955.56173355484
28124,99955.56173355484
28125,99955.56173355484
28126,99955.56173355484
28127,99955.56173355484
28128,99955.56173355484
28129,99955.56173355484
28130,99955.56173355484
28131,99955.56173355484
28132,99955.56173355484
28133,99955.56173355484
28134,99955.56173355484
28135,99955.56173355484
28136,99955.56173355484
28137,99955.56173355484
28138,99955.56173355484
28139,99955.56173355484
28140,99955.56173355484
28141,99955.56173355484
28142,99955.56173355484
28143,99955.56173355484
28144,99955.56173355484
28145,99955.56173355484
28146,99955.56173355484
28147,99955.56173355484
28148,99955.56173355484
28149,99955.56173355484
28150,99955.56173355484
28151,99955.56173355484
28152,99955.56173355484
28153,99955.56173355484
28154,99955.56173355484
28155,99955.56173355484
28156,99955.56173355484
28157,99955.56173355484
28158,99955.56173355484
28159,99955.56173355484
28160,99955.56173355484
28161,99955.56173355484
28162,99955.56173355484
28163,99955.56173355484
28164,99955.56173355484
28165,99955.56173355484
28166,99955.56173355484
28167,99955.56173355484
28168,99955.56173355484
28169,99955.56173355484
28170,99955.56173355484
28171,99955.56173355484
28172,99955.56173355484
28173,99955.56173355484
28174,99955.56173355484
28175,99955.56173355484
28176,99955.56173355484
28177,99955.56173355484
28178,99955.56173355484
28179,99955.56173355484
28180,99955.56173355484
28181,99955.56173355484
28182,99955.56173355484
28183,99955.56173355484
28184,99955.56173355484
28185,99955.56173355484
28186,99955.56173355484
28187,99955.56173355484
28188,99955.56173355484
28189,99955.56173355484
28190,99955.56173355484
28191,99955.56173355484
28192,99955.56173355484
28193,99955.56173355484
28194,99955.56173355484
28195,99955.56173355484
28196,99955.56173355484
28197,99955.56173355484
28198,99955.56173355484
28199,99955.56173355484
28200,99955.56173355484
28201,99955.56173355484
28202,99955.56173355484
28203,99955.56173355484
28204,99955.56173355484
28205,99955.56173355484
28206,99955.56173355484
28207,99955.56173355484
28208,99955.56173355484
28209,99955.56173355484
28210,99955.56173355484
28211,99955.56173355484
28212,99955.56173355484
28213,99955.56173355484
28214,99955.56173355484
28215,99955.56173355484
28216,99955.56173355484
28217,99955.56173355484
28218,99955.56173355484
28219,99955.56173355484
28220,99955.56173355484
28221,99955.56173355484
28222,99955.56173355484
28223,99955.56173355484
28224,99955.56173355484
28225,99955.56173355484
28226,99955.56173355484
28227,99955.56173355484
28228,99955.56173355484
28229,99955.56173355484
28230,99955.56173355484
28231,99955.56173355484
28232,99955.56173355484
28233,99955.56173355484
28234,99955.56173355484
28235,99955.56173355484
28236,99955.56173355484
28237,99955.56173355484
28238,99955.56173355484
28239,99955.56173355484
28240,99955.56173355484
28241,99955.56173355484
28242,99955.56173355484
28243,99955.56173355484
28244,99955.56173355484
28245,99955.56173355484
28246,99955.56173355484
28247,99955.56173355484
28248,99955.56173355484
28249,99955.56173355484
28250,99955.56173355484
28251,99955.56173355484
28252,99955.56173355484
28253,99955.56173355484
28254,99955.56173355484
28255,99955.56173355484
28256,99955.56173355484
28257,99955.56173355484
28258,99955.56173355484
28259,99955.56173355484
28260,99955.56173355484
28261,99955.56173355484
28262,99955.56173355484
28263,99955.56173355484
28264,99955.56173355484
28265,99955.56173355484
28266,99955.56173355484
28267,99955.56173355484
28268,99955.56173355484
28269,99955.56173355484
28270,99955.56173355484
28271,99955.53361665984
28272,99955.73025840556
28273,99955.73025840556
28274,99955.73025840556
28275,99955.73025840556
28276,99955.73025840556
28277,99955.73025840556
28278,99955.73025840556
28279,99955.73025840556
28280,99955.73025840556
28281,99955.73025840556
28282,99955.73025840556
28283,99955.73025840556
28284,99955.73025840556
28285,99955.73025840556
28286,99955.73025840556
28287,99955.73025840556
28288,99955.73025840556
28289,99955.73025840556
28290,99955.73025840556
28291,99955.73025840556
28292,99955.73025840556
28293,99955.73025840556
28294,99955.73025840556
28295,99955.73025840556
28296,99955.73025840556
28297,99955.73025840556
28298,99955.73025840556
28299,99955.73025840556
28300,99955.73025840556
28301,99955.73025840556
28302,99955.73025840556
28303,99955.73025840556
28304,99955.73025840556
28305,99955.70325337898
28306,99955.4316265657
28307,99955.4316265657
28308,99955.4316265657
28309,99955.4316265657
28310,99955.4316265657
28311,99955.4316265657
28312,99955.4316265657
28313,99955.4316265657
28314,99955.4316265657
28315,99955.4316265657
28316,99955.4316265657
28317,99955.4316265657
28318,99955.4316265657
28319,99955.4316265657
28320,99955.4316265657
28321,99955.4316265657
28322,99955.4316265657
28323,99955.3729896422
28324,99955.90366161276
28325,99955.90366161276
28326,99955.90366161276
28327,99955.90366161276
28328,99955.90366161276
28329,99955.90366161276
28330,99955.90366161276
28331,99955.90366161276
28332,99955.90366161276
28333,99955.90366161276
28334,99955.90366161276
28335,99955.90366161276
28336,99955.90366161276
28337,99955.90366161276
28338,99955.90366161276
28339,99955.90366161276
28340,99955.90366161276
28341,99955.90366161276
28342,99955.90366161276
28343,99955.90366161276
28344,99955.90366161276
28345,99955.90366161276
28346,99955.90366161276
28347,99955.90366161276
28348,99955.90366161276
28349,99955.90366161276
28350,99955.90366161276
28351,99955.90366161276
28352,99955.90366161276
28353,99955.90366161276
28354,99955.90366161276
28355,99955.90366161276
28356,99955.90366161276
28357,99955.90366161276
28358,99955.90366161276
28359,99955.90366161276
28360,99955.90366161276
28361,99955.90366161276
28362,99955.90366161276
28363,99955.90366161276
28364,99955.90366161276
28365,99955.90366161276
28366,99955.90366161276
28367,99955.90366161276
28368,99955.90366161276
28369,99955.90366161276
28370,99955.90366161276
28371,99955.90366161276
28372,99955.90366161276
28373,99955.90366161276
28374,99955.90366161276
28375,99955.90366161276
28376,99955.90366161276
28377,99955.90366161276
28378,99955.90366161276
28379,99955.90366161276
28380,99955.90366161276
28381,99955.90366161276
28382,99955.90366161276
28383,99955.90366161276
28384,99955.90366161276
28385,99955.90366161276
28386,99955.90366161276
28387,99955.90366161276
28388,99955.90366161276
28389,99955.90366161276
28390,99955.90366161276
28391,99955.90366161276
28392,99955.90366161276
28393,99955.90366161276
28394,99955.90366161276
28395,99955.90366161276
28396,99955.90366161276
28397,99955.90366161276
28398,99955.90366161276
28399,99955.90366161276
28400,99955.90366161276
28401,99955.90366161276
28402,99955.90366161276
28403,99955.90366161276
28404,99955.90366161276
28405,99955.90366161276
28406,99955.90366161276
28407,99955.90366161276
28408,99955.90366161276
28409,99955.90366161276
28410,99955.90366161276
28411,99955.90366161276
28412,99955.90366161276
28413,99955.90366161276
28414,99955.90366161276
28415,99955.90366161276
28416,99955.90366161276
28417,99955.90366161276
28418,99955.90366161276
28419,99955.90366161276
28420,99955.90366161276
28421,99955.90366161276
28422,99955.90366161276
28423,99955.90366161276
28424,99955.90366161276
28425,99955.87104159035
28426,99955.87104159035
28427,99956.33824211318
28428,99956.33824211318
28429,99956.33824211318
28430,99956.33824211318
28431,99956.33824211318
28432,99956.33824211318
28433,99956.33824211318
28434,99956.33824211318
28435,99956.33824211318
28436,99956.33824211318
28437,99956.33824211318
28438,99956.33824211318
28439,99956.33824211318
28440,99956.33824211318
28441,99956.33824211318
28442,99956.33824211318
28443,99956.33824211318
28444,99956.33824211318
28445,99956.33824211318
28446,99956.33824211318
28447,99956.33824211318
28448,99956.33824211318
28449,99956.33824211318
28450,99956.33824211318
28451,99956.33824211318
28452,99956.33824211318
28453,99956.33824211318
28454,99956.33824211318
28455,99956.33824211318
28456,99956.33824211318
28457,99956.33824211318
28458,99956.33824211318
28459,99956.33824211318
28460,99956.33824211318
28461,99956.33824211318
28462,99956.33824211318
28463,99956.33824211318
28464,99956.33824211318
28465,99956.33824211318
28466,99956.33824211318
28467,99956.33824211318
28468,99956.33824211318
28469,99956.33824211318
28470,99956.33824211318
28471,99956.33824211318
28472,99956.33824211318
28473,99956.33824211318
28474,99956.33824211318
28475,99956.33824211318
28476,99956.33824211318
28477,99956.33824211318
28478,99956.33824211318
28479,99956.33824211318
28480,99956.33824211318
28481,99956.33824211318
28482,99956.33824211318
28483,99956.33824211318
28484,99956.33824211318
28485,99956.33824211318
28486,99956.33824211318
28487,99956.33824211318
28488,99956.33824211318
28489,99956.33824211318
28490,99956.33824211318
28491,99956.33824211318
28492,99956.33824211318
28493,99956.33824211318
28494,99956.33824211318
28495,99956.33824211318
28496,99956.33824211318
28497,99956.33824211318
28498,99956.33824211318
28499,99956.33824211318
28500,99956.33824211318
28501,99956.33824211318
28502,99956.33824211318
28503,99956.33824211318
28504,99956.33824211318
28505,99956.33824211318
28506,99956.33824211318
28507,99956.33824211318
28508,99956.33824211318
28509,99956.33824211318
28510,99956.33824211318
28511,99956.33824211318
28512,99956.33824211318
28513,99956.33824211318
28514,99956.33824211318
28515,99956.33824211318
28516,99956.33824211318
28517,99956.33824211318
28518,99956.33824211318
28519,99956.33824211318
28520,99956.33824211318
28521,99956.33824211318
28522,99956.33824211318
28523,99956.33824211318
28524,99956.33824211318
28525,99956.33824211318
28526,99956.33824211318
28527,99956.33824211318
28528,99956.33824211318
28529,99956.33824211318
28530,99956.33824211318
28531,99956.33824211318
28532,99956.33824211318
28533,99956.33824211318
28534,99956.33824211318
28535,99956.33824211318
28536,99956.33824211318
28537,99956.33824211318
28538,99956.33824211318
28539,99956.33824211318
28540,99956.33824211318
28541,99956.33824211318
28542,99956.33824211318
28543,99956.33824211318
28544,99956.33824211318
28545,99956.33824211318
28546,99956.33824211318
28547,99956.33824211318
28548,99956.33824211318
28549,99956.33824211318
28550,99956.33824211318
28551,99956.33824211318
28552,99956.33824211318
28553,99956.33824211318
28554,99956.33824211318
28555,99956.33824211318
28556,99956.33824211318
28557,99956.33824211318
28558,99956.33824211318
28559,99956.33824211318
28560,99956.33824211318
28561,99956.33824211318
28562,99956.33824211318
28563,99956.33824211318
28564,99956.33824211318
28565,99956.33824211318
28566,99956.33824211318
28567,99956.33824211318
28568,99956.33824211318
28569,99956.33824211318
28570,99956.33824211318
28571,99956.33824211318
28572,99956.33824211318
28573,99956.33824211318
28574,99956.33824211318
28575,99956.33824211318
28576,99956.33824211318
28577,99956.33824211318
28578,99956.33824211318
28579,99956.33824211318
28580,99956.33824211318
28581,99956.33824211318
28582,99956.33824211318
28583,99956.33824211318
28584,99956.33824211318
28585,99956.33824211318
28586,99956.33824211318
28587,99956.33824211318
28588,99956.33824211318
28589,99956.33824211318
28590,99956.33824211318
28591,99956.33824211318
28592,99956.33824211318
28593,99956.33824211318
28594,99956.33824211318
28595,99956.33824211318
28596,99956.33824211318
28597,99956.33824211318
28598,99956.33824211318
28599,99956.33824211318
28600,99956.30484261832
28601,99956.22396854992
28602,99955.15943091255
28603,99955.15943091255
28604,99955.15943091255
28605,99955.15943091255
28606,99955.15943091255
28607,99955.15943091255
28608,99955.0969198685
28609,99954.3726138896
28610,99954.3726138896
28611,99954.3726138896
28612,99954.32276382096
28613,99954.32276382096
28614,99953.61705373082
28615,99953.61705373082
28616,99953.61705373082
28617,99953.61705373082
28618,99953.61705373082
28619,99953.61705373082
28620,99953.61705373082
28621,99953.61705373082
28622,99953.61705373082
28623,99953.61705373082
28624,99953.61705373082
28625,99953.61705373082
28626,99953.61705373082
28627,99953.61705373082
28628,99953.61705373082
28629,99953.61705373082
28630,99953.61705373082
28631,99953.61705373082
28632,99953.61705373082
28633,99953.61705373082
28634,99953.61705373082
28635,99953.61705373082
28636,99953.61705373082
28637,99953.61705373082
28638,99953.61705373082
28639,99953.61705373082
28640,99953.61705373082
28641,99953.61705373082
28642,99953.61705373082
28643,99953.61705373082
28644,99953.61705373082
28645,99953.61705373082
28646,99953.61705373082
28647,99953.61705373082
28648,99953.61705373082
28649,99953.61705373082
28650,99953.61705373082
28651,99953.61705373082
28652,99953.58313473855
28653,99953.15079741205
28654,99953.15079741205
28655,99953.15079741205
28656,99953.15079741205
28657,99953.15079741205
28658,99953.15079741205
28659,99953.15079741205
28660,99953.15079741205
28661,99953.15079741205
28662,99953.15079741205
28663,99953.15079741205
28664,99953.15079741205
28665,99953.15079741205
28666,99953.15079741205
28667,99953.15079741205
28668,99953.15079741205
28669,99953.15079741205
28670,99953.15079741205
28671,99953.15079741205
28672,99953.15079741205
28673,99953.15079741205
28674,99953.15079741205
28675,99953.15079741205
28676,99953.15079741205
28677,99953.15079741205
28678,99953.15079741205
28679,99953.15079741205
28680,99953.15079741205
28681,99953.15079741205
28682,99953.15079741205
28683,99953.15079741205
28684,99953.15079741205
28685,99953.15079741205
28686,99953.15079741205
28687,99953.15079741205
28688,99953.15079741205
28689,99953.15079741205
28690,99953.15079741205
28691,99953.15079741205
28692,99953.15079741205
28693,99953.15079741205
28694,99953.15079741205
28695,99953.15079741205
28696,99953.15079741205
28697,99953.15079741205
28698,99953.15079741205
28699,99953.15079741205
28700,99953.15079741205
28701,99953.15079741205
28702,99953.15079741205
28703,99953.15079741205
28704,99953.15079741205
28705,99953.15079741205
28706,99953.15079741205
28707,99953.15079741205
28708,99953.15079741205
28709,99953.15079741205
28710,99953.15079741205
28711,99953.15079741205
28712,99953.15079741205
28713,99953.15079741205
28714,99953.15079741205
28715,99953.15079741205
28716,99953.15079741205
28717,99953.15079741205
28718,99953.15079741205
28719,99953.15079741205
28720,99953.15079741205
28721,99953.15079741205
28722,99953.15079741205
28723,99953.15079741205
28724,99953.15079741205
28725,99953.15079741205
28726,99953.15079741205
28727,99953.15079741205
28728,99953.15079741205
28729,99953.15079741205
28730,99953.15079741205
28731,99953.15079741205
28732,99953.15079741205
28733,99953.15079741205
28734,99953.15079741205
28735,99953.15079741205
28736,99953.15079741205
28737,99953.15079741205
28738,99953.15079741205
28739,99953.15079741205
28740,99953.15079741205
28741,99953.15079741205
28742,99953.15079741205
28743,99953.15079741205
28744,99953.15079741205
28745,99953.15079741205
28746,99953.15079741205
28747,99953.15079741205
28748,99953.15079741205
28749,99953.15079741205
28750,99953.15079741205
28751,99953.15079741205
28752,99953.15079741205
28753,99953.15079741205
28754,99953.15079741205
28755,99953.15079741205
28756,99953.15079741205
28757,99953.15079741205
28758,99953.15079741205
28759,99953.15079741205
28760,99953.15079741205
28761,99953.15079741205
28762,99953.15079741205
28763,99953.15079741205
28764,99953.15079741205
28765,99953.15079741205
28766,99953.15079741205
28767,99953.15079741205
28768,99953.15079741205
28769,99953.15079741205
28770,99953.15079741205
28771,99953.15079741205
28772,99953.15079741205
28773,99953.15079741205
28774,99953.15079741205
28775,99953.15079741205
28776,99953.15079741205
28777,99953.15079741205
28778,99953.15079741205
28779,99953.15079741205
28780,99953.15079741205
28781,99953.15079741205
28782,99953.15079741205
28783,99953.15079741205
28784,99953.15079741205
28785,99953.15079741205
28786,99953.15079741205
28787,99953.15079741205
28788,99953.15079741205
28789,99953.15079741205
28790,99953.15079741205
28791,99953.15079741205
28792,99953.15079741205
28793,99953.15079741205
28794,99953.15079741205
28795,99953.15079741205
28796,99953.15079741205
28797,99953.15079741205
28798,99953.15079741205
28799,99953.15079741205
28800,99953.15079741205
28801,99953.15079741205
28802,99953.15079741205
28803,99953.15079741205
28804,99953.15079741205
28805,99953.15079741205
28806,99953.15079741205
28807,99953.15079741205
28808,99953.15079741205
28809,99953.15079741205
28810,99953.15079741205
28811,99953.15079741205
28812,99953.15079741205
28813,99953.15079741205
28814,99953.15079741205
28815,99953.15079741205
28816,99953.15079741205
28817,99953.15079741205
28818,99953.15079741205
28819,99953.15079741205
28820,99953.15079741205
28821,99953.15079741205
28822,99953.15079741205
28823,99953.15079741205
28824,99953.15079741205
28825,99953.15079741205
28826,99953.15079741205
28827,99953.15079741205
28828,99953.15079741205
28829,99953.15079741205
28830,99953.15079741205
28831,99953.15079741205
28832,99953.15079741205
28833,99953.15079741205
28834,99953.15079741205
28835,99953.15079741205
28836,99953.15079741205
28837,99953.15079741205
28838,99953.15079741205
28839,99953.15079741205
28840,99953.15079741205
28841,99953.15079741205
28842,99953.15079741205
28843,99953.15079741205
28844,99953.15079741205
28845,99953.15079741205
28846,99953.15079741205
28847,99953.15079741205
28848,99953.15079741205
28849,99953.15079741205
28850,99953.15079741205
28851,99953.15079741205
28852,99953.15079741205
28853,99953.15079741205
28854,99953.15079741205
28855,99953.15079741205
28856,99953.15079741205
28857,99953.15079741205
28858,99953.15079741205
28859,99953.15079741205
28860,99953.15079741205
28861,99953.15079741205
28862,99953.15079741205
28863,99953.15079741205
28864,99953.15079741205
28865,99953.15079741205
28866,99953.15079741205
28867,99953.15079741205
28868,99953.15079741205
28869,99953.15079741205
28870,99953.15079741205
28871,99953.15079741205
28872,99953.15079741205
28873,99953.15079741205
28874,99953.15079741205
28875,99953.15079741205
28876,99953.15079741205
28877,99953.15079741205
28878,99953.15079741205
28879,99953.15079741205
28880,99953.15079741205
28881,99953.15079741205
28882,99953.15079741205
28883,99953.15079741205
28884,99953.15079741205
28885,99953.15079741205
28886,99953.15079741205
28887,99953.15079741205
28888,99953.15079741205
28889,99953.15079741205
28890,99953.15079741205
28891,99953.15079741205
28892,99953.15079741205
28893,99953.15079741205
28894,99953.15079741205
28895,99953.15079741205
28896,99953.15079741205
28897,99953.15079741205
28898,99953.15079741205
28899,99953.15079741205
28900,99953.15079741205
28901,99953.15079741205
28902,99953.15079741205
28903,99953.15079741205
28904,99953.15079741205
28905,99953.15079741205
28906,99953.15079741205
28907,99953.15079741205
28908,99953.15079741205
28909,99953.15079741205
28910,99953.15079741205
28911,99953.15079741205
28912,99953.15079741205
28913,99953.15079741205
28914,99953.15079741205
28915,99953.15079741205
28916,99953.15079741205
28917,99953.15079741205
28918,99953.15079741205
28919,99953.15079741205
28920,99953.15079741205
28921,99953.15079741205
28922,99953.15079741205
28923,99953.15079741205
28924,99953.15079741205
28925,99953.15079741205
28926,99953.15079741205
28927,99953.15079741205
28928,99953.15079741205
28929,99953.15079741205
28930,99953.15079741205
28931,99953.15079741205
28932,99953.15079741205
28933,99953.15079741205
28934,99953.15079741205
28935,99953.15079741205
28936,99953.15079741205
28937,99953.15079741205
28938,99953.15079741205
28939,99953.15079741205
28940,99953.15079741205
28941,99953.15079741205
28942,99953.15079741205
28943,99953.15079741205
28944,99953.15079741205
28945,99953.15079741205
28946,99953.15079741205
28947,99953.15079741205
28948,99953.15079741205
28949,99953.15079741205
28950,99953.15079741205
28951,99953.15079741205
28952,99953.15079741205
28953,99953.15079741205
28954,99953.15079741205
28955,99953.15079741205
28956,99953.15079741205
28957,99953.15079741205
28958,99953.15079741205
28959,99953.15079741205
28960,99953.15079741205
28961,99953.15079741205
28962,99953.15079741205
28963,99953.15079741205
28964,99953.15079741205
28965,99953.15079741205
28966,99953.15079741205
28967,99953.15079741205
28968,99953.15079741205
28969,99953.15079741205
28970,99953.15079741205
28971,99953.15079741205
28972,99953.15079741205
28973,99953.15079741205
28974,99953.15079741205
28975,99953.15079741205
28976,99953.15079741205
28977,99953.15079741205
28978,99953.15079741205
28979,99953.15079741205
28980,99953.15079741205
28981,99953.15079741205
28982,99953.15079741205
28983,99953.15079741205
28984,99953.15079741205
28985,99953.15079741205
28986,99953.15079741205
28987,99953.15079741205
28988,99953.15079741205
28989,99953.15079741205
28990,99953.15079741205
28991,99953.15079741205
28992,99953.15079741205
28993,99953.15079741205
28994,99953.15079741205
28995,99953.15079741205
28996,99953.15079741205
28997,99953.15079741205
28998,99953.15079741205
28999,99953.15079741205
29000,99953.15079741205
29001,99953.15079741205
29002,99953.15079741205
29003,99953.15079741205
29004,99953.15079741205
29005,99953.15079741205
29006,99953.15079741205
29007,99953.15079741205
29008,99953.15079741205
29009,99953.15079741205
29010,99953.15079741205
29011,99953.15079741205
29012,99953.15079741205
29013,99953.15079741205
29014,99953.15079741205
29015,99953.15079741205
29016,99953.15079741205
29017,99953.15079741205
29018,99953.15079741205
29019,99953.15079741205
29020,99953.15079741205
29021,99953.15079741205
29022,99953.15079741205
29023,99953.15079741205
29024,99953.15079741205
29025,99953.15079741205
29026,99953.15079741205
29027,99953.15079741205
29028,99953.15079741205
29029,99953.15079741205
29030,99953.15079741205
29031,99953.15079741205
29032,99953.15079741205
29033,99953.15079741205
29034,99953.15079741205
29035,99953.15079741205
29036,99953.15079741205
29037,99953.15079741205
29038,99953.15079741205
29039,99953.15079741205
29040,99953.15079741205
29041,99953.15079741205
29042,99953.15079741205
29043,99953.15079741205
29044,99953.15079741205
29045,99953.15079741205
29046,99953.15079741205
29047,99953.15079741205
29048,99953.15079741205
29049,99953.15079741205
29050,99953.15079741205
29051,99953.15079741205
29052,99953.15079741205
29053,99953.15079741205
29054,99953.15079741205
29055,99953.15079741205
29056,99953.15079741205
29057,99953.15079741205
29058,99953.15079741205
29059,99953.15079741205
29060,99953.15079741205
29061,99953.15079741205
29062,99953.15079741205
29063,99953.15079741205
29064,99953.15079741205
29065,99953.15079741205
29066,99953.15079741205
29067,99953.15079741205
29068,99953.15079741205
29069,99953.15079741205
29070,99953.15079741205
29071,99953.15079741205
29072,99953.15079741205
29073,99953.15079741205
29074,99953.15079741205
29075,99953.15079741205
29076,99953.15079741205
29077,99953.15079741205
29078,99953.15079741205
29079,99953.15079741205
29080,99953.15079741205
29081,99953.15079741205
29082,99953.15079741205
29083,99953.15079741205
29084,99953.15079741205
29085,99953.15079741205
29086,99953.15079741205
29087,99953.15079741205
29088,99953.15079741205
29089,99953.15079741205
29090,99953.15079741205
29091,99953.15079741205
29092,99953.15079741205
29093,99953.15079741205
29094,99953.15079741205
29095,99953.15079741205
29096,99953.15079741205
29097,99953.15079741205
29098,99953.15079741205
29099,99953.15079741205
29100,99953.15079741205
29101,99953.15079741205
29102,99953.15079741205
29103,99953.15079741205
29104,99953.15079741205
29105,99953.15079741205
29106,99953.15079741205
29107,99953.15079741205
29108,99953.15079741205
29109,99953.15079741205
29110,99953.15079741205
29111,99953.15079741205
29112,99953.15079741205
29113,99953.15079741205
29114,99953.15079741205
29115,99953.15079741205
29116,99953.15079741205
29117,99953.15079741205
29118,99953.15079741205
29119,99953.15079741205
29120,99953.15079741205
29121,99953.15079741205
29122,99953.15079741205
29123,99953.15079741205
29124,99953.15079741205
29125,99953.15079741205
29126,99953.15079741205
29127,99953.15079741205
29128,99953.15079741205
29129,99953.15079741205
29130,99953.15079741205
29131,99953.15079741205
29132,99953.15079741205
29133,99953.15079741205
29134,99953.15079741205
29135,99953.15079741205
29136,99953.15079741205
29137,99953.15079741205
29138,99953.15079741205
29139,99953.15079741205
29140,99953.15079741205
29141,99953.15079741205
29142,99953.15079741205
29143,99953.15079741205
29144,99953.15079741205
29145,99953.15079741205
29146,99953.15079741205
29147,99953.15079741205
29148,99953.15079741205
29149,99953.15079741205
29150,99953.15079741205
29151,99953.15079741205
29152,99953.15079741205
29153,99953.15079741205
29154,99953.15079741205
29155,99953.15079741205
29156,99953.15079741205
29157,99953.15079741205
29158,99953.15079741205
29159,99953.15079741205
29160,99953.15079741205
29161,99953.15079741205
29162,99953.15079741205
29163,99953.15079741205
29164,99953.15079741205
29165,99953.15079741205
29166,99953.15079741205
29167,99953.15079741205
29168,99953.15079741205
29169,99953.15079741205
29170,99953.15079741205
29171,99953.15079741205
29172,99953.15079741205
29173,99953.15079741205
29174,99953.15079741205
29175,99953.15079741205
29176,99953.15079741205
29177,99953.15079741205
29178,99953.15079741205
29179,99953.15079741205
29180,99953.15079741205
29181,99953.15079741205
29182,99953.15079741205
29183,99953.15079741205
29184,99953.15079741205
29185,99953.15079741205
29186,99953.15079741205
29187,99953.15079741205
29188,99953.15079741205
29189,99953.15079741205
29190,99953.15079741205
29191,99953.15079741205
29192,99953.15079741205
29193,99953.15079741205
29194,99953.15079741205
29195,99953.15079741205
29196,99953.15079741205
29197,99953.15079741205
29198,99953.15079741205
29199,99953.15079741205
29200,99953.15079741205
29201,99953.15079741205
29202,99953.15079741205
29203,99953.15079741205
29204,99953.15079741205
29205,99953.15079741205
29206,99953.15079741205
29207,99953.15079741205
29208,99953.15079741205
29209,99953.15079741205
29210,99953.15079741205
29211,99953.15079741205
29212,99953.15079741205
29213,99953.15079741205
29214,99953.15079741205
29215,99953.15079741205
29216,99953.15079741205
29217,99953.15079741205
29218,99953.15079741205
29219,99953.15079741205
29220,99953.15079741205
29221,99953.15079741205
29222,99953.15079741205
29223,99953.15079741205
29224,99953.15079741205
29225,99953.15079741205
29226,99953.15079741205
29227,99953.15079741205
29228,99953.15079741205
29229,99953.15079741205
29230,99953.15079741205
29231,99953.15079741205
29232,99953.15079741205
29233,99953.15079741205
29234,99953.15079741205
29235,99953.15079741205
29236,99953.15079741205
29237,99953.15079741205
29238,99953.15079741205
29239,99953.15079741205
29240,99953.15079741205
29241,99953.15079741205
29242,99953.15079741205
29243,99953.15079741205
29244,99953.15079741205
29245,99953.15079741205
29246,99953.15079741205
29247,99953.15079741205
29248,99953.15079741205
29249,99953.15079741205
29250,99953.15079741205
29251,99953.15079741205
29252,99953.15079741205
29253,99953.15079741205
29254,99953.15079741205
29255,99953.15079741205
29256,99953.15079741205
29257,99953.15079741205
29258,99953.15079741205
29259,99953.15079741205
29260,99953.15079741205
29261,99953.15079741205
29262,99953.15079741205
29263,99953.15079741205
29264,99953.15079741205
29265,99953.15079741205
29266,99953.15079741205
29267,99953.15079741205
29268,99953.15079741205
29269,99953.15079741205
29270,99953.15079741205
29271,99953.15079741205
29272,99953.15079741205
29273,99953.15079741205
29274,99953.15079741205
29275,99953.15079741205
29276,99953.07453222755
29277,99953.07453222755
29278,99953.07453222755
29279,99953.07453222755
29280,99953.62137337153
29281,99953.62137337153
29282,99953.62137337153
29283,99953.62137337153
29284,99953.62137337153
29285,99953.62137337153
29286,99953.62137337153
29287,99953.62137337153
29288,99953.62137337153
29289,99953.62137337153
29290,99953.62137337153
29291,99953.62137337153
29292,99953.62137337153
29293,99953.62137337153
29294,99953.62137337153
29295,99953.62137337153
29296,99953.62137337153
29297,99953.62137337153
29298,99953.62137337153
29299,99953.62137337153
29300,99953.62137337153
29301,99953.62137337153
29302,99953.62137337153
29303,99953.62137337153
29304,99953.62137337153
29305,99953.62137337153
29306,99953.62137337153
29307,99953.62137337153
29308,99953.62137337153
29309,99953.62137337153
29310,99953.62137337153
29311,99953.62137337153
29312,99953.62137337153
29313,99953.62137337153
29314,99953.62137337153
29315,99953.62137337153
29316,99953.62137337153
29317,99953.62137337153
29318,99953.62137337153
29319,99953.62137337153
29320,99953.62137337153
29321,99953.62137337153
29322,99953.62137337153
29323,99953.62137337153
29324,99953.62137337153
29325,99953.62137337153
29326,99953.62137337153
29327,99953.62137337153
29328,99953.62137337153
29329,99953.62137337153
29330,99953.62137337153
29331,99953.62137337153
29332,99953.62137337153
29333,99953.62137337153
29334,99953.62137337153
29335,99953.62137337153
29336,99953.60084110883
29337,99953.3059688206
29338,99953.3059688206
29339,99953.3059688206
29340,99953.3059688206
29341,99953.3059688206
29342,99953.3059688206
29343,99953.3059688206
29344,99953.3059688206
29345,99953.3059688206
29346,99953.3059688206
29347,99953.3059688206
29348,99953.3059688206
29349,99953.3059688206
29350,99953.3059688206
29351,99953.3059688206
29352,99953.3059688206
29353,99953.3059688206
29354,99953.3059688206
29355,99953.3059688206
29356,99953.3059688206
29357,99953.3059688206
29358,99953.3059688206
29359,99953.3059688206
29360,99953.3059688206
29361,99953.3059688206
29362,99953.3059688206
29363,99953.3059688206
29364,99953.3059688206
29365,99953.3059688206
29366,99953.3059688206
29367,99953.3059688206
29368,99953.3059688206
29369,99953.3059688206
29370,99953.3059688206
29371,99953.3059688206
29372,99953.3059688206
29373,99953.3059688206
29374,99953.3059688206
29375,99953.3059688206
29376,99953.3059688206
29377,99953.3059688206
29378,99953.3059688206
29379,99953.3059688206
29380,99953.3059688206
29381,99953.3059688206
29382,99953.3059688206
29383,99953.3059688206
29384,99953.3059688206
29385,99953.3059688206
29386,99953.3059688206
29387,99953.3059688206
29388,99953.3059688206
29389,99953.3059688206
29390,99953.3059688206
29391,99953.3059688206
29392,99953.3059688206
29393,99953.3059688206
29394,99953.3059688206
29395,99953.3059688206
29396,99953.3059688206
29397,99953.3059688206
29398,99953.3059688206
29399,99953.3059688206
29400,99953.3059688206
29401,99953.3059688206
29402,99953.3059688206
29403,99953.3059688206
29404,99953.3059688206
29405,99953.3059688206
29406,99953.3059688206
29407,99953.3059688206
29408,99953.3059688206
29409,99953.3059688206
29410,99953.3059688206
29411,99953.3059688206
29412,99953.3059688206
29413,99953.3059688206
29414,99953.3059688206
29415,99953.3059688206
29416,99953.3059688206
29417,99953.3059688206
29418,99953.3059688206
29419,99953.3059688206
29420,99953.3059688206
29421,99953.3059688206
29422,99953.3059688206
29423,99953.3059688206
29424,99953.3059688206
29425,99953.3059688206
29426,99953.3059688206
29427,99953.3059688206
29428,99953.3059688206
29429,99953.3059688206
29430,99953.3059688206
29431,99953.3059688206
29432,99953.3059688206
29433,99953.3059688206
29434,99953.3059688206
29435,99953.3059688206
29436,99953.3059688206
29437,99953.3059688206
29438,99953.3059688206
29439,99953.3059688206
29440,99953.3059688206
29441,99953.3059688206
29442,99953.3059688206
29443,99953.3059688206
29444,99953.3059688206
29445,99953.3059688206
29446,99953.3059688206
29447,99953.3059688206
29448,99953.3059688206
29449,99953.3059688206
29450,99953.3059688206
29451,99953.3059688206
29452,99953.3059688206
29453,99953.3059688206
29454,99953.3059688206
29455,99953.3059688206
29456,99953.3059688206
29457,99953.3059688206
29458,99953.3059688206
29459,99953.3059688206
29460,99953.3059688206
29461,99953.3059688206
29462,99953.3059688206
29463,99953.3059688206
29464,99953.3059688206
29465,99953.3059688206
29466,99953.3059688206
29467,99953.3059688206
29468,99953.3059688206
29469,99953.3059688206
29470,99953.3059688206
29471,99953.3059688206
29472,99953.3059688206
29473,99953.3059688206
29474,99953.3059688206
29475,99953.3059688206
29476,99953.3059688206
29477,99953.3059688206
29478,99953.3059688206
29479,99953.3059688206
29480,99953.3059688206
29481,99953.3059688206
29482,99953.3059688206
29483,99953.3059688206
29484,99953.3059688206
29485,99953.3059688206
29486,99953.3059688206
29487,99953.3059688206
29488,99953.3059688206
29489,99953.3059688206
29490,99953.3059688206
29491,99953.3059688206
29492,99953.3059688206
29493,99953.3059688206
29494,99953.3059688206
29495,99953.3059688206
29496,99953.3059688206
29497,99953.3059688206
29498,99953.3059688206
29499,99953.3059688206
29500,99953.3059688206
29501,99953.3059688206
29502,99953.3059688206
29503,99953.3059688206
29504,99953.3059688206
29505,99953.3059688206
29506,99953.3059688206
29507,99953.3059688206
29508,99953.3059688206
29509,99953.3059688206
29510,99953.3059688206
29511,99953.3059688206
29512,99953.3059688206
29513,99953.3059688206
29514,99953.3059688206
29515,99953.3059688206
29516,99953.3059688206
29517,99953.3059688206
29518,99953.3059688206
29519,99953.3059688206
29520,99953.3059688206
29521,99953.3059688206
29522,99953.3059688206
29523,99953.3059688206
29524,99953.3059688206
29525,99953.3059688206
29526,99953.3059688206
29527,99953.3059688206
29528,99953.3059688206
29529,99953.3059688206
29530,99953.3059688206
29531,99953.3059688206
29532,99953.3059688206
29533,99953.3059688206
29534,99953.3059688206
29535,99953.3059688206
29536,99953.3059688206
29537,99953.3059688206
29538,99953.3059688206
29539,99953.3059688206
29540,99953.3059688206
29541,99953.3059688206
29542,99953.3059688206
29543,99953.3059688206
29544,99953.3059688206
29545,99953.3059688206
29546,99953.3059688206
29547,99953.3059688206
29548,99953.3059688206
29549,99953.3059688206
29550,99953.3059688206
29551,99953.3059688206
29552,99953.3059688206
29553,99953.3059688206
29554,99953.3059688206
29555,99953.3059688206
29556,99953.3059688206
29557,99953.3059688206
29558,99953.3059688206
29559,99953.3059688206
29560,99953.3059688206
29561,99953.3059688206
29562,99953.3059688206
29563,99953.3059688206
29564,99953.3059688206
29565,99953.3059688206
29566,99953.3059688206
29567,99953.3059688206
29568,99953.3059688206
29569,99953.3059688206
29570,99953.3059688206
29571,99953.3059688206
29572,99953.3059688206
29573,99953.3059688206
29574,99953.3059688206
29575,99953.3059688206
29576,99953.3059688206
29577,99953.3059688206
29578,99953.3059688206
29579,99953.3059688206
29580,99953.3059688206
29581,99953.3059688206
29582,99953.3059688206
29583,99953.3059688206
29584,99953.3059688206
29585,99953.3059688206
29586,99953.3059688206
29587,99953.3059688206
29588,99953.3059688206
29589,99953.3059688206
29590,99953.3059688206
29591,99953.3059688206
29592,99953.3059688206
29593,99953.3059688206
29594,99953.3059688206
29595,99953.3059688206
29596,99953.3059688206
29597,99953.3059688206
29598,99953.3059688206
29599,99953.3059688206
29600,99953.3059688206
29601,99953.3059688206
29602,99953.3059688206
29603,99953.3059688206
29604,99953.3059688206
29605,99953.3059688206
29606,99953.3059688206
29607,99953.3059688206
29608,99953.3059688206
29609,99953.3059688206
29610,99953.3059688206
29611,99953.3059688206
29612,99953.3059688206
29613,99953.3059688206
29614,99953.3059688206
29615,99953.3059688206
29616,99953.3059688206
29617,99953.3059688206
29618,99953.3059688206
29619,99953.3059688206
29620,99953.3059688206
29621,99953.3059688206
29622,99953.3059688206
29623,99953.3059688206
29624,99953.3059688206
29625,99953.3059688206
29626,99953.3059688206
29627,99953.3059688206
29628,99953.3059688206
29629,99953.3059688206
29630,99953.3059688206
29631,99953.3059688206
29632,99953.3059688206
29633,99953.3059688206
29634,99953.3059688206
29635,99953.3059688206
29636,99953.3059688206
29637,99953.3059688206
29638,99953.3059688206
29639,99953.3059688206
29640,99953.3059688206
29641,99953.3059688206
29642,99953.3059688206
29643,99953.3059688206
29644,99953.3059688206
29645,99953.3059688206
29646,99953.3059688206
29647,99953.3059688206
29648,99953.3059688206
29649,99953.3059688206
29650,99953.3059688206
29651,99953.3059688206
29652,99953.3059688206
29653,99953.3059688206
29654,99953.3059688206
29655,99953.3059688206
29656,99953.3059688206
29657,99953.3059688206
29658,99953.3059688206
29659,99953.3059688206
29660,99953.3059688206
29661,99953.3059688206
29662,99953.3059688206
29663,99953.3059688206
29664,99953.3059688206
29665,99953.3059688206
29666,99953.3059688206
29667,99953.3059688206
29668,99953.3059688206
29669,99953.3059688206
29670,99953.3059688206
29671,99953.3059688206
29672,99953.3059688206
29673,99953.3059688206
29674,99953.3059688206
29675,99953.3059688206
29676,99953.3059688206
29677,99953.3059688206
29678,99953.3059688206
29679,99953.3059688206
29680,99953.3059688206
29681,99953.3059688206
29682,99953.3059688206
29683,99953.3059688206
29684,99953.27050473599
29685,99953.27050473599
29686,99953.27050473599
29687,99953.27050473599
29688,99953.27050473599
29689,99952.66433882844
29690,99952.66433882844
29691,99952.66433882844
29692,99952.66433882844
29693,99952.66433882844
29694,99952.66433882844
29695,99952.66433882844
29696,99952.66433882844
29697,99952.66433882844
29698,99952.66433882844
29699,99952.66433882844
29700,99952.66433882844
29701,99952.66433882844
29702,99952.66433882844
29703,99952.66433882844
29704,99952.66433882844
29705,99952.66433882844
29706,99952.66433882844
29707,99952.66433882844
29708,99952.66433882844
29709,99952.66433882844
29710,99952.66433882844
29711,99952.66433882844
29712,99952.66433882844
29713,99952.64476329685
29714,99952.62658430448
29715,99952.62658430448
29716,99952.01417419486
29717,99952.01417419486
29718,99952.01417419486
29719,99952.01417419486
29720,99952.01417419486
29721,99952.01417419486
29722,99952.01417419486
29723,99952.01417419486
29724,99952.01417419486
29725,99952.01417419486
29726,99952.01417419486
29727,99952.01417419486
29728,99952.01417419486
29729,99952.01417419486
29730,99952.01417419486
29731,99952.01417419486
29732,99952.01417419486
29733,99952.01417419486
29734,99952.01417419486
29735,99952.01417419486
29736,99952.01417419486
29737,99952.01417419486
29738,99952.01417419486
29739,99952.01417419486
29740,99952.01417419486
29741,99952.01417419486
29742,99952.01417419486
29743,99952.01417419486
29744,99952.01417419486
29745,99952.01417419486
29746,99952.01417419486
29747,99952.01417419486
29748,99952.01417419486
29749,99952.01417419486
29750,99952.01417419486
29751,99952.01417419486
29752,99952.01417419486
29753,99952.01417419486
29754,99952.01417419486
29755,99952.01417419486
29756,99952.01417419486
29757,99952.01417419486
29758,99952.01417419486
29759,99952.01417419486
29760,99952.01417419486
29761,99952.01417419486
29762,99952.01417419486
29763,99952.01417419486
29764,99952.01417419486
29765,99952.01417419486
29766,99952.01417419486
29767,99952.01417419486
29768,99952.01417419486
29769,99952.01417419486
29770,99952.01417419486
29771,99952.01417419486
29772,99952.01417419486
29773,99952.01417419486
29774,99952.01417419486
29775,99952.01417419486
29776,99952.01417419486
29777,99952.01417419486
29778,99952.01417419486
29779,99952.01417419486
29780,99952.01417419486
29781,99952.01417419486
29782,99952.01417419486
29783,99952.01417419486
29784,99952.01417419486
29785,99952.01417419486
29786,99952.01417419486
29787,99952.01417419486
29788,99952.01417419486
29789,99952.01417419486
29790,99952.01417419486
29791,99952.01417419486
29792,99952.01417419486
29793,99952.01417419486
29794,99952.01417419486
29795,99952.01417419486
29796,99952.01417419486
29797,99952.01417419486
29798,99952.01417419486
29799,99952.01417419486
29800,99952.01417419486
29801,99952.01417419486
29802,99952.01417419486
29803,99952.01417419486
29804,99952.01417419486
29805,99952.01417419486
29806,99952.01417419486
29807,99952.01417419486
29808,99952.01417419486
29809,99952.01417419486
29810,99952.01417419486
29811,99952.01417419486
29812,99951.98333432624
29813,99951.98333432624
29814,99951.98333432624
29815,99951.98333432624
29816,99951.98333432624
29817,99952.23083479228
29818,99952.23083479228
29819,99952.23083479228
29820,99952.23083479228
29821,99952.23083479228
29822,99952.23083479228
29823,99952.23083479228
29824,99952.23083479228
29825,99952.23083479228
29826,99952.23083479228
29827,99952.23083479228
29828,99952.23083479228
29829,99952.23083479228
29830,99952.23083479228
29831,99952.23083479228
29832,99952.23083479228
29833,99952.23083479228
29834,99952.23083479228
29835,99952.23083479228
29836,99952.23083479228
29837,99952.23083479228
29838,99952.23083479228
29839,99952.23083479228
29840,99952.23083479228
29841,99952.23083479228
29842,99952.23083479228
29843,99952.23083479228
29844,99952.23083479228
29845,99952.23083479228
29846,99952.23083479228
29847,99952.23083479228
29848,99952.23083479228
29849,99952.23083479228
29850,99952.23083479228
29851,99952.23083479228
29852,99952.23083479228
29853,99952.23083479228
29854,99952.1461546289
29855,99952.76125311895
29856,99952.76125311895
29857,99952.76125311895
29858,99952.76125311895
29859,99952.70967391455
29860,99952.66160239372
29861,99953.3161290021
29862,99953.3161290021
29863,99953.98155828034
29864,99953.98155828034
29865,99953.98155828034
29866,99953.98155828034
29867,99953.98155828034
29868,99953.98155828034
29869,99953.98155828034
29870,99953.98155828034
29871,99953.98155828034
29872,99953.98155828034
29873,99953.98155828034
29874,99953.98155828034
29875,99953.98155828034
29876,99953.98155828034
29877,99953.98155828034
29878,99953.98155828034
29879,99953.98155828034
29880,99953.98155828034
29881,99953.98155828034
29882,99953.98155828034
29883,99953.98155828034
29884,99953.98155828034
29885,99953.98155828034
29886,99953.98155828034
29887,99953.98155828034
29888,99953.98155828034
29889,99953.98155828034
29890,99953.98155828034
29891,99953.98155828034
29892,99953.98155828034
29893,99953.98155828034
29894,99953.98155828034
29895,99953.98155828034
29896,99953.98155828034
29897,99953.98155828034
29898,99953.98155828034
29899,99953.98155828034
29900,99953.98155828034
29901,99953.98155828034
29902,99953.98155828034
29903,99953.98155828034
29904,99953.98155828034
29905,99953.98155828034
29906,99953.98155828034
29907,99953.98155828034
29908,99953.98155828034
29909,99953.98155828034
29910,99953.98155828034
29911,99953.98155828034
29912,99953.98155828034
29913,99953.98155828034
29914,99953.98155828034
29915,99953.98155828034
29916,99953.98155828034
29917,99953.98155828034
29918,99953.98155828034
29919,99953.98155828034
29920,99953.98155828034
29921,99953.98155828034
29922,99953.98155828034
29923,99953.98155828034
29924,99953.98155828034
29925,99953.98155828034
29926,99953.98155828034
29927,99953.98155828034
29928,99953.98155828034
29929,99953.98155828034
29930,99953.98155828034
29931,99953.98155828034
29932,99953.98155828034
29933,99953.98155828034
29934,99953.98155828034
29935,99953.98155828034
29936,99953.98155828034
29937,99953.98155828034
29938,99953.98155828034
29939,99953.98155828034
29940,99953.98155828034
29941,99953.98155828034
29942,99953.98155828034
29943,99953.98155828034
29944,99953.98155828034
29945,99953.98155828034
29946,99953.98155828034
29947,99953.98155828034
29948,99953.98155828034
29949,99953.98155828034
29950,99953.91020080645
29951,99953.09407537383
29952,99953.03826371819
29953,99953.03826371819
29954,99952.98708448713
29955,99952.21206059262
29956,99952.21206059262
29957,99952.87212531641
29958,99952.83277998806
29959,99952.83277998806
29960,99952.83277998806
29961,99952.83277998806
29962,99953.53263992627
29963,99953.53263992627
29964,99953.53263992627
29965,99953.53263992627
29966,99953.53263992627
29967,99953.53263992627
29968,99953.53263992627
29969,99953.53263992627
29970,99953.53263992627
29971,99953.53263992627
29972,99953.53263992627
29973,99953.53263992627
29974,99953.53263992627
29975,99953.53263992627
29976,99953.53263992627
29977,99953.53263992627
29978,99953.53263992627
29979,99953.53263992627
29980,99953.53263992627
29981,99953.53263992627
29982,99953.53263992627
29983,99953.53263992627
29984,99953.53263992627
29985,99953.53263992627
29986,99953.53263992627
29987,99953.53263992627
29988,99953.53263992627
29989,99953.53263992627
29990,99953.53263992627
29991,99953.53263992627
29992,99953.53263992627
29993,99953.53263992627
29994,99953.53263992627
29995,99953.53263992627
29996,99953.53263992627
29997,99953.53263992627
29998,99953.53263992627
29999,99953.53263992627
30000,99953.50946699726
30001,99953.17863691373
30002,99953.17863691373
30003,99953.17863691373
30004,99953.17863691373
30005,99953.17863691373
30006,99953.17863691373
30007,99953.17863691373
30008,99953.17863691373
30009,99953.17863691373
30010,99953.17863691373
30011,99953.17863691373
30012,99953.17863691373
30013,99953.17863691373
30014,99953.17863691373
30015,99953.17863691373
30016,99953.17863691373
30017,99953.17863691373
30018,99953.17863691373
30019,99953.17863691373
30020,99953.17863691373
30021,99953.17863691373
30022,99953.17863691373
30023,99953.17863691373
30024,99953.17863691373
30025,99953.17863691373
30026,99953.17863691373
30027,99953.17863691373
30028,99953.17863691373
30029,99953.17863691373
30030,99953.17863691373
30031,99953.17863691373
30032,99953.17863691373
30033,99953.17863691373
30034,99953.17863691373
30035,99953.17863691373
30036,99953.17863691373
30037,99953.17863691373
30038,99953.17863691373
30039,99953.17863691373
30040,99953.17863691373
30041,99953.17863691373
30042,99953.17863691373
30043,99953.17863691373
30044,99953.17863691373
30045,99953.17863691373
30046,99953.17863691373
30047,99953.17863691373
30048,99953.17863691373
30049,99953.17863691373
30050,99953.17863691373
30051,99953.17863691373
30052,99953.17863691373
30053,99953.17863691373
30054,99953.17863691373
30055,99953.17863691373
30056,99953.17863691373
30057,99953.17863691373
30058,99953.17863691373
30059,99953.17863691373
30060,99953.17863691373
30061,99953.17863691373
30062,99953.17863691373
30063,99953.17863691373
30064,99953.17863691373
30065,99953.17863691373
30066,99953.17863691373
30067,99953.17863691373
30068,99953.17863691373
30069,99953.17863691373
30070,99953.17863691373
30071,99953.17863691373
30072,99953.17863691373
30073,99953.17863691373
30074,99953.17863691373
30075,99953.17863691373
30076,99953.17863691373
30077,99953.17863691373
30078,99953.17863691373
30079,99953.17863691373
30080,99953.17863691373
30081,99953.17863691373
30082,99953.17863691373
30083,99953.17863691373
30084,99953.17863691373
30085,99953.17863691373
30086,99953.17863691373
30087,99953.17863691373
30088,99953.17863691373
30089,99953.17863691373
30090,99953.17863691373
30091,99953.17863691373
30092,99953.17863691373
30093,99953.17863691373
30094,99953.17863691373
30095,99953.17863691373
30096,99953.17863691373
30097,99953.17863691373
30098,99953.17863691373
30099,99953.17863691373
30100,99953.17863691373
30101,99953.17863691373
30102,99953.17863691373
30103,99953.17863691373
30104,99953.17863691373
30105,99953.17863691373
30106,99953.17863691373
30107,99953.17863691373
30108,99953.17863691373
30109,99953.17863691373
30110,99953.17863691373
30111,99953.17863691373
30112,99953.17863691373
30113,99953.17863691373
30114,99953.17863691373
30115,99953.17863691373
30116,99953.17863691373
30117,99953.17863691373
30118,99953.17863691373
30119,99953.17863691373
30120,99953.17863691373
30121,99953.17863691373
30122,99953.17863691373
30123,99953.17863691373
30124,99953.17863691373
30125,99953.17863691373
30126,99953.17863691373
30127,99953.17863691373
30128,99953.17863691373
30129,99953.17863691373
30130,99953.17863691373
30131,99953.17863691373
30132,99953.17863691373
30133,99953.17863691373
30134,99953.17863691373
30135,99953.17863691373
30136,99953.17863691373
30137,99953.17863691373
30138,99953.17863691373
30139,99953.17863691373
30140,99953.17863691373
30141,99953.17863691373
30142,99953.17863691373
30143,99953.17863691373
30144,99953.17863691373
30145,99953.17863691373
30146,99953.17863691373
30147,99953.17863691373
30148,99953.17863691373
30149,99953.17863691373
30150,99953.17863691373
30151,99953.17863691373
30152,99953.17863691373
30153,99953.17863691373
30154,99953.17863691373
30155,99953.17863691373
30156,99953.17863691373
30157,99953.17863691373
30158,99953.17863691373
30159,99953.17863691373
30160,99953.17863691373
30161,99953.17863691373
30162,99953.17863691373
30163,99953.17863691373
30164,99953.17863691373
30165,99953.17863691373
30166,99953.17863691373
30167,99953.17863691373
30168,99953.17863691373
30169,99953.17863691373
30170,99953.17863691373
30171,99953.17863691373
30172,99953.17863691373
30173,99953.17863691373
30174,99953.17863691373
30175,99953.17863691373
30176,99953.17863691373
30177,99953.17863691373
30178,99953.17863691373
30179,99953.17863691373
30180,99953.17863691373
30181,99953.17863691373
30182,99953.17863691373
30183,99953.17863691373
30184,99953.17863691373
30185,99953.17863691373
30186,99953.17863691373
30187,99953.17863691373
30188,99953.17863691373
30189,99953.17863691373
30190,99953.17863691373
30191,99953.17863691373
30192,99953.17863691373
30193,99953.17863691373
30194,99953.17863691373
30195,99953.17863691373
30196,99953.17863691373
30197,99953.17863691373
30198,99953.17863691373
30199,99953.17863691373
30200,99953.17863691373
30201,99953.17863691373
30202,99953.17863691373
30203,99953.17863691373
30204,99953.17863691373
30205,99953.17863691373
30206,99953.17863691373
30207,99953.17863691373
30208,99953.17863691373
30209,99953.17863691373
30210,99953.17863691373
30211,99953.17863691373
30212,99953.17863691373
30213,99953.17863691373
30214,99953.17863691373
30215,99953.17863691373
30216,99953.17863691373
30217,99953.17863691373
30218,99953.17863691373
30219,99953.17863691373
30220,99953.17863691373
30221,99953.17863691373
30222,99953.17863691373
30223,99953.17863691373
30224,99953.17863691373
30225,99953.17863691373
30226,99953.17863691373
30227,99953.17863691373
30228,99953.17863691373
30229,99953.17863691373
30230,99953.17863691373
30231,99953.17863691373
30232,99953.17863691373
30233,99953.17863691373
30234,99953.17863691373
30235,99953.17863691373
30236,99953.17863691373
30237,99953.17863691373
30238,99953.17863691373
30239,99953.17863691373
30240,99953.17863691373
30241,99953.17863691373
30242,99953.17863691373
30243,99953.17863691373
30244,99953.17863691373
30245,99953.17863691373
30246,99953.17863691373
30247,99953.17863691373
30248,99953.17863691373
30249,99953.17863691373
30250,99953.17863691373
30251,99953.17863691373
30252,99953.17863691373
30253,99953.17863691373
30254,99953.17863691373
30255,99953.17863691373
30256,99953.17863691373
30257,99953.17863691373
30258,99953.17863691373
30259,99953.17863691373
30260,99953.17863691373
30261,99953.17863691373
30262,99953.17863691373
30263,99953.17863691373
30264,99953.17863691373
30265,99953.17863691373
30266,99953.17863691373
30267,99953.17863691373
30268,99953.17863691373
30269,99953.17863691373
30270,99953.17863691373
30271,99953.17863691373
30272,99953.17863691373
30273,99953.17863691373
30274,99953.17863691373
30275,99953.17863691373
30276,99953.17863691373
30277,99953.17863691373
30278,99953.12583544588
30279,99953.12583544588
30280,99952.58852992572
30281,99952.58852992572
30282,99952.58852992572
30283,99952.58852992572
30284,99952.58852992572
30285,99952.58852992572
30286,99952.58852992572
30287,99952.58852992572
30288,99952.58852992572
30289,99952.58852992572
30290,99952.58852992572
30291,99952.58852992572
30292,99952.58852992572
30293,99952.58852992572
30294,99952.58852992572
30295,99952.58852992572
30296,99952.58852992572
30297,99952.58852992572
30298,99952.58852992572
30299,99952.58852992572
30300,99952.58852992572
30301,99952.58852992572
30302,99952.58852992572
30303,99952.58852992572
30304,99952.58852992572
30305,99952.58852992572
30306,99952.58852992572
30307,99952.58852992572
30308,99952.58852992572
30309,99952.58852992572
30310,99952.58852992572
30311,99952.58852992572
30312,99952.58852992572
30313,99952.58852992572
30314,99952.58852992572
30315,99952.58852992572
30316,99952.58852992572
30317,99952.58852992572
30318,99952.58852992572
30319,99952.58852992572
30320,99952.58852992572
30321,99952.58852992572
30322,99952.58852992572
30323,99952.58852992572
30324,99952.58852992572
30325,99952.58852992572
30326,99952.58852992572
30327,99952.58852992572
30328,99952.58852992572
30329,99952.58852992572
30330,99952.58852992572
30331,99952.58852992572
30332,99952.58852992572
30333,99952.58852992572
30334,99952.58852992572
30335,99952.58852992572
30336,99952.58852992572
30337,99952.58852992572
30338,99952.58852992572
30339,99952.58852992572
30340,99952.58852992572
30341,99952.58852992572
30342,99952.58852992572
30343,99952.58852992572
30344,99952.58852992572
30345,99952.58852992572
30346,99952.58852992572
30347,99952.58852992572
30348,99952.58852992572
30349,99952.58852992572
30350,99952.58852992572
30351,99952.58852992572
30352,99952.58852992572
30353,99952.58852992572
30354,99952.58852992572
30355,99952.58852992572
30356,99952.58852992572
30357,99952.58852992572
30358,99952.58852992572
30359,99952.58852992572
30360,99952.58852992572
30361,99952.58852992572
30362,99952.58852992572
30363,99952.58852992572
30364,99952.58852992572
30365,99952.58852992572
30366,99952.58852992572
30367,99952.58852992572
30368,99952.58852992572
30369,99952.58852992572
30370,99952.58852992572
30371,99952.58852992572
30372,99952.58852992572
30373,99952.58852992572
30374,99952.58852992572
30375,99952.58852992572
30376,99952.58852992572
30377,99952.58852992572
30378,99952.58852992572
30379,99952.58852992572
30380,99952.58852992572
30381,99952.58852992572
30382,99952.58852992572
30383,99952.58852992572
30384,99952.58852992572
30385,99952.58852992572
30386,99952.58852992572
30387,99952.58852992572
30388,99952.58852992572
30389,99952.58852992572
30390,99952.58852992572
30391,99952.58852992572
30392,99952.58852992572
30393,99952.58852992572
30394,99952.58852992572
30395,99952.58852992572
30396,99952.58852992572
30397,99952.58852992572
30398,99952.58852992572
30399,99952.58852992572
30400,99952.58852992572
30401,99952.58852992572
30402,99952.58852992572
30403,99952.58852992572
30404,99952.58852992572
30405,99952.58852992572
30406,99952.58852992572
30407,99952.58852992572
30408,99952.58852992572
30409,99952.58852992572
30410,99952.58852992572
30411,99952.58852992572
30412,99952.58852992572
30413,99952.58852992572
30414,99952.58852992572
30415,99952.58852992572
30416,99952.58852992572
30417,99952.58852992572
30418,99952.58852992572
30419,99952.58852992572
30420,99952.58852992572
30421,99952.58852992572
30422,99952.58852992572
30423,99952.58852992572
30424,99952.58852992572
30425,99952.58852992572
30426,99952.58852992572
30427,99952.58852992572
30428,99952.58852992572
30429,99952.58852992572
30430,99952.58852992572
30431,99952.58852992572
30432,99952.5078318888
30433,99952.5078318888
30434,99951.6520554021
30435,99951.6520554021
30436,99951.6520554021
30437,99951.6520554021
30438,99951.6520554021
30439,99951.6520554021
30440,99951.6520554021
30441,99951.6520554021
30442,99951.6520554021
30443,99951.6520554021
30444,99951.6520554021
30445,99951.6520554021
30446,99951.6520554021
30447,99951.6520554021
30448,99951.6520554021
30449,99951.6520554021
30450,99951.6520554021
30451,99951.6520554021
30452,99951.6520554021
30453,99951.6520554021
30454,99951.6520554021
30455,99951.6520554021
30456,99951.6520554021
30457,99951.6520554021
30458,99951.6520554021
30459,99951.6520554021
30460,99951.6520554021
30461,99951.6520554021
30462,99951.6520554021
30463,99951.6520554021
30464,99951.6520554021
30465,99951.6520554021
30466,99951.6520554021
30467,99951.6520554021
30468,99951.6520554021
30469,99951.6520554021
30470,99951.6520554021
30471,99951.6520554021
30472,99951.6520554021
30473,99951.6520554021
30474,99951.6520554021
30475,99951.6520554021
30476,99951.6520554021
30477,99951.6520554021
30478,99951.6520554021
30479,99951.6520554021
30480,99951.6520554021
30481,99951.6520554021
30482,99951.6520554021
30483,99951.6520554021
30484,99951.6520554021
30485,99951.6520554021
30486,99951.6520554021
30487,99951.6520554021
30488,99951.6520554021
30489,99951.6520554021
30490,99951.6520554021
30491,99951.6520554021
30492,99951.6520554021
30493,99951.6520554021
30494,99951.6520554021
30495,99951.6520554021
30496,99951.6520554021
30497,99951.6520554021
30498,99951.6520554021
30499,99951.6520554021
30500,99951.6520554021
30501,99951.6520554021
30502,99951.6520554021
30503,99951.6520554021
30504,99951.6520554021
30505,99951.6520554021
30506,99951.6520554021
30507,99951.6520554021
30508,99951.6520554021
30509,99951.6520554021
30510,99951.6520554021
30511,99951.6520554021
30512,99951.6520554021
30513,99951.6520554021
30514,99951.6520554021
30515,99951.6520554021
30516,99951.6520554021
30517,99951.6520554021
30518,99951.6520554021
30519,99951.6520554021
30520,99951.6520554021
30521,99951.6520554021
30522,99951.6520554021
30523,99951.6520554021
30524,99951.6520554021
30525,99951.6520554021
30526,99951.6520554021
30527,99951.6520554021
30528,99951.6520554021
30529,99951.6520554021
30530,99951.6520554021
30531,99951.6520554021
30532,99951.6520554021
30533,99951.6520554021
30534,99951.6520554021
30535,99951.6520554021
30536,99951.6520554021
30537,99951.6520554021
30538,99951.6520554021
30539,99951.6520554021
30540,99951.6520554021
30541,99951.6520554021
30542,99951.6520554021
30543,99951.6520554021
30544,99951.6520554021
30545,99951.6520554021
30546,99951.6520554021
30547,99951.6520554021
30548,99951.6520554021
30549,99951.6520554021
30550,99951.6520554021
30551,99951.6520554021
30552,99951.6520554021
30553,99951.6520554021
30554,99951.6520554021
30555,99951.6520554021
30556,99951.6520554021
30557,99951.6520554021
30558,99951.6520554021
30559,99951.6520554021
30560,99951.6520554021
30561,99951.6520554021
30562,99951.6520554021
30563,99951.6520554021
30564,99951.6520554021
30565,99951.6520554021
30566,99951.6520554021
30567,99951.6520554021
30568,99951.6520554021
30569,99951.6520554021
30570,99951.6520554021
30571,99951.6520554021
30572,99951.6520554021
30573,99951.6520554021
30574,99951.6520554021
30575,99951.6520554021
30576,99951.6520554021
30577,99951.6520554021
30578,99951.6520554021
30579,99951.6520554021
30580,99951.6520554021
30581,99951.6520554021
30582,99951.6520554021
30583,99951.6520554021
30584,99951.6520554021
30585,99951.6520554021
30586,99951.6520554021
30587,99951.6520554021
30588,99951.6520554021
30589,99951.6520554021
30590,99951.6520554021
30591,99951.6520554021
30592,99951.6520554021
30593,99951.6520554021
30594,99951.6520554021
30595,99951.6520554021
30596,99951.6520554021
30597,99951.6520554021
30598,99951.6520554021
30599,99951.6520554021
30600,99951.6520554021
30601,99951.6520554021
30602,99951.6520554021
30603,99951.6520554021
30604,99951.6520554021
30605,99951.6520554021
30606,99951.6520554021
30607,99951.6520554021
30608,99951.6520554021
30609,99951.6520554021
30610,99951.6520554021
30611,99951.6520554021
30612,99951.6520554021
30613,99951.6520554021
30614,99951.6520554021
30615,99951.6520554021
30616,99951.6520554021
30617,99951.6520554021
30618,99951.6520554021
30619,99951.6520554021
30620,99951.6520554021
30621,99951.6520554021
30622,99951.6520554021
30623,99951.6520554021
30624,99951.6520554021
30625,99951.6520554021
30626,99951.6520554021
30627,99951.6520554021
30628,99951.6520554021
30629,99951.6520554021
30630,99951.6520554021
30631,99951.6520554021
30632,99951.6520554021
30633,99951.6520554021
30634,99951.6520554021
30635,99951.6520554021
30636,99951.6520554021
30637,99951.6520554021
30638,99951.6520554021
30639,99951.6520554021
30640,99951.6520554021
30641,99951.6520554021
30642,99951.6520554021
30643,99951.6520554021
30644,99951.6520554021
30645,99951.6520554021
30646,99951.6520554021
30647,99951.6520554021
30648,99951.6520554021
30649,99951.6520554021
30650,99951.6520554021
30651,99951.6520554021
30652,99951.6520554021
30653,99951.6520554021
30654,99951.6520554021
30655,99951.6520554021
30656,99951.6520554021
30657,99951.6520554021
30658,99951.6520554021
30659,99951.6520554021
30660,99951.6520554021
30661,99951.6520554021
30662,99951.6520554021
30663,99951.6520554021
30664,99951.6520554021
30665,99951.6520554021
30666,99951.6520554021
30667,99951.6520554021
30668,99951.6520554021
30669,99951.6520554021
30670,99951.6520554021
30671,99951.6520554021
30672,99951.6520554021
30673,99951.6520554021
30674,99951.6520554021
30675,99951.6520554021
30676,99951.6520554021
30677,99951.6520554021
30678,99951.6520554021
30679,99951.6520554021
30680,99951.6520554021
30681,99951.6520554021
30682,99951.6520554021
30683,99951.6520554021
30684,99951.6520554021
30685,99951.6520554021
30686,99951.6520554021
30687,99951.6520554021
30688,99951.6520554021
30689,99951.6520554021
30690,99951.6520554021
30691,99951.6520554021
30692,99951.6520554021
30693,99951.6520554021
30694,99951.6520554021
30695,99951.6520554021
30696,99951.6520554021
30697,99951.6520554021
30698,99951.6520554021
30699,99951.6520554021
30700,99951.6520554021
30701,99951.6520554021
30702,99951.6520554021
30703,99951.6520554021
30704,99951.6520554021
30705,99951.6520554021
30706,99951.6520554021
30707,99951.6520554021
30708,99951.6520554021
30709,99951.6520554021
30710,99951.6520554021
30711,99951.6520554021
30712,99951.6520554021
30713,99951.6520554021
30714,99951.6520554021
30715,99951.6520554021
30716,99951.6520554021
30717,99951.6520554021
30718,99951.6520554021
30719,99951.6520554021
30720,99951.6520554021
30721,99951.6520554021
30722,99951.6520554021
30723,99951.6520554021
30724,99951.6520554021
30725,99951.6520554021
30726,99951.6520554021
30727,99951.6520554021
30728,99951.6520554021
30729,99951.6520554021
30730,99951.6520554021
30731,99951.6520554021
30732,99951.6520554021
30733,99951.6520554021
30734,99951.6520554021
30735,99951.6520554021
30736,99951.6520554021
30737,99951.6520554021
30738,99951.6520554021
30739,99951.6520554021
30740,99951.6520554021
30741,99951.6520554021
30742,99951.6520554021
30743,99951.6520554021
30744,99951.6520554021
30745,99951.6520554021
30746,99951.6520554021
30747,99951.6520554021
30748,99951.6520554021
30749,99951.6520554021
30750,99951.6520554021
30751,99951.6520554021
30752,99951.6520554021
30753,99951.6520554021
30754,99951.6520554021
30755,99951.6520554021
30756,99951.6520554021
30757,99951.6520554021
30758,99951.6520554021
30759,99951.6520554021
30760,99951.6520554021
30761,99951.6520554021
30762,99951.6520554021
30763,99951.6520554021
30764,99951.6520554021
30765,99951.6520554021
30766,99951.6520554021
30767,99951.6520554021
30768,99951.6520554021
30769,99951.6520554021
30770,99951.6520554021
30771,99951.6520554021
30772,99951.6520554021
30773,99951.6520554021
30774,99951.6520554021
30775,99951.6520554021
30776,99951.6520554021
30777,99951.6520554021
30778,99951.6520554021
30779,99951.6520554021
30780,99951.6520554021
30781,99951.6520554021
30782,99951.6520554021
30783,99951.6520554021
30784,99951.6520554021
30785,99951.6520554021
30786,99951.6520554021
30787,99951.6520554021
30788,99951.6520554021
30789,99951.6520554021
30790,99951.6520554021
30791,99951.6520554021
30792,99951.6520554021
30793,99951.6520554021
30794,99951.6520554021
30795,99951.6520554021
30796,99951.6520554021
30797,99951.6520554021
30798,99951.6520554021
30799,99951.6520554021
30800,99951.6520554021
30801,99951.6520554021
30802,99951.6520554021
30803,99951.6520554021
30804,99951.6520554021
30805,99951.6520554021
30806,99951.6520554021
30807,99951.6520554021
30808,99951.6520554021
30809,99951.6520554021
30810,99951.6520554021
30811,99951.6520554021
30812,99951.6520554021
30813,99951.6520554021
30814,99951.6520554021
30815,99951.6520554021
30816,99951.6520554021
30817,99951.6520554021
30818,99951.6520554021
30819,99951.6520554021
30820,99951.6520554021
30821,99951.6520554021
30822,99951.6520554021
30823,99951.6520554021
30824,99951.6520554021
30825,99951.6520554021
30826,99951.6520554021
30827,99951.6520554021
30828,99951.6520554021
30829,99951.6520554021
30830,99951.6520554021
30831,99951.6520554021
30832,99951.6520554021
30833,99951.6520554021
30834,99951.6520554021
30835,99951.6520554021
30836,99951.6520554021
30837,99951.6520554021
30838,99951.6520554021
30839,99951.6520554021
30840,99951.6520554021
30841,99951.6520554021
30842,99951.6520554021
30843,99951.6520554021
30844,99951.6520554021
30845,99951.6520554021
30846,99951.6520554021
30847,99951.6520554021
30848,99951.6520554021
30849,99951.6520554021
30850,99951.6520554021
30851,99951.6520554021
30852,99951.6520554021
30853,99951.6520554021
30854,99951.6520554021
30855,99951.6520554021
30856,99951.6520554021
30857,99951.6520554021
30858,99951.6520554021
30859,99951.6520554021
30860,99951.6520554021
30861,99951.6520554021
30862,99951.6520554021
30863,99951.6520554021
30864,99951.6520554021
30865,99951.6520554021
30866,99951.6520554021
30867,99951.6520554021
30868,99951.6520554021
30869,99951.6520554021
30870,99951.6520554021
30871,99951.6520554021
30872,99951.6520554021
30873,99951.6520554021
30874,99951.6520554021
30875,99951.6520554021
30876,99951.6520554021
30877,99951.6520554021
30878,99951.6520554021
30879,99951.6520554021
30880,99951.6520554021
30881,99951.6520554021
30882,99951.6520554021
30883,99951.6520554021
30884,99951.6520554021
30885,99951.6520554021
30886,99951.6520554021
30887,99951.6520554021
30888,99951.6520554021
30889,99951.6520554021
30890,99951.6520554021
30891,99951.6520554021
30892,99951.6520554021
30893,99951.6520554021
30894,99951.6520554021
30895,99951.6520554021
30896,99951.6520554021
30897,99951.6520554021
30898,99951.6520554021
30899,99951.6520554021
30900,99951.6520554021
30901,99951.6520554021
30902,99951.6520554021
30903,99951.6520554021
30904,99951.6520554021
30905,99951.6520554021
30906,99951.6520554021
30907,99951.6520554021
30908,99951.6520554021
30909,99951.6520554021
30910,99951.6520554021
30911,99951.6520554021
30912,99951.6520554021
30913,99951.6520554021
30914,99951.6520554021
30915,99951.6520554021
30916,99951.6520554021
30917,99951.6520554021
30918,99951.6520554021
30919,99951.6520554021
30920,99951.6520554021
30921,99951.6520554021
30922,99951.6520554021
30923,99951.6520554021
30924,99951.6520554021
30925,99951.6520554021
30926,99951.6520554021
30927,99951.6520554021
30928,99951.6520554021
30929,99951.6520554021
30930,99951.6520554021
30931,99951.6520554021
30932,99951.6520554021
30933,99951.6520554021
30934,99951.6520554021
30935,99951.6520554021
30936,99951.6520554021
30937,99951.6520554021
30938,99951.6520554021
30939,99951.6520554021
30940,99951.6520554021
30941,99951.6520554021
30942,99951.6520554021
30943,99951.6520554021
30944,99951.6520554021
30945,99951.6520554021
30946,99951.6520554021
30947,99951.6520554021
30948,99951.6520554021
30949,99951.6520554021
30950,99951.6520554021
30951,99951.6520554021
30952,99951.6520554021
30953,99951.6520554021
30954,99951.6520554021
30955,99951.6520554021
30956,99951.6520554021
30957,99951.6520554021
30958,99951.6520554021
30959,99951.6520554021
30960,99951.6520554021
30961,99951.6520554021
30962,99951.6520554021
30963,99951.6520554021
30964,99951.6520554021
30965,99951.6520554021
30966,99951.6520554021
30967,99951.6520554021
30968,99951.6520554021
30969,99951.6520554021
30970,99951.6520554021
30971,99951.6520554021
30972,99951.6520554021
30973,99951.6520554021
30974,99951.6520554021
30975,99951.6520554021
30976,99951.6520554021
30977,99951.6520554021
30978,99951.6520554021
30979,99951.6520554021
30980,99951.6520554021
30981,99951.6520554021
30982,99951.6520554021
30983,99951.6520554021
30984,99951.6520554021
30985,99951.6520554021
30986,99951.6520554021
30987,99951.6520554021
30988,99951.6520554021
30989,99951.6520554021
30990,99951.6520554021
30991,99951.6520554021
30992,99951.6520554021
30993,99951.6520554021
30994,99951.6520554021
30995,99951.6520554021
30996,99951.6520554021
30997,99951.6520554021
30998,99951.6520554021
30999,99951.6520554021
31000,99951.6520554021
31001,99951.6520554021
31002,99951.6520554021
31003,99951.6520554021
31004,99951.6520554021
31005,99951.6520554021
31006,99951.6520554021
31007,99951.6520554021
31008,99951.6520554021
31009,99951.6520554021
31010,99951.6520554021
31011,99951.6520554021
31012,99951.6520554021
31013,99951.6520554021
31014,99951.6520554021
31015,99951.6520554021
31016,99951.6520554021
31017,99951.6520554021
31018,99951.6520554021
31019,99951.6520554021
31020,99951.6520554021
31021,99951.6520554021
31022,99951.6520554021
31023,99951.6520554021
31024,99951.6520554021
31025,99951.6520554021
31026,99951.6520554021
31027,99951.6520554021
31028,99951.6520554021
31029,99951.6520554021
31030,99951.6520554021
31031,99951.6520554021
31032,99951.6520554021
31033,99951.6520554021
31034,99951.6520554021
31035,99951.6520554021
31036,99951.6520554021
31037,99951.6520554021
31038,99951.6520554021
31039,99951.6520554021
31040,99951.6520554021
31041,99951.6520554021
31042,99951.6520554021
31043,99951.6520554021
31044,99951.6520554021
31045,99951.6520554021
31046,99951.6520554021
31047,99951.6520554021
31048,99951.6520554021
31049,99951.6520554021
31050,99951.6520554021
31051,99951.6520554021
31052,99951.6520554021
31053,99951.6520554021
31054,99951.6520554021
31055,99951.6520554021
31056,99951.6520554021
31057,99951.6520554021
31058,99951.6520554021
31059,99951.6520554021
31060,99951.6520554021
31061,99951.6520554021
31062,99951.6520554021
31063,99951.6520554021
31064,99951.6520554021
31065,99951.6520554021
31066,99951.6520554021
31067,99951.6520554021
31068,99951.6520554021
31069,99951.6520554021
31070,99951.6520554021
31071,99951.6520554021
31072,99951.6520554021
31073,99951.6520554021
31074,99951.6520554021
31075,99951.6520554021
31076,99951.6520554021
31077,99951.6520554021
31078,99951.6520554021
31079,99951.6520554021
31080,99951.6520554021
31081,99951.6520554021
31082,99951.6520554021
31083,99951.6520554021
31084,99951.6520554021
31085,99951.6520554021
31086,99951.6520554021
31087,99951.6520554021
31088,99951.6520554021
31089,99951.6520554021
31090,99951.6520554021
31091,99951.6520554021
31092,99951.6520554021
31093,99951.6520554021
31094,99951.6520554021
31095,99951.6520554021
31096,99951.6520554021
31097,99951.6520554021
31098,99951.6520554021
31099,99951.6520554021
31100,99951.6520554021
31101,99951.6520554021
31102,99951.6520554021
31103,99951.6520554021
31104,99951.6520554021
31105,99951.6520554021
31106,99951.6520554021
31107,99951.6520554021
31108,99951.6520554021
31109,99951.6520554021
31110,99951.6520554021
31111,99951.6520554021
31112,99951.6520554021
31113,99951.6520554021
31114,99951.6520554021
31115,99951.6520554021
31116,99951.6520554021
31117,99951.6520554021
31118,99951.6520554021
31119,99951.6520554021
31120,99951.6520554021
31121,99951.6520554021
31122,99951.6520554021
31123,99951.6520554021
31124,99951.6520554021
31125,99951.6520554021
31126,99951.6520554021
31127,99951.6520554021
31128,99951.6520554021
31129,99951.6520554021
31130,99951.6520554021
31131,99951.6520554021
31132,99951.6520554021
31133,99951.6520554021
31134,99951.6520554021
31135,99951.6520554021
31136,99951.6520554021
31137,99951.6520554021
31138,99951.6520554021
31139,99951.6520554021
31140,99951.6520554021
31141,99951.6520554021
31142,99951.6520554021
31143,99951.6520554021
31144,99951.6520554021
31145,99951.6520554021
31146,99951.6520554021
31147,99951.6520554021
31148,99951.6520554021
31149,99951.6520554021
31150,99951.6520554021
31151,99951.6520554021
31152,99951.6520554021
31153,99951.6520554021
31154,99951.6520554021
31155,99951.6520554021
31156,99951.6520554021
31157,99951.6520554021
31158,99951.6520554021
31159,99951.6520554021
31160,99951.6520554021
31161,99951.6520554021
31162,99951.6520554021
31163,99951.6520554021
31164,99951.6520554021
31165,99951.6520554021
31166,99951.6520554021
31167,99951.6520554021
31168,99951.6520554021
31169,99951.6520554021
31170,99951.6520554021
31171,99951.6520554021
31172,99951.6520554021
31173,99951.6520554021
31174,99951.6520554021
31175,99951.6520554021
31176,99951.6520554021
31177,99951.6520554021
31178,99951.6520554021
31179,99951.6520554021
31180,99951.6520554021
31181,99951.6520554021
31182,99951.6520554021
31183,99951.6520554021
31184,99951.6520554021
31185,99951.6520554021
31186,99951.6520554021
31187,99951.6520554021
31188,99951.6520554021
31189,99951.6520554021
31190,99951.6520554021
31191,99951.6520554021
31192,99951.6520554021
31193,99951.6520554021
31194,99951.6520554021
31195,99951.6520554021
31196,99951.6520554021
31197,99951.6520554021
31198,99951.6520554021
31199,99951.6520554021
31200,99951.6520554021
31201,99951.6520554021
31202,99951.6520554021
31203,99951.6520554021
31204,99951.6520554021
31205,99951.6520554021
31206,99951.6520554021
31207,99951.6520554021
31208,99951.6520554021
31209,99951.6520554021
31210,99951.6520554021
31211,99951.6520554021
31212,99951.6520554021
31213,99951.6520554021
31214,99951.6520554021
31215,99951.6520554021
31216,99951.6520554021
31217,99951.6520554021
31218,99951.6520554021
31219,99951.6520554021
31220,99951.6520554021
31221,99951.6520554021
31222,99951.6520554021
31223,99951.6520554021
31224,99951.6520554021
31225,99951.6520554021
31226,99951.6520554021
31227,99951.6520554021
31228,99951.6520554021
31229,99951.6520554021
31230,99951.6520554021
31231,99951.6520554021
31232,99951.6520554021
31233,99951.6520554021
31234,99951.6520554021
31235,99951.6520554021
31236,99951.6520554021
31237,99951.6520554021
31238,99951.6520554021
31239,99951.6520554021
31240,99951.6520554021
31241,99951.6520554021
31242,99951.6520554021
31243,99951.6520554021
31244,99951.6520554021
31245,99951.6520554021
31246,99951.6520554021
31247,99951.6520554021
31248,99951.6520554021
31249,99951.6520554021
31250,99951.6520554021
31251,99951.6520554021
31252,99951.6520554021
31253,99951.6520554021
31254,99951.6520554021
31255,99951.6520554021
31256,99951.6520554021
31257,99951.6520554021
31258,99951.6520554021
31259,99951.6520554021
31260,99951.6520554021
31261,99951.6520554021
31262,99951.6520554021
31263,99951.6520554021
31264,99951.6520554021
31265,99951.6520554021
31266,99951.6520554021
31267,99951.6520554021
31268,99951.6520554021
31269,99951.6520554021
31270,99951.6520554021
31271,99951.6520554021
31272,99951.6520554021
31273,99951.6520554021
31274,99951.6520554021
31275,99951.6520554021
31276,99951.6520554021
31277,99951.6520554021
31278,99951.6520554021
31279,99951.6520554021
31280,99951.6520554021
31281,99951.6520554021
31282,99951.6520554021
31283,99951.6520554021
31284,99951.6520554021
31285,99951.6520554021
31286,99951.6520554021
31287,99951.6520554021
31288,99951.6520554021
31289,99951.6520554021
31290,99951.6520554021
31291,99951.6520554021
31292,99951.6520554021
31293,99951.6520554021
31294,99951.6520554021
31295,99951.6520554021
31296,99951.6520554021
31297,99951.56985155963
31298,99950.76941884101
31299,99950.76941884101
31300,99950.76941884101
31301,99950.76941884101
31302,99950.76941884101
31303,99950.76941884101
31304,99950.76941884101
31305,99950.76941884101
31306,99950.76941884101
31307,99950.76941884101
31308,99950.76941884101
31309,99950.76941884101
31310,99950.76941884101
31311,99950.76941884101
31312,99950.76941884101
31313,99950.76941884101
31314,99950.76941884101
31315,99950.76941884101
31316,99950.76941884101
31317,99950.76941884101
31318,99950.76941884101
31319,99950.76941884101
31320,99950.76941884101
31321,99950.76941884101
31322,99950.76941884101
31323,99950.76941884101
31324,99950.76941884101
31325,99950.76941884101
31326,99950.76941884101
31327,99950.76941884101
31328,99950.76941884101
31329,99950.76941884101
31330,99950.76941884101
31331,99950.76941884101
31332,99950.76941884101
31333,99950.76941884101
31334,99950.76941884101
31335,99950.76941884101
31336,99950.76941884101
31337,99950.76941884101
31338,99950.76941884101
31339,99950.76941884101
31340,99950.76941884101
31341,99950.76941884101
31342,99950.76941884101
31343,99950.76941884101
31344,99950.76941884101
31345,99950.76941884101
31346,99950.76941884101
31347,99950.76941884101
31348,99950.76941884101
31349,99950.76941884101
31350,99950.76941884101
31351,99950.76941884101
31352,99950.76941884101
31353,99950.76941884101
31354,99950.76941884101
31355,99950.76941884101
31356,99950.76941884101
31357,99950.76941884101
31358,99950.76941884101
31359,99950.76941884101
31360,99950.76941884101
31361,99950.76941884101
31362,99950.76941884101
31363,99950.76941884101
31364,99950.76941884101
31365,99950.76941884101
31366,99950.76941884101
31367,99950.76941884101
31368,99950.76941884101
31369,99950.76941884101
31370,99950.76941884101
31371,99950.76941884101
31372,99950.76941884101
31373,99950.76941884101
31374,99950.76941884101
31375,99950.76941884101
31376,99950.76941884101
31377,99950.76941884101
31378,99950.76941884101
31379,99950.76941884101
31380,99950.76941884101
31381,99950.76941884101
31382,99950.76941884101
31383,99950.76941884101
31384,99950.76941884101
31385,99950.76941884101
31386,99950.76941884101
31387,99950.76941884101
31388,99950.68982119075
31389,99950.68982119075
31390,99949.8848635676
31391,99949.8848635676
31392,99949.8848635676
31393,99949.8848635676
31394,99949.8848635676
31395,99949.8848635676
31396,99949.8848635676
31397,99949.8848635676
31398,99949.83225974935
31399,99949.78318173396
31400,99951.08144251723
31401,99951.08144251723
31402,99951.08144251723
31403,99951.08144251723
31404,99951.08144251723
31405,99951.08144251723
31406,99951.08144251723
31407,99951.08144251723
31408,99951.08144251723
31409,99951.08144251723
31410,99951.08144251723
31411,99951.08144251723
31412,99951.08144251723
31413,99951.08144251723
31414,99951.08144251723
31415,99951.08144251723
31416,99951.08144251723
31417,99951.08144251723
31418,99951.08144251723
31419,99951.08144251723
31420,99951.08144251723
31421,99951.08144251723
31422,99951.08144251723
31423,99951.08144251723
31424,99951.08144251723
31425,99951.08144251723
31426,99951.08144251723
31427,99951.08144251723
31428,99951.08144251723
31429,99951.08144251723
31430,99951.08144251723
31431,99951.08144251723
31432,99951.08144251723
31433,99951.08144251723
31434,99951.08144251723
31435,99951.08144251723
31436,99951.08144251723
31437,99951.08144251723
31438,99951.08144251723
31439,99951.08144251723
31440,99951.08144251723
31441,99951.08144251723
31442,99951.08144251723
31443,99951.08144251723
31444,99951.08144251723
31445,99951.08144251723
31446,99951.08144251723
31447,99951.08144251723
31448,99951.08144251723
31449,99951.08144251723
31450,99951.08144251723
31451,99951.08144251723
31452,99951.08144251723
31453,99951.08144251723
31454,99951.08144251723
31455,99951.08144251723
31456,99951.08144251723
31457,99951.08144251723
31458,99951.08144251723
31459,99951.08144251723
31460,99951.08144251723
31461,99951.08144251723
31462,99951.08144251723
31463,99951.08144251723
31464,99951.08144251723
31465,99951.08144251723
31466,99951.08144251723
31467,99951.08144251723
31468,99951.08144251723
31469,99951.08144251723
31470,99951.08144251723
31471,99951.08144251723
31472,99951.08144251723
31473,99951.08144251723
31474,99951.08144251723
31475,99951.08144251723
31476,99951.08144251723
31477,99951.08144251723
31478,99951.08144251723
31479,99951.08144251723
31480,99951.08144251723
31481,99951.08144251723
31482,99951.08144251723
31483,99951.08144251723
31484,99951.08144251723
31485,99951.08144251723
31486,99951.08144251723
31487,99951.08144251723
31488,99951.08144251723
31489,99951.08144251723
31490,99951.08144251723
31491,99951.08144251723
31492,99951.08144251723
31493,99951.08144251723
31494,99951.08144251723
31495,99951.08144251723
31496,99951.08144251723
31497,99951.08144251723
31498,99951.08144251723
31499,99951.08144251723
31500,99951.08144251723
31501,99951.08144251723
31502,99951.08144251723
31503,99951.08144251723
31504,99951.08144251723
31505,99951.08144251723
31506,99951.08144251723
31507,99951.08144251723
31508,99951.08144251723
31509,99951.08144251723
31510,99951.08144251723
31511,99951.08144251723
31512,99951.08144251723
31513,99951.08144251723
31514,99951.08144251723
31515,99951.08144251723
31516,99951.08144251723
31517,99951.08144251723
31518,99951.08144251723
31519,99951.08144251723
31520,99951.08144251723
31521,99951.08144251723
31522,99951.08144251723
31523,99951.08144251723
31524,99951.08144251723
31525,99951.08144251723
31526,99951.08144251723
31527,99951.08144251723
31528,99951.08144251723
31529,99951.08144251723
31530,99951.08144251723
31531,99951.08144251723
31532,99951.08144251723
31533,99951.08144251723
31534,99951.08144251723
31535,99951.08144251723
31536,99951.08144251723
31537,99951.08144251723
31538,99951.08144251723
31539,99951.08144251723
31540,99951.08144251723
31541,99951.08144251723
31542,99951.08144251723
31543,99951.08144251723
31544,99951.08144251723
31545,99951.08144251723
31546,99951.08144251723
31547,99951.08144251723
31548,99951.08144251723
31549,99951.08144251723
31550,99951.08144251723
31551,99951.08144251723
31552,99951.08144251723
31553,99951.08144251723
31554,99951.08144251723
31555,99951.08144251723
31556,99951.08144251723
31557,99951.08144251723
31558,99951.08144251723
31559,99951.08144251723
31560,99951.08144251723
31561,99951.08144251723
31562,99951.08144251723
31563,99951.08144251723
31564,99951.08144251723
31565,99951.08144251723
31566,99951.08144251723
31567,99951.08144251723
31568,99951.08144251723
31569,99951.08144251723
31570,99951.08144251723
31571,99951.08144251723
31572,99951.08144251723
31573,99951.08144251723
31574,99951.08144251723
31575,99951.08144251723
31576,99951.08144251723
31577,99951.08144251723
31578,99951.08144251723
31579,99951.08144251723
31580,99951.08144251723
31581,99951.08144251723
31582,99951.08144251723
31583,99951.08144251723
31584,99951.08144251723
31585,99951.08144251723
31586,99951.08144251723
31587,99951.08144251723
31588,99951.08144251723
31589,99951.08144251723
31590,99951.08144251723
31591,99951.08144251723
31592,99951.08144251723
31593,99951.08144251723
31594,99951.08144251723
31595,99951.08144251723
31596,99951.08144251723
31597,99951.08144251723
31598,99951.08144251723
31599,99951.08144251723
31600,99951.08144251723
31601,99951.08144251723
31602,99951.08144251723
31603,99951.08144251723
31604,99951.08144251723
31605,99951.08144251723
31606,99951.08144251723
31607,99951.08144251723
31608,99951.08144251723
31609,99951.08144251723
31610,99951.08144251723
31611,99951.08144251723
31612,99951.08144251723
31613,99951.08144251723
31614,99951.08144251723
31615,99951.08144251723
31616,99951.08144251723
31617,99951.08144251723
31618,99951.08144251723
31619,99951.08144251723
31620,99951.08144251723
31621,99951.08144251723
31622,99951.08144251723
31623,99951.08144251723
31624,99951.08144251723
31625,99951.08144251723
31626,99951.08144251723
31627,99951.08144251723
31628,99951.08144251723
31629,99951.08144251723
31630,99951.08144251723
31631,99951.08144251723
31632,99951.08144251723
31633,99951.08144251723
31634,99951.08144251723
31635,99951.08144251723
31636,99951.08144251723
31637,99951.08144251723
31638,99951.08144251723
31639,99951.08144251723
31640,99951.08144251723
31641,99951.08144251723
31642,99951.08144251723
31643,99951.08144251723
31644,99951.08144251723
31645,99951.08144251723
31646,99951.08144251723
31647,99951.08144251723
31648,99951.08144251723
31649,99951.08144251723
31650,99951.08144251723
31651,99951.08144251723
31652,99951.08144251723
31653,99951.08144251723
31654,99951.08144251723
31655,99951.08144251723
31656,99951.08144251723
31657,99951.08144251723
31658,99951.08144251723
31659,99951.08144251723
31660,99951.08144251723
31661,99951.08144251723
31662,99951.08144251723
31663,99951.08144251723
31664,99951.08144251723
31665,99951.08144251723
31666,99951.08144251723
31667,99951.08144251723
31668,99951.08144251723
31669,99951.08144251723
31670,99951.08144251723
31671,99951.08144251723
31672,99951.08144251723
31673,99951.08144251723
31674,99951.08144251723
31675,99951.08144251723
31676,99951.08144251723
31677,99951.08144251723
31678,99951.08144251723
31679,99951.08144251723
31680,99951.08144251723
31681,99951.08144251723
31682,99951.01905108063
31683,99950.96019404432
31684,99950.96019404432
31685,99950.96019404432
31686,99950.96019404432
31687,99950.96019404432
31688,99949.43102969382
31689,99949.43102969382
31690,99949.43102969382
31691,99949.43102969382
31692,99949.43102969382
31693,99949.43102969382
31694,99949.43102969382
31695,99949.43102969382
31696,99949.43102969382
31697,99949.43102969382
31698,99949.43102969382
31699,99949.43102969382
31700,99949.43102969382
31701,99949.43102969382
31702,99949.43102969382
31703,99949.43102969382
31704,99949.43102969382
31705,99949.43102969382
31706,99949.43102969382
31707,99949.43102969382
31708,99949.43102969382
31709,99949.43102969382
31710,99949.43102969382
31711,99949.43102969382
31712,99949.43102969382
31713,99949.43102969382
31714,99949.43102969382
31715,99949.43102969382
31716,99949.43102969382
31717,99949.43102969382
31718,99949.43102969382
31719,99949.43102969382
31720,99949.43102969382
31721,99949.43102969382
31722,99949.43102969382
31723,99949.43102969382
31724,99949.43102969382
31725,99949.43102969382
31726,99949.43102969382
31727,99949.43102969382
31728,99949.43102969382
31729,99949.43102969382
31730,99949.43102969382
31731,99949.43102969382
31732,99949.43102969382
31733,99949.43102969382
31734,99949.43102969382
31735,99949.43102969382
31736,99949.43102969382
31737,99949.43102969382
31738,99949.43102969382
31739,99949.43102969382
31740,99949.43102969382
31741,99949.43102969382
31742,99949.43102969382
31743,99949.43102969382
31744,99949.43102969382
31745,99949.43102969382
31746,99949.43102969382
31747,99949.43102969382
31748,99949.43102969382
31749,99949.43102969382
31750,99949.43102969382
31751,99949.43102969382
31752,99949.43102969382
31753,99949.43102969382
31754,99949.43102969382
31755,99949.43102969382
31756,99949.43102969382
31757,99949.43102969382
31758,99949.43102969382
31759,99949.43102969382
31760,99949.43102969382
31761,99949.43102969382
31762,99949.43102969382
31763,99949.43102969382
31764,99949.43102969382
31765,99949.43102969382
31766,99949.43102969382
31767,99949.43102969382
31768,99949.43102969382
31769,99949.43102969382
31770,99949.43102969382
31771,99949.43102969382
31772,99949.43102969382
31773,99949.43102969382
31774,99949.43102969382
31775,99949.43102969382
31776,99949.43102969382
31777,99949.43102969382
31778,99949.43102969382
31779,99949.43102969382
31780,99949.43102969382
31781,99949.43102969382
31782,99949.43102969382
31783,99949.43102969382
31784,99949.43102969382
31785,99949.43102969382
31786,99949.43102969382
31787,99949.43102969382
31788,99949.43102969382
31789,99949.43102969382
31790,99949.43102969382
31791,99949.43102969382
31792,99949.43102969382
31793,99949.43102969382
31794,99949.43102969382
31795,99949.43102969382
31796,99949.43102969382
31797,99949.43102969382
31798,99949.43102969382
31799,99949.43102969382
31800,99949.43102969382
31801,99949.43102969382
31802,99949.43102969382
31803,99949.43102969382
31804,99949.43102969382
31805,99949.43102969382
31806,99949.43102969382
31807,99949.43102969382
31808,99949.43102969382
31809,99949.43102969382
31810,99949.43102969382
31811,99949.43102969382
31812,99949.43102969382
31813,99949.43102969382
31814,99949.43102969382
31815,99949.43102969382
31816,99949.43102969382
31817,99949.43102969382
31818,99949.43102969382
31819,99949.43102969382
31820,99949.43102969382
31821,99949.43102969382
31822,99949.43102969382
31823,99949.43102969382
31824,99949.43102969382
31825,99949.43102969382
31826,99949.43102969382
31827,99949.43102969382
31828,99949.43102969382
31829,99949.43102969382
31830,99949.43102969382
31831,99949.43102969382
31832,99949.43102969382
31833,99949.43102969382
31834,99949.43102969382
31835,99949.43102969382
31836,99949.43102969382
31837,99949.43102969382
31838,99949.43102969382
31839,99949.43102969382
31840,99949.43102969382
31841,99949.43102969382
31842,99949.43102969382
31843,99949.43102969382
31844,99949.43102969382
31845,99949.43102969382
31846,99949.43102969382
31847,99949.43102969382
31848,99949.43102969382
31849,99949.43102969382
31850,99949.43102969382
31851,99949.43102969382
31852,99949.43102969382
31853,99949.43102969382
31854,99949.43102969382
31855,99949.43102969382
31856,99949.43102969382
31857,99949.43102969382
31858,99949.43102969382
31859,99949.43102969382
31860,99949.43102969382
31861,99949.43102969382
31862,99949.43102969382
31863,99949.43102969382
31864,99949.43102969382
31865,99949.43102969382
31866,99949.43102969382
31867,99949.43102969382
31868,99949.43102969382
31869,99949.43102969382
31870,99949.43102969382
31871,99949.43102969382
31872,99949.43102969382
31873,99949.43102969382
31874,99949.43102969382
31875,99949.43102969382
31876,99949.43102969382
31877,99949.43102969382
31878,99949.43102969382
31879,99949.43102969382
31880,99949.43102969382
31881,99949.43102969382
31882,99949.43102969382
31883,99949.43102969382
31884,99949.43102969382
31885,99949.43102969382
31886,99949.43102969382
31887,99949.43102969382
31888,99949.43102969382
31889,99949.43102969382
31890,99949.43102969382
31891,99949.43102969382
31892,99949.43102969382
31893,99949.43102969382
31894,99949.43102969382
31895,99949.43102969382
31896,99949.43102969382
31897,99949.43102969382
31898,99949.43102969382
31899,99949.43102969382
31900,99949.43102969382
31901,99949.43102969382
31902,99949.43102969382
31903,99949.43102969382
31904,99949.43102969382
31905,99949.43102969382
31906,99949.43102969382
31907,99949.43102969382
31908,99949.43102969382
31909,99949.43102969382
31910,99949.43102969382
31911,99949.43102969382
31912,99949.43102969382
31913,99949.43102969382
31914,99949.43102969382
31915,99949.43102969382
31916,99949.43102969382
31917,99949.43102969382
31918,99949.43102969382
31919,99949.43102969382
31920,99949.43102969382
31921,99949.43102969382
31922,99949.43102969382
31923,99949.43102969382
31924,99949.43102969382
31925,99949.43102969382
31926,99949.43102969382
31927,99949.43102969382
31928,99949.43102969382
31929,99949.43102969382
31930,99949.43102969382
31931,99949.43102969382
31932,99949.43102969382
31933,99949.43102969382
31934,99949.43102969382
31935,99949.43102969382
31936,99949.43102969382
31937,99949.43102969382
31938,99949.43102969382
31939,99949.43102969382
31940,99949.43102969382
31941,99949.43102969382
31942,99949.43102969382
31943,99949.43102969382
31944,99949.43102969382
31945,99949.43102969382
31946,99949.43102969382
31947,99949.43102969382
31948,99949.43102969382
31949,99949.43102969382
31950,99949.43102969382
31951,99949.43102969382
31952,99949.43102969382
31953,99949.43102969382
31954,99949.43102969382
31955,99949.43102969382
31956,99949.43102969382
31957,99949.43102969382
31958,99949.43102969382
31959,99949.43102969382
31960,99949.43102969382
31961,99949.43102969382
31962,99949.43102969382
31963,99949.43102969382
31964,99949.43102969382
31965,99949.43102969382
31966,99949.43102969382
31967,99949.43102969382
31968,99949.43102969382
31969,99949.43102969382
31970,99949.43102969382
31971,99949.43102969382
31972,99949.43102969382
31973,99949.43102969382
31974,99949.43102969382
31975,99949.43102969382
31976,99949.43102969382
31977,99949.43102969382
31978,99949.43102969382
31979,99949.43102969382
31980,99949.43102969382
31981,99949.43102969382
31982,99949.43102969382
31983,99949.43102969382
31984,99949.43102969382
31985,99949.43102969382
31986,99949.43102969382
31987,99949.43102969382
31988,99949.43102969382
31989,99949.43102969382
31990,99949.43102969382
31991,99949.43102969382
31992,99949.43102969382
31993,99949.43102969382
31994,99949.43102969382
31995,99949.43102969382
31996,99949.43102969382
31997,99949.43102969382
31998,99949.43102969382
31999,99949.43102969382
32000,99949.43102969382
32001,99949.43102969382
32002,99949.43102969382
32003,99949.43102969382
32004,99949.43102969382
32005,99949.43102969382
32006,99949.43102969382
32007,99949.43102969382
32008,99949.43102969382
32009,99949.43102969382
32010,99949.43102969382
32011,99949.43102969382
32012,99949.43102969382
32013,99949.43102969382
32014,99949.43102969382
32015,99949.43102969382
32016,99949.43102969382
32017,99949.43102969382
32018,99949.43102969382
32019,99949.43102969382
32020,99949.43102969382
32021,99949.43102969382
32022,99949.43102969382
32023,99949.43102969382
32024,99949.43102969382
32025,99949.43102969382
32026,99949.43102969382
32027,99949.43102969382
32028,99949.43102969382
32029,99949.43102969382
32030,99949.43102969382
32031,99949.43102969382
32032,99949.43102969382
32033,99949.43102969382
32034,99949.43102969382
32035,99949.43102969382
32036,99949.43102969382
32037,99949.43102969382
32038,99949.43102969382
32039,99949.43102969382
32040,99949.43102969382
32041,99949.43102969382
32042,99949.43102969382
32043,99949.43102969382
32044,99949.43102969382
32045,99949.43102969382
32046,99949.43102969382
32047,99949.43102969382
32048,99949.43102969382
32049,99949.43102969382
32050,99949.43102969382
32051,99949.43102969382
32052,99949.43102969382
32053,99949.43102969382
32054,99949.43102969382
32055,99949.43102969382
32056,99949.43102969382
32057,99949.43102969382
32058,99949.43102969382
32059,99949.43102969382
32060,99949.43102969382
32061,99949.43102969382
32062,99949.43102969382
32063,99949.43102969382
32064,99949.43102969382
32065,99949.43102969382
32066,99949.43102969382
32067,99949.43102969382
32068,99949.43102969382
32069,99949.43102969382
32070,99949.43102969382
32071,99949.43102969382
32072,99949.43102969382
32073,99949.43102969382
32074,99949.43102969382
32075,99949.43102969382
32076,99949.43102969382
32077,99949.43102969382
32078,99949.43102969382
32079,99949.43102969382
32080,99949.43102969382
32081,99949.43102969382
32082,99949.43102969382
32083,99949.43102969382
32084,99949.43102969382
32085,99949.43102969382
32086,99949.43102969382
32087,99949.43102969382
32088,99949.43102969382
32089,99949.43102969382
32090,99949.43102969382
32091,99949.43102969382
32092,99949.43102969382
32093,99949.43102969382
32094,99949.43102969382
32095,99949.43102969382
32096,99949.43102969382
32097,99949.43102969382
32098,99949.43102969382
32099,99949.43102969382
32100,99949.43102969382
32101,99949.43102969382
32102,99949.43102969382
32103,99949.43102969382
32104,99949.43102969382
32105,99949.43102969382
32106,99949.43102969382
32107,99949.43102969382
32108,99949.43102969382
32109,99949.43102969382
32110,99949.43102969382
32111,99949.43102969382
32112,99949.43102969382
32113,99949.43102969382
32114,99949.43102969382
32115,99949.43102969382
32116,99949.43102969382
32117,99949.43102969382
32118,99949.43102969382
32119,99949.43102969382
32120,99949.43102969382
32121,99949.43102969382
32122,99949.43102969382
32123,99949.43102969382
32124,99949.43102969382
32125,99949.43102969382
32126,99949.43102969382
32127,99949.43102969382
32128,99949.43102969382
32129,99949.43102969382
32130,99949.43102969382
32131,99949.43102969382
32132,99949.43102969382
32133,99949.43102969382
32134,99949.43102969382
32135,99949.43102969382
32136,99949.43102969382
32137,99949.43102969382
32138,99949.43102969382
32139,99949.43102969382
32140,99949.43102969382
32141,99949.43102969382
32142,99949.43102969382
32143,99949.43102969382
32144,99949.43102969382
32145,99949.43102969382
32146,99949.43102969382
32147,99949.43102969382
32148,99949.43102969382
32149,99949.43102969382
32150,99949.43102969382
32151,99949.43102969382
32152,99949.43102969382
32153,99949.43102969382
32154,99949.43102969382
32155,99949.43102969382
32156,99949.43102969382
32157,99949.43102969382
32158,99949.43102969382
32159,99949.43102969382
32160,99949.43102969382
32161,99949.43102969382
32162,99949.43102969382
32163,99949.43102969382
32164,99949.43102969382
32165,99949.43102969382
32166,99949.43102969382
32167,99949.43102969382
32168,99949.43102969382
32169,99949.43102969382
32170,99949.43102969382
32171,99949.43102969382
32172,99949.43102969382
32173,99949.43102969382
32174,99949.43102969382
32175,99949.43102969382
32176,99949.43102969382
32177,99949.43102969382
32178,99949.43102969382
32179,99949.43102969382
32180,99949.43102969382
32181,99949.43102969382
32182,99949.43102969382
32183,99949.43102969382
32184,99949.43102969382
32185,99949.43102969382
32186,99949.43102969382
32187,99949.43102969382
32188,99949.43102969382
32189,99949.43102969382
32190,99949.43102969382
32191,99949.43102969382
32192,99949.43102969382
32193,99949.43102969382
32194,99949.43102969382
32195,99949.43102969382
32196,99949.43102969382
32197,99949.43102969382
32198,99949.43102969382
32199,99949.43102969382
32200,99949.43102969382
32201,99949.43102969382
32202,99949.43102969382
32203,99949.43102969382
32204,99949.43102969382
32205,99949.43102969382
32206,99949.43102969382
32207,99949.43102969382
32208,99949.43102969382
32209,99949.43102969382
32210,99949.43102969382
32211,99949.43102969382
32212,99949.43102969382
32213,99949.43102969382
32214,99949.43102969382
32215,99949.43102969382
32216,99949.43102969382
32217,99949.43102969382
32218,99949.43102969382
32219,99949.43102969382
32220,99949.43102969382
32221,99949.43102969382
32222,99949.43102969382
32223,99949.43102969382
32224,99949.43102969382
32225,99949.43102969382
32226,99949.43102969382
32227,99949.43102969382
32228,99949.43102969382
32229,99949.43102969382
32230,99949.43102969382
32231,99949.43102969382
32232,99949.43102969382
32233,99949.43102969382
32234,99949.43102969382
32235,99949.43102969382
32236,99949.43102969382
32237,99949.43102969382
32238,99949.43102969382
32239,99949.43102969382
32240,99949.43102969382
32241,99949.43102969382
32242,99949.43102969382
32243,99949.43102969382
32244,99949.43102969382
32245,99949.43102969382
32246,99949.43102969382
32247,99949.43102969382
32248,99949.43102969382
32249,99949.43102969382
32250,99949.43102969382
32251,99949.43102969382
32252,99949.43102969382
32253,99949.43102969382
32254,99949.43102969382
32255,99949.43102969382
32256,99949.43102969382
32257,99949.43102969382
32258,99949.43102969382
32259,99949.43102969382
32260,99949.43102969382
32261,99949.43102969382
32262,99949.43102969382
32263,99949.43102969382
32264,99949.43102969382
32265,99949.43102969382
32266,99949.43102969382
32267,99949.43102969382
32268,99949.43102969382
32269,99949.43102969382
32270,99949.43102969382
32271,99949.43102969382
32272,99949.43102969382
32273,99949.43102969382
32274,99949.43102969382
32275,99949.43102969382
32276,99949.43102969382
32277,99949.43102969382
32278,99949.43102969382
32279,99949.43102969382
32280,99949.43102969382
32281,99949.43102969382
32282,99949.43102969382
32283,99949.43102969382
32284,99949.43102969382
32285,99949.43102969382
32286,99949.43102969382
32287,99949.43102969382
32288,99949.43102969382
32289,99949.43102969382
32290,99949.43102969382
32291,99949.43102969382
32292,99949.43102969382
32293,99949.43102969382
32294,99949.43102969382
32295,99949.43102969382
32296,99949.43102969382
32297,99949.43102969382
32298,99949.43102969382
32299,99949.43102969382
32300,99949.43102969382
32301,99949.43102969382
32302,99949.43102969382
32303,99949.43102969382
32304,99949.43102969382
32305,99949.43102969382
32306,99949.43102969382
32307,99949.43102969382
32308,99949.43102969382
32309,99949.43102969382
32310,99949.43102969382
32311,99949.43102969382
32312,99949.43102969382
32313,99949.43102969382
32314,99949.43102969382
32315,99949.43102969382
32316,99949.43102969382
32317,99949.43102969382
32318,99949.43102969382
32319,99949.43102969382
32320,99949.43102969382
32321,99949.43102969382
32322,99949.43102969382
32323,99949.43102969382
32324,99949.43102969382
32325,99949.43102969382
32326,99949.43102969382
32327,99949.43102969382
32328,99949.43102969382
32329,99949.43102969382
32330,99949.43102969382
32331,99949.43102969382
32332,99949.43102969382
32333,99949.43102969382
32334,99949.43102969382
32335,99949.43102969382
32336,99949.43102969382
32337,99949.43102969382
32338,99949.43102969382
32339,99949.43102969382
32340,99949.43102969382
32341,99949.43102969382
32342,99949.43102969382
32343,99949.43102969382
32344,99949.43102969382
32345,99949.43102969382
32346,99949.43102969382
32347,99949.43102969382
32348,99949.43102969382
32349,99949.43102969382
32350,99949.43102969382
32351,99949.43102969382
32352,99949.43102969382
32353,99949.43102969382
32354,99949.43102969382
32355,99949.43102969382
32356,99949.43102969382
32357,99949.43102969382
32358,99949.43102969382
32359,99949.43102969382
32360,99949.43102969382
32361,99949.43102969382
32362,99949.43102969382
32363,99949.43102969382
32364,99949.43102969382
32365,99949.43102969382
32366,99949.43102969382
32367,99949.43102969382
32368,99949.43102969382
32369,99949.43102969382
32370,99949.43102969382
32371,99949.43102969382
32372,99949.43102969382
32373,99949.43102969382
32374,99949.43102969382
32375,99949.43102969382
32376,99949.43102969382
32377,99949.43102969382
32378,99949.43102969382
32379,99949.43102969382
32380,99949.43102969382
32381,99949.43102969382
32382,99949.43102969382
32383,99949.43102969382
32384,99949.43102969382
32385,99949.43102969382
32386,99949.43102969382
32387,99949.43102969382
32388,99949.43102969382
32389,99949.43102969382
32390,99949.43102969382
32391,99949.43102969382
32392,99949.43102969382
32393,99949.43102969382
32394,99949.43102969382
32395,99949.43102969382
32396,99949.43102969382
32397,99949.43102969382
32398,99949.43102969382
32399,99949.43102969382
32400,99949.43102969382
32401,99949.43102969382
32402,99949.43102969382
32403,99949.43102969382
32404,99949.43102969382
32405,99949.43102969382
32406,99949.43102969382
32407,99949.43102969382
32408,99949.39518143341
32409,99949.65373503172
32410,99949.65373503172
32411,99949.65373503172
32412,99949.65373503172
32413,99949.65373503172
32414,99949.65373503172
32415,99949.65373503172
32416,99949.65373503172
32417,99949.65373503172
32418,99949.65373503172
32419,99949.65373503172
32420,99949.65373503172
32421,99949.65373503172
32422,99949.65373503172
32423,99949.65373503172
32424,99949.65373503172
32425,99949.65373503172
32426,99949.65373503172
32427,99949.65373503172
32428,99949.65373503172
32429,99949.65373503172
32430,99949.65373503172
32431,99949.65373503172
32432,99949.65373503172
32433,99949.65373503172
32434,99949.65373503172
32435,99949.65373503172
32436,99949.65373503172
32437,99949.65373503172
32438,99949.65373503172
32439,99949.65373503172
32440,99949.65373503172
32441,99949.65373503172
32442,99949.65373503172
32443,99949.65373503172
32444,99949.65373503172
32445,99949.65373503172
32446,99949.65373503172
32447,99949.65373503172
32448,99949.65373503172
32449,99949.65373503172
32450,99949.65373503172
32451,99949.65373503172
32452,99949.65373503172
32453,99949.65373503172
32454,99949.65373503172
32455,99949.65373503172
32456,99949.65373503172
32457,99949.65373503172
32458,99949.65373503172
32459,99949.65373503172
32460,99949.65373503172
32461,99949.65373503172
32462,99949.65373503172
32463,99949.65373503172
32464,99949.65373503172
32465,99949.65373503172
32466,99949.65373503172
32467,99949.65373503172
32468,99949.65373503172
32469,99949.65373503172
32470,99949.65373503172
32471,99949.65373503172
32472,99949.65373503172
32473,99949.65373503172
32474,99949.65373503172
32475,99949.65373503172
32476,99949.65373503172
32477,99949.65373503172
32478,99949.65373503172
32479,99949.65373503172
32480,99949.65373503172
32481,99949.65373503172
32482,99949.65373503172
32483,99949.65373503172
32484,99949.65373503172
32485,99949.65373503172
32486,99949.65373503172
32487,99949.65373503172
32488,99949.65373503172
32489,99949.65373503172
32490,99949.65373503172
32491,99949.65373503172
32492,99949.65373503172
32493,99949.65373503172
32494,99949.65373503172
32495,99949.65373503172
32496,99949.65373503172
32497,99949.65373503172
32498,99949.65373503172
32499,99949.65373503172
32500,99949.65373503172
32501,99949.65373503172
32502,99949.65373503172
32503,99949.65373503172
32504,99949.65373503172
32505,99949.65373503172
32506,99949.65373503172
32507,99949.65373503172
32508,99949.65373503172
32509,99949.65373503172
32510,99949.65373503172
32511,99949.65373503172
32512,99949.65373503172
32513,99949.65373503172
32514,99949.65373503172
32515,99949.65373503172
32516,99949.65373503172
32517,99949.65373503172
32518,99949.65373503172
32519,99949.65373503172
32520,99949.65373503172
32521,99949.65373503172
32522,99949.65373503172
32523,99949.65373503172
32524,99949.65373503172
32525,99949.65373503172
32526,99949.65373503172
32527,99949.65373503172
32528,99949.65373503172
32529,99949.65373503172
32530,99949.65373503172
32531,99949.65373503172
32532,99949.65373503172
32533,99949.65373503172
32534,99949.65373503172
32535,99949.65373503172
32536,99949.65373503172
32537,99949.65373503172
32538,99949.65373503172
32539,99949.65373503172
32540,99949.65373503172
32541,99949.65373503172
32542,99949.65373503172
32543,99949.65373503172
32544,99949.65373503172
32545,99949.65373503172
32546,99949.65373503172
32547,99949.65373503172
32548,99949.65373503172
32549,99949.65373503172
32550,99949.65373503172
32551,99949.61534011249
32552,99949.61534011249
32553,99949.61534011249
32554,99949.61534011249
32555,99948.83641996511
32556,99948.83641996511
32557,99948.83641996511
32558,99948.83641996511
32559,99948.83641996511
32560,99948.83641996511
32561,99948.83641996511
32562,99948.83641996511
32563,99948.83641996511
32564,99948.83641996511
32565,99948.83641996511
32566,99948.83641996511
32567,99948.83641996511
32568,99948.83641996511
32569,99948.83641996511
32570,99948.83641996511
32571,99948.83641996511
32572,99948.83641996511
32573,99948.83641996511
32574,99948.83641996511
32575,99948.83641996511
32576,99948.83641996511
32577,99948.83641996511
32578,99948.83641996511
32579,99948.83641996511
32580,99948.83641996511
32581,99948.83641996511
32582,99948.83641996511
32583,99948.83641996511
32584,99948.83641996511
32585,99948.83641996511
32586,99948.83641996511
32587,99948.83641996511
32588,99948.83641996511
32589,99948.83641996511
32590,99948.83641996511
32591,99948.83641996511
32592,99948.83641996511
32593,99948.83641996511
32594,99948.83641996511
32595,99948.83641996511
32596,99948.83641996511
32597,99948.83641996511
32598,99948.83641996511
32599,99948.83641996511
32600,99948.83641996511
32601,99948.83641996511
32602,99948.83641996511
32603,99948.83641996511
32604,99948.83641996511
32605,99948.83641996511
32606,99948.83641996511
32607,99948.83641996511
32608,99948.83641996511
32609,99948.83641996511
32610,99948.83641996511
32611,99948.83641996511
32612,99948.83641996511
32613,99948.83641996511
32614,99948.83641996511
32615,99948.83641996511
32616,99948.83641996511
32617,99948.83641996511
32618,99948.83641996511
32619,99948.83641996511
32620,99948.83641996511
32621,99948.83641996511
32622,99948.83641996511
32623,99948.83641996511
32624,99948.83641996511
32625,99948.83641996511
32626,99948.83641996511
32627,99948.83641996511
32628,99948.83641996511
32629,99948.83641996511
32630,99948.83641996511
32631,99948.83641996511
32632,99948.83641996511
32633,99948.83641996511
32634,99948.83641996511
32635,99948.83641996511
32636,99948.83641996511
32637,99948.83641996511
32638,99948.83641996511
32639,99948.83641996511
32640,99948.83641996511
32641,99948.83641996511
32642,99948.83641996511
32643,99948.83641996511
32644,99948.83641996511
32645,99948.83641996511
32646,99948.83641996511
32647,99948.83641996511
32648,99948.83641996511
32649,99948.83641996511
32650,99948.83641996511
32651,99948.83641996511
32652,99948.83641996511
32653,99948.83641996511
32654,99948.83641996511
32655,99948.83641996511
32656,99948.83641996511
32657,99948.83641996511
32658,99948.83641996511
32659,99948.83641996511
32660,99948.83641996511
32661,99948.83641996511
32662,99948.83641996511
32663,99948.83641996511
32664,99948.83641996511
32665,99948.83641996511
32666,99948.83641996511
32667,99948.83641996511
32668,99948.83641996511
32669,99948.83641996511
32670,99948.83641996511
32671,99948.83641996511
32672,99948.83641996511
32673,99948.83641996511
32674,99948.83641996511
32675,99948.83641996511
32676,99948.83641996511
32677,99948.83641996511
32678,99948.83641996511
32679,99948.83641996511
32680,99948.83641996511
32681,99948.83641996511
32682,99948.83641996511
32683,99948.83641996511
32684,99948.83641996511
32685,99948.83641996511
32686,99948.83641996511
32687,99948.83641996511
32688,99948.83641996511
32689,99948.83641996511
32690,99948.83641996511
32691,99948.83641996511
32692,99948.83641996511
32693,99948.83641996511
32694,99948.83641996511
32695,99948.83641996511
32696,99948.83641996511
32697,99948.83641996511
32698,99948.83641996511
32699,99948.83641996511
32700,99948.83641996511
32701,99948.83641996511
32702,99948.83641996511
32703,99948.83641996511
32704,99948.83641996511
32705,99948.83641996511
32706,99948.83641996511
32707,99948.83641996511
32708,99948.83641996511
32709,99948.83641996511
32710,99948.83641996511
32711,99948.83641996511
32712,99948.83641996511
32713,99948.83641996511
32714,99948.83641996511
32715,99948.83641996511
32716,99948.83641996511
32717,99948.83641996511
32718,99948.83641996511
32719,99948.83641996511
32720,99948.83641996511
32721,99948.83641996511
32722,99948.83641996511
32723,99948.83641996511
32724,99948.83641996511
32725,99948.83641996511
32726,99948.83641996511
32727,99948.83641996511
32728,99948.83641996511
32729,99948.83641996511
32730,99948.83641996511
32731,99948.83641996511
32732,99948.83641996511
32733,99948.83641996511
32734,99948.83641996511
32735,99948.83641996511
32736,99948.83641996511
32737,99948.83641996511
32738,99948.83641996511
32739,99948.83641996511
32740,99948.83641996511
32741,99948.83641996511
32742,99948.83641996511
32743,99948.83641996511
32744,99948.83641996511
32745,99948.83641996511
32746,99948.83641996511
32747,99948.83641996511
32748,99948.83641996511
32749,99948.83641996511
32750,99948.83641996511
32751,99948.83641996511
32752,99948.83641996511
32753,99948.83641996511
32754,99948.83641996511
32755,99948.83641996511
32756,99948.83641996511
32757,99948.83641996511
32758,99948.83641996511
32759,99948.83641996511
32760,99948.83641996511
32761,99948.83641996511
32762,99948.83641996511
32763,99948.83641996511
32764,99948.83641996511
32765,99948.83641996511
32766,99948.83641996511
32767,99948.83641996511
32768,99948.83641996511
32769,99948.83641996511
32770,99948.83641996511
32771,99948.83641996511
32772,99948.83641996511
32773,99948.83641996511
32774,99948.83641996511
32775,99948.83641996511
32776,99948.83641996511
32777,99948.83641996511
32778,99948.83641996511
32779,99948.83641996511
32780,99948.83641996511
32781,99948.83641996511
32782,99948.83641996511
32783,99948.83641996511
32784,99948.83641996511
32785,99948.83641996511
32786,99948.83641996511
32787,99948.83641996511
32788,99948.83641996511
32789,99948.83641996511
32790,99948.83641996511
32791,99948.83641996511
32792,99948.83641996511
32793,99948.83641996511
32794,99948.83641996511
32795,99948.83641996511
32796,99948.83641996511
32797,99948.83641996511
32798,99948.83641996511
32799,99948.83641996511
32800,99948.83641996511
32801,99948.83641996511
32802,99948.83641996511
32803,99948.83641996511
32804,99948.83641996511
32805,99948.83641996511
32806,99948.83641996511
32807,99948.83641996511
32808,99948.83641996511
32809,99948.83641996511
32810,99948.83641996511
32811,99948.83641996511
32812,99948.83641996511
32813,99948.83641996511
32814,99948.83641996511
32815,99948.83641996511
32816,99948.83641996511
32817,99948.83641996511
32818,99948.83641996511
32819,99948.83641996511
32820,99948.83641996511
32821,99948.83641996511
32822,99948.83641996511
32823,99948.83641996511
32824,99948.83641996511
32825,99948.83641996511
32826,99948.83641996511
32827,99948.83641996511
32828,99948.83641996511
32829,99948.83641996511
32830,99948.83641996511
32831,99948.83641996511
32832,99948.83641996511
32833,99948.83641996511
32834,99948.83641996511
32835,99948.83641996511
32836,99948.83641996511
32837,99948.83641996511
32838,99948.83641996511
32839,99948.83641996511
32840,99948.83641996511
32841,99948.83641996511
32842,99948.83641996511
32843,99948.83641996511
32844,99948.83641996511
32845,99948.83641996511
32846,99948.83641996511
32847,99948.83641996511
32848,99948.83641996511
32849,99948.83641996511
32850,99948.83641996511
32851,99948.83641996511
32852,99948.83641996511
32853,99948.83641996511
32854,99948.83641996511
32855,99948.83641996511
32856,99948.83641996511
32857,99948.83641996511
32858,99948.83641996511
32859,99948.83641996511
32860,99948.83641996511
32861,99948.83641996511
32862,99948.83641996511
32863,99948.83641996511
32864,99948.83641996511
32865,99948.83641996511
32866,99948.83641996511
32867,99948.83641996511
32868,99948.83641996511
32869,99948.83641996511
32870,99948.83641996511
32871,99948.83641996511
32872,99948.83641996511
32873,99948.83641996511
32874,99948.83641996511
32875,99948.83641996511
32876,99948.83641996511
32877,99948.83641996511
32878,99948.83641996511
32879,99948.83641996511
32880,99948.83641996511
32881,99948.83641996511
32882,99948.83641996511
32883,99948.83641996511
32884,99948.83641996511
32885,99948.83641996511
32886,99948.83641996511
32887,99948.83641996511
32888,99948.83641996511
32889,99948.83641996511
32890,99948.83641996511
32891,99948.83641996511
32892,99948.83641996511
32893,99948.83641996511
32894,99948.83641996511
32895,99948.83641996511
32896,99948.83641996511
32897,99948.83641996511
32898,99948.83641996511
32899,99948.83641996511
32900,99948.83641996511
32901,99948.83641996511
32902,99948.83641996511
32903,99948.83641996511
32904,99948.83641996511
32905,99948.83641996511
32906,99948.83641996511
32907,99948.83641996511
32908,99948.83641996511
32909,99948.83641996511
32910,99948.83641996511
32911,99948.83641996511
32912,99948.83641996511
32913,99948.83641996511
32914,99948.83641996511
32915,99948.83641996511
32916,99948.83641996511
32917,99948.83641996511
32918,99948.83641996511
32919,99948.83641996511
32920,99948.83641996511
32921,99948.83641996511
32922,99948.83641996511
32923,99948.83641996511
32924,99948.83641996511
32925,99948.83641996511
32926,99948.83641996511
32927,99948.83641996511
32928,99948.83641996511
32929,99948.83641996511
32930,99948.83641996511
32931,99948.83641996511
32932,99948.83641996511
32933,99948.83641996511
32934,99948.83641996511
32935,99948.83641996511
32936,99948.83641996511
32937,99948.83641996511
32938,99948.83641996511
32939,99948.83641996511
32940,99948.83641996511
32941,99948.83641996511
32942,99948.83641996511
32943,99948.83641996511
32944,99948.83641996511
32945,99948.83641996511
32946,99948.83641996511
32947,99948.83641996511
32948,99948.83641996511
32949,99948.83641996511
32950,99948.83641996511
32951,99948.83641996511
32952,99948.83641996511
32953,99948.83641996511
32954,99948.83641996511
32955,99948.83641996511
32956,99948.83641996511
32957,99948.83641996511
32958,99948.83641996511
32959,99948.83641996511
32960,99948.83641996511
32961,99948.83641996511
32962,99948.83641996511
32963,99948.83641996511
32964,99948.83641996511
32965,99948.83641996511
32966,99948.83641996511
32967,99948.83641996511
32968,99948.83641996511
32969,99948.83641996511
32970,99948.83641996511
32971,99948.83641996511
32972,99948.83641996511
32973,99948.83641996511
32974,99948.83641996511
32975,99948.83641996511
32976,99948.83641996511
32977,99948.83641996511
32978,99948.83641996511
32979,99948.83641996511
32980,99948.83641996511
32981,99948.83641996511
32982,99948.83641996511
32983,99948.83641996511
32984,99948.83641996511
32985,99948.83641996511
32986,99948.83641996511
32987,99948.83641996511
32988,99948.83641996511
32989,99948.83641996511
32990,99948.83641996511
32991,99948.83641996511
32992,99948.83641996511
32993,99948.83641996511
32994,99948.83641996511
32995,99948.83641996511
32996,99948.83641996511
32997,99948.83641996511
32998,99948.83641996511
32999,99948.83641996511
33000,99948.83641996511
33001,99948.83641996511
33002,99948.83641996511
33003,99948.83641996511
33004,99948.83641996511
33005,99948.83641996511
33006,99948.83641996511
33007,99948.83641996511
33008,99948.83641996511
33009,99948.83641996511
33010,99948.83641996511
33011,99948.83641996511
33012,99948.83641996511
33013,99948.83641996511
33014,99948.83641996511
33015,99948.83641996511
33016,99948.83641996511
33017,99948.83641996511
33018,99948.83641996511
33019,99948.83641996511
33020,99948.83641996511
33021,99948.83641996511
33022,99948.83641996511
33023,99948.83641996511
33024,99948.83641996511
33025,99948.83641996511
33026,99948.83641996511
33027,99948.83641996511
33028,99948.83641996511
33029,99948.83641996511
33030,99948.83641996511
33031,99948.83641996511
33032,99948.83641996511
33033,99948.83641996511
33034,99948.83641996511
33035,99948.83641996511
33036,99948.83641996511
33037,99948.83641996511
33038,99948.83641996511
33039,99948.83641996511
33040,99948.83641996511
33041,99948.83641996511
33042,99948.83641996511
33043,99948.83641996511
33044,99948.83641996511
33045,99948.83641996511
33046,99948.83641996511
33047,99948.83641996511
33048,99948.83641996511
33049,99948.83641996511
33050,99948.83641996511
33051,99948.83641996511
33052,99948.83641996511
33053,99948.83641996511
33054,99948.83641996511
33055,99948.83641996511
33056,99948.83641996511
33057,99948.83641996511
33058,99948.83641996511
33059,99948.83641996511
33060,99948.83641996511
33061,99948.83641996511
33062,99948.83641996511
33063,99948.83641996511
33064,99948.83641996511
33065,99948.83641996511
33066,99948.83641996511
33067,99948.83641996511
33068,99948.83641996511
33069,99948.83641996511
33070,99948.83641996511
33071,99948.83641996511
33072,99948.83641996511
33073,99948.83641996511
33074,99948.83641996511
33075,99948.83641996511
33076,99948.83641996511
33077,99948.83641996511
33078,99948.83641996511
33079,99948.83641996511
33080,99948.83641996511
33081,99948.83641996511
33082,99948.83641996511
33083,99948.83641996511
33084,99948.83641996511
33085,99948.83641996511
33086,99948.83641996511
33087,99948.83641996511
33088,99948.83641996511
33089,99948.83641996511
33090,99948.83641996511
33091,99948.83641996511
33092,99948.83641996511
33093,99948.83641996511
33094,99948.83641996511
33095,99948.83641996511
33096,99948.83641996511
33097,99948.83641996511
33098,99948.83641996511
33099,99948.83641996511
33100,99948.83641996511
33101,99948.83641996511
33102,99948.83641996511
33103,99948.83641996511
33104,99948.83641996511
33105,99948.83641996511
33106,99948.83641996511
33107,99948.83641996511
33108,99948.83641996511
33109,99948.83641996511
33110,99948.83641996511
33111,99948.83641996511
33112,99948.83641996511
33113,99948.83641996511
33114,99948.83641996511
33115,99948.83641996511
33116,99948.83641996511
33117,99948.83641996511
33118,99948.83641996511
33119,99948.83641996511
33120,99948.83641996511
33121,99948.83641996511
33122,99948.83641996511
33123,99948.83641996511
33124,99948.83641996511
33125,99948.83641996511
33126,99948.83641996511
33127,99948.83641996511
33128,99948.83641996511
33129,99948.83641996511
33130,99948.83641996511
33131,99948.83641996511
33132,99948.83641996511
33133,99948.83641996511
33134,99948.83641996511
33135,99948.83641996511
33136,99948.83641996511
33137,99948.83641996511
33138,99948.83641996511
33139,99948.83641996511
33140,99948.83641996511
33141,99948.83641996511
33142,99948.83641996511
33143,99948.83641996511
33144,99948.83641996511
33145,99948.83641996511
33146,99948.83641996511
33147,99948.83641996511
33148,99948.83641996511
33149,99948.83641996511
33150,99948.83641996511
33151,99948.83641996511
33152,99948.83641996511
33153,99948.83641996511
33154,99948.83641996511
33155,99948.83641996511
33156,99948.83641996511
33157,99948.83641996511
33158,99948.83641996511
33159,99948.83641996511
33160,99948.83641996511
33161,99948.83641996511
33162,99948.83641996511
33163,99948.83641996511
33164,99948.83641996511
33165,99948.83641996511
33166,99948.83641996511
33167,99948.83641996511
33168,99948.83641996511
33169,99948.83641996511
33170,99948.83641996511
33171,99948.83641996511
33172,99948.83641996511
33173,99948.83641996511
33174,99948.83641996511
33175,99948.83641996511
33176,99948.83641996511
33177,99948.83641996511
33178,99948.83641996511
33179,99948.83641996511
33180,99948.83641996511
33181,99948.83641996511
33182,99948.83641996511
33183,99948.83641996511
33184,99948.83641996511
33185,99948.83641996511
33186,99948.83641996511
33187,99948.83641996511
33188,99948.83641996511
33189,99948.83641996511
33190,99948.83641996511
33191,99948.83641996511
33192,99948.83641996511
33193,99948.83641996511
33194,99948.83641996511
33195,99948.83641996511
33196,99948.83641996511
33197,99948.83641996511
33198,99948.83641996511
33199,99948.83641996511
33200,99948.83641996511
33201,99948.83641996511
33202,99948.83641996511
33203,99948.83641996511
33204,99948.83641996511
33205,99948.83641996511
33206,99948.83641996511
33207,99948.83641996511
33208,99948.83641996511
33209,99948.83641996511
33210,99948.83641996511
33211,99948.83641996511
33212,99948.83641996511
33213,99948.83641996511
33214,99948.83641996511
33215,99948.83641996511
33216,99948.83641996511
33217,99948.83641996511
33218,99948.83641996511
33219,99948.83641996511
33220,99948.83641996511
33221,99948.83641996511
33222,99948.83641996511
33223,99948.83641996511
33224,99948.83641996511
33225,99948.83641996511
33226,99948.83641996511
33227,99948.83641996511
33228,99948.83641996511
33229,99948.83641996511
33230,99948.83641996511
33231,99948.83641996511
33232,99948.83641996511
33233,99948.83641996511
33234,99948.83641996511
33235,99948.83641996511
33236,99948.83641996511
33237,99948.83641996511
33238,99948.83641996511
33239,99948.83641996511
33240,99948.83641996511
33241,99948.83641996511
33242,99948.83641996511
33243,99948.83641996511
33244,99948.83641996511
33245,99948.83641996511
33246,99948.83641996511
33247,99948.83641996511
33248,99948.83641996511
33249,99948.83641996511
33250,99948.83641996511
33251,99948.83641996511
33252,99948.83641996511
33253,99948.83641996511
33254,99948.83641996511
33255,99948.83641996511
33256,99948.83641996511
33257,99948.83641996511
33258,99948.83641996511
33259,99948.83641996511
33260,99948.83641996511
33261,99948.83641996511
33262,99948.83641996511
33263,99948.83641996511
33264,99948.83641996511
33265,99948.83641996511
33266,99948.83641996511
33267,99948.83641996511
33268,99948.83641996511
33269,99948.83641996511
33270,99948.83641996511
33271,99948.83641996511
33272,99948.83641996511
33273,99948.83641996511
33274,99948.83641996511
33275,99948.83641996511
33276,99948.83641996511
33277,99948.83641996511
33278,99948.83641996511
33279,99948.83641996511
33280,99948.83641996511
33281,99948.83641996511
33282,99948.83641996511
33283,99948.83641996511
33284,99948.83641996511
33285,99948.83641996511
33286,99948.83641996511
33287,99948.83641996511
33288,99948.83641996511
33289,99948.83641996511
33290,99948.83641996511
33291,99948.83641996511
33292,99948.83641996511
33293,99948.83641996511
33294,99948.83641996511
33295,99948.83641996511
33296,99948.83641996511
33297,99948.83641996511
33298,99948.83641996511
33299,99948.83641996511
33300,99948.83641996511
33301,99948.83641996511
33302,99948.83641996511
33303,99948.83641996511
33304,99948.83641996511
33305,99948.83641996511
33306,99948.83641996511
33307,99948.83641996511
33308,99948.83641996511
33309,99948.83641996511
33310,99948.83641996511
33311,99948.83641996511
33312,99948.83641996511
33313,99948.83641996511
33314,99948.83641996511
33315,99948.83641996511
33316,99948.83641996511
33317,99948.83641996511
33318,99948.83641996511
33319,99948.83641996511
33320,99948.83641996511
33321,99948.83641996511
33322,99948.83641996511
33323,99948.83641996511
33324,99948.83641996511
33325,99948.83641996511
33326,99948.83641996511
33327,99948.83641996511
33328,99948.83641996511
33329,99948.83641996511
33330,99948.83641996511
33331,99948.83641996511
33332,99948.83641996511
33333,99948.83641996511
33334,99948.83641996511
33335,99948.83641996511
33336,99948.83641996511
33337,99948.83641996511
33338,99948.83641996511
33339,99948.83641996511
33340,99948.83641996511
33341,99948.83641996511
33342,99948.83641996511
33343,99948.83641996511
33344,99948.83641996511
33345,99948.83641996511
33346,99948.83641996511
33347,99948.83641996511
33348,99948.83641996511
33349,99948.83641996511
33350,99948.83641996511
33351,99948.83641996511
33352,99948.83641996511
33353,99948.83641996511
33354,99948.83641996511
33355,99948.83641996511
33356,99948.83641996511
33357,99948.83641996511
33358,99948.83641996511
33359,99948.83641996511
33360,99948.83641996511
33361,99948.83641996511
33362,99948.83641996511
33363,99948.83641996511
33364,99948.83641996511
33365,99948.83641996511
33366,99948.83641996511
33367,99948.83641996511
33368,99948.83641996511
33369,99948.83641996511
33370,99948.83641996511
33371,99948.83641996511
33372,99948.83641996511
33373,99948.83641996511
33374,99948.83641996511
33375,99948.83641996511
33376,99948.83641996511
33377,99948.83641996511
33378,99948.83641996511
33379,99948.83641996511
33380,99948.83641996511
33381,99948.83641996511
33382,99948.83641996511
33383,99948.83641996511
33384,99948.83641996511
33385,99948.83641996511
33386,99948.83641996511
33387,99948.83641996511
33388,99948.83641996511
33389,99948.83641996511
33390,99948.83641996511
33391,99948.83641996511
33392,99948.83641996511
33393,99948.83641996511
33394,99948.83641996511
33395,99948.83641996511
33396,99948.83641996511
33397,99948.83641996511
33398,99948.83641996511
33399,99948.83641996511
33400,99948.83641996511
33401,99948.83641996511
33402,99948.83641996511
33403,99948.83641996511
33404,99948.83641996511
33405,99948.83641996511
33406,99948.83641996511
33407,99948.83641996511
33408,99948.83641996511
33409,99948.83641996511
33410,99948.83641996511
33411,99948.83641996511
33412,99948.83641996511
33413,99948.83641996511
33414,99948.83641996511
33415,99948.83641996511
33416,99948.83641996511
33417,99948.83641996511
33418,99948.83641996511
33419,99948.83641996511
33420,99948.83641996511
33421,99948.83641996511
33422,99948.83641996511
33423,99948.83641996511
33424,99948.83641996511
33425,99948.83641996511
33426,99948.83641996511
33427,99948.83641996511
33428,99948.83641996511
33429,99948.83641996511
33430,99948.83641996511
33431,99948.83641996511
33432,99948.83641996511
33433,99948.83641996511
33434,99948.83641996511
33435,99948.83641996511
33436,99948.83641996511
33437,99948.83641996511
33438,99948.83641996511
33439,99948.83641996511
33440,99948.83641996511
33441,99948.83641996511
33442,99948.83641996511
33443,99948.83641996511
33444,99948.83641996511
33445,99948.83641996511
33446,99948.83641996511
33447,99948.83641996511
33448,99948.83641996511
33449,99948.83641996511
33450,99948.83641996511
33451,99948.83641996511
33452,99948.83641996511
33453,99948.83641996511
33454,99948.83641996511
33455,99948.83641996511
33456,99948.83641996511
33457,99948.83641996511
33458,99948.83641996511
33459,99948.83641996511
33460,99948.83641996511
33461,99948.83641996511
33462,99948.83641996511
33463,99948.83641996511
33464,99948.83641996511
33465,99948.83641996511
33466,99948.83641996511
33467,99948.83641996511
33468,99948.83641996511
33469,99948.83641996511
33470,99948.83641996511
33471,99948.83641996511
33472,99948.83641996511
33473,99948.83641996511
33474,99948.83641996511
33475,99948.83641996511
33476,99948.83641996511
33477,99948.83641996511
33478,99948.83641996511
33479,99948.83641996511
33480,99948.83641996511
33481,99948.83641996511
33482,99948.83641996511
33483,99948.83641996511
33484,99948.83641996511
33485,99948.83641996511
33486,99948.83641996511
33487,99948.83641996511
33488,99948.83641996511
33489,99948.83641996511
33490,99948.83641996511
33491,99948.83641996511
33492,99948.83641996511
33493,99948.83641996511
33494,99948.83641996511
33495,99948.83641996511
33496,99948.83641996511
33497,99948.83641996511
33498,99948.83641996511
33499,99948.83641996511
33500,99948.83641996511
33501,99948.83641996511
33502,99948.83641996511
33503,99948.83641996511
33504,99948.83641996511
33505,99948.83641996511
33506,99948.83641996511
33507,99948.83641996511
33508,99948.83641996511
33509,99948.83641996511
33510,99948.83641996511
33511,99948.83641996511
33512,99948.83641996511
33513,99948.83641996511
33514,99948.83641996511
33515,99948.83641996511
33516,99948.83641996511
33517,99948.83641996511
33518,99948.83641996511
33519,99948.83641996511
33520,99948.83641996511
33521,99948.83641996511
33522,99948.83641996511
33523,99948.83641996511
33524,99948.83641996511
33525,99948.83641996511
33526,99948.83641996511
33527,99948.83641996511
33528,99948.83641996511
33529,99948.83641996511
33530,99948.83641996511
33531,99948.83641996511
33532,99948.83641996511
33533,99948.83641996511
33534,99948.83641996511
33535,99948.83641996511
33536,99948.83641996511
33537,99948.83641996511
33538,99948.83641996511
33539,99948.83641996511
33540,99948.83641996511
33541,99948.83641996511
33542,99948.83641996511
33543,99948.83641996511
33544,99948.83641996511
33545,99948.83641996511
33546,99948.83641996511
33547,99948.83641996511
33548,99948.83641996511
33549,99948.83641996511
33550,99948.83641996511
33551,99948.83641996511
33552,99948.83641996511
33553,99948.83641996511
33554,99948.83641996511
33555,99948.83641996511
33556,99948.83641996511
33557,99948.83641996511
33558,99948.83641996511
33559,99948.83641996511
33560,99948.83641996511
33561,99948.83641996511
33562,99948.83641996511
33563,99948.83641996511
33564,99948.83641996511
33565,99948.83641996511
33566,99948.83641996511
33567,99948.83641996511
33568,99948.83641996511
33569,99948.83641996511
33570,99948.83641996511
33571,99948.83641996511
33572,99948.83641996511
33573,99948.83641996511
33574,99948.83641996511
33575,99948.83641996511
33576,99948.83641996511
33577,99948.83641996511
33578,99948.83641996511
33579,99948.83641996511
33580,99948.83641996511
33581,99948.83641996511
33582,99948.83641996511
33583,99948.83641996511
33584,99948.83641996511
33585,99948.83641996511
33586,99948.83641996511
33587,99948.83641996511
33588,99948.83641996511
33589,99948.83641996511
33590,99948.83641996511
33591,99948.83641996511
33592,99948.83641996511
33593,99948.83641996511
33594,99948.83641996511
33595,99948.83641996511
33596,99948.83641996511
33597,99948.83641996511
33598,99948.83641996511
33599,99948.83641996511
33600,99948.83641996511
33601,99948.83641996511
33602,99948.83641996511
33603,99948.83641996511
33604,99948.83641996511
33605,99948.83641996511
33606,99948.83641996511
33607,99948.83641996511
33608,99948.83641996511
33609,99948.83641996511
33610,99948.83641996511
33611,99948.83641996511
33612,99948.83641996511
33613,99948.83641996511
33614,99948.83641996511
33615,99948.83641996511
33616,99948.83641996511
33617,99948.83641996511
33618,99948.83641996511
33619,99948.83641996511
33620,99948.83641996511
33621,99948.83641996511
33622,99948.83641996511
33623,99948.83641996511
33624,99948.83641996511
33625,99948.83641996511
33626,99948.83641996511
33627,99948.83641996511
33628,99948.83641996511
33629,99948.83641996511
33630,99948.83641996511
33631,99948.83641996511
33632,99948.83641996511
33633,99948.83641996511
33634,99948.83641996511
33635,99948.83641996511
33636,99948.83641996511
33637,99948.83641996511
33638,99948.83641996511
33639,99948.83641996511
33640,99948.83641996511
33641,99948.83641996511
33642,99948.83641996511
33643,99948.83641996511
33644,99948.83641996511
33645,99948.83641996511
33646,99948.83641996511
33647,99948.83641996511
33648,99948.83641996511
33649,99948.83641996511
33650,99948.83641996511
33651,99948.83641996511
33652,99948.83641996511
33653,99948.83641996511
33654,99948.83641996511
33655,99948.83641996511
33656,99948.83641996511
33657,99948.83641996511
33658,99948.83641996511
33659,99948.83641996511
33660,99948.83641996511
33661,99948.83641996511
33662,99948.83641996511
33663,99948.83641996511
33664,99948.83641996511
33665,99948.83641996511
33666,99948.83641996511
33667,99948.83641996511
33668,99948.83641996511
33669,99948.83641996511
33670,99948.83641996511
33671,99948.83641996511
33672,99948.83641996511
33673,99948.83641996511
33674,99948.83641996511
33675,99948.83641996511
33676,99948.83641996511
33677,99948.83641996511
33678,99948.83641996511
33679,99948.83641996511
33680,99948.83641996511
33681,99948.83641996511
33682,99948.83641996511
33683,99948.83641996511
33684,99948.83641996511
33685,99948.83641996511
33686,99948.83641996511
33687,99948.83641996511
33688,99948.83641996511
33689,99948.83641996511
33690,99948.83641996511
33691,99948.83641996511
33692,99948.83641996511
33693,99948.83641996511
33694,99948.83641996511
33695,99948.83641996511
33696,99948.83641996511
33697,99948.83641996511
33698,99948.83641996511
33699,99948.83641996511
33700,99948.83641996511
33701,99948.83641996511
33702,99948.83641996511
33703,99948.83641996511
33704,99948.83641996511
33705,99948.83641996511
33706,99948.83641996511
33707,99948.83641996511
33708,99948.83641996511
33709,99948.83641996511
33710,99948.83641996511
33711,99948.83641996511
33712,99948.83641996511
33713,99948.83641996511
33714,99948.83641996511
33715,99948.83641996511
33716,99948.83641996511
33717,99948.83641996511
33718,99948.83641996511
33719,99948.83641996511
33720,99948.83641996511
33721,99948.83641996511
33722,99948.83641996511
33723,99948.83641996511
33724,99948.83641996511
33725,99948.83641996511
33726,99948.83641996511
33727,99948.83641996511
33728,99948.83641996511
33729,99948.83641996511
33730,99948.83641996511
33731,99948.83641996511
33732,99948.83641996511
33733,99948.83641996511
33734,99948.83641996511
33735,99948.83641996511
33736,99948.83641996511
33737,99948.83641996511
33738,99948.83641996511
33739,99948.83641996511
33740,99948.83641996511
33741,99948.83641996511
33742,99948.83641996511
33743,99948.83641996511
33744,99948.83641996511
33745,99948.83641996511
33746,99948.83641996511
33747,99948.83641996511
33748,99948.83641996511
33749,99948.83641996511
33750,99948.83641996511
33751,99948.83641996511
33752,99948.83641996511
33753,99948.83641996511
33754,99948.83641996511
33755,99948.83641996511
33756,99948.83641996511
33757,99948.83641996511
33758,99948.83641996511
33759,99948.83641996511
33760,99948.83641996511
33761,99948.83641996511
33762,99948.83641996511
33763,99948.83641996511
33764,99948.83641996511
33765,99948.83641996511
33766,99948.83641996511
33767,99948.83641996511
33768,99948.83641996511
33769,99948.83641996511
33770,99948.83641996511
33771,99948.83641996511
33772,99948.83641996511
33773,99948.83641996511
33774,99948.83641996511
33775,99948.83641996511
33776,99948.83641996511
33777,99948.83641996511
33778,99948.83641996511
33779,99948.83641996511
33780,99948.83641996511
33781,99948.83641996511
33782,99948.83641996511
33783,99948.83641996511
33784,99948.83641996511
33785,99948.83641996511
33786,99948.83641996511
33787,99948.83641996511
33788,99948.83641996511
33789,99948.83641996511
33790,99948.83641996511
33791,99948.83641996511
33792,99948.83641996511
33793,99948.83641996511
33794,99948.83641996511
33795,99948.83641996511
33796,99948.83641996511
33797,99948.83641996511
33798,99948.83641996511
33799,99948.83641996511
33800,99948.83641996511
33801,99948.83641996511
33802,99948.83641996511
33803,99948.83641996511
33804,99948.83641996511
33805,99948.83641996511
33806,99948.83641996511
33807,99948.83641996511
33808,99948.83641996511
33809,99948.83641996511
33810,99948.83641996511
33811,99948.83641996511
33812,99948.83641996511
33813,99948.83641996511
33814,99948.83641996511
33815,99948.83641996511
33816,99948.83641996511
33817,99948.83641996511
33818,99948.83641996511
33819,99948.83641996511
33820,99948.83641996511
33821,99948.83641996511
33822,99948.83641996511
33823,99948.83641996511
33824,99948.83641996511
33825,99948.83641996511
33826,99948.83641996511
33827,99948.83641996511
33828,99948.83641996511
33829,99948.83641996511
33830,99948.83641996511
33831,99948.83641996511
33832,99948.83641996511
33833,99948.83641996511
33834,99948.83641996511
33835,99948.83641996511
33836,99948.83641996511
33837,99948.83641996511
33838,99948.83641996511
33839,99948.83641996511
33840,99948.83641996511
33841,99948.83641996511
33842,99948.83641996511
33843,99948.83641996511
33844,99948.83641996511
33845,99948.83641996511
33846,99948.83641996511
33847,99948.83641996511
33848,99948.83641996511
33849,99948.83641996511
33850,99948.83641996511
33851,99948.83641996511
33852,99948.83641996511
33853,99948.83641996511
33854,99948.83641996511
33855,99948.83641996511
33856,99948.83641996511
33857,99948.83641996511
33858,99948.83641996511
33859,99948.83641996511
33860,99948.83641996511
33861,99948.83641996511
33862,99948.83641996511
33863,99948.83641996511
33864,99948.83641996511
33865,99948.83641996511
33866,99948.83641996511
33867,99948.83641996511
33868,99948.83641996511
33869,99948.83641996511
33870,99948.83641996511
33871,99948.83641996511
33872,99948.83641996511
33873,99948.83641996511
33874,99948.83641996511
33875,99948.83641996511
33876,99948.83641996511
33877,99948.83641996511
33878,99948.83641996511
33879,99948.83641996511
33880,99948.83641996511
33881,99948.83641996511
33882,99948.83641996511
33883,99948.83641996511
33884,99948.83641996511
33885,99948.83641996511
33886,99948.83641996511
33887,99948.83641996511
33888,99948.83641996511
33889,99948.83641996511
33890,99948.83641996511
33891,99948.83641996511
33892,99948.83641996511
33893,99948.83641996511
33894,99948.83641996511
33895,99948.83641996511
33896,99948.83641996511
33897,99948.83641996511
33898,99948.83641996511
33899,99948.83641996511
33900,99948.83641996511
33901,99948.83641996511
33902,99948.83641996511
33903,99948.83641996511
33904,99948.83641996511
33905,99948.83641996511
33906,99948.83641996511
33907,99948.83641996511
33908,99948.83641996511
33909,99948.83641996511
33910,99948.83641996511
33911,99948.83641996511
33912,99948.83641996511
33913,99948.83641996511
33914,99948.83641996511
33915,99948.83641996511
33916,99948.83641996511
33917,99948.83641996511
33918,99948.83641996511
33919,99948.83641996511
33920,99948.83641996511
33921,99948.83641996511
33922,99948.83641996511
33923,99948.83641996511
33924,99948.83641996511
33925,99948.83641996511
